model_index,root_id,cell_type,super_class,side,hz_ORN_DM4+ORN_DM2,hz_ORN_DA2,hz_outside,hz_final_200ms,driven,is_readout
17837,720575940613583001,APL,central,right,424.3,434.3,326.2,436.4,False,False
66912,720575940624547622,APL,central,left,424.3,434.3,326.9,436.4,False,False
114034,720575940633938349,lLN1_bc,central,left,410.0,415.7,313.1,418.2,False,False
83829,720575940627690246,lLN2X03,central,left,410.0,417.1,311.9,418.2,False,False
48395,720575940621298270,lLN1_bc,central,left,410.0,415.7,313.1,418.2,False,False
119222,720575940635945919,v2LN30,central,left,410.0,417.1,312.5,418.2,False,False
22143,720575940614956072,v2LN30,central,right,410.0,417.1,311.9,413.6,False,False
103250,720575940631287912,lLN1_bc,central,left,410.0,417.1,311.9,418.2,False,False
97351,720575940630183286,lLN1_bc,central,left,410.0,417.1,311.9,413.6,False,False
99307,720575940630571052,lLN1_bc,central,left,410.0,417.1,311.9,413.6,False,False
31260,720575940617537570,lLN1_bc,central,left,410.0,417.1,311.9,413.6,False,False
2712,720575940606056905,lLN1_bc,central,left,410.0,415.7,313.1,418.2,False,False
35633,720575940618561403,lLN1_bc,central,left,410.0,417.1,311.9,418.2,False,False
61846,720575940623636701,il3LN6,central,right,410.0,415.7,310.6,413.6,False,False
101393,720575940630945335,lLN1_bc,central,left,410.0,415.7,313.1,418.2,False,False
57679,720575940622920074,lLN1_bc,central,left,410.0,417.1,311.9,413.6,False,False
129541,720575940640541091,lLN1_bc,central,right,408.6,417.1,312.5,418.2,False,False
130065,720575940640830453,lLN2X03,central,left,408.6,415.7,311.9,413.6,False,False
46609,720575940620975696,DPM,central,left,408.6,422.9,317.5,422.7,False,False
36451,720575940618757666,lLN2T_c,central,left,408.6,414.3,310.0,413.6,False,False
114279,720575940634034839,lLN1_bc,central,left,408.6,417.1,312.5,418.2,False,False
133439,720575940644704160,lLN2X03,central,left,408.6,415.7,311.9,413.6,False,False
107359,720575940632197930,lLN1_bc,central,left,408.6,417.1,312.5,418.2,False,False
130900,720575940641593051,lLN1_bc,central,left,408.6,415.7,311.2,413.6,False,False
112585,720575940633483807,lLN2T_e,central,left,407.1,412.9,310.6,413.6,False,False
72175,720575940625585508,lLN1_bc,central,right,407.1,408.6,310.0,413.6,False,False
58146,720575940623000858,lLN2F_b,central,left,405.7,412.9,308.8,413.6,False,False
17854,720575940613590501,lLN2T_c,central,left,405.7,411.4,308.8,413.6,False,False
110077,720575940632795532,lLN2F_b,central,left,405.7,411.4,308.1,413.6,False,False
108296,720575940632403986,il3LN6,central,left,404.3,410.0,306.9,409.1,False,False
13819,720575940612347571,lLN1_bc,central,right,404.3,408.6,308.8,413.6,False,False
130912,720575940641606541,lLN1_bc,central,left,402.9,410.0,306.9,409.1,False,False
8653,720575940610161091,lLN1_bc,central,right,401.4,407.1,306.2,413.6,False,False
122936,720575940637623780,lLN2X03,central,right,401.4,407.1,304.4,409.1,False,False
108376,720575940632416298,lLN2T_e,central,left,401.4,408.6,305.6,409.1,False,False
7178,720575940609282825,lLN2F_b,central,right,400.0,408.6,303.8,409.1,False,False
49007,720575940621398254,lLN2X04,central,left,400.0,405.7,304.4,404.5,False,False
73972,720575940625934094,DPM,central,right,400.0,417.1,311.9,418.2,False,False
3734,720575940606722249,lLN2X03,central,right,398.6,405.7,303.1,409.1,False,False
121828,720575940637136752,lLN2X04,central,right,398.6,407.1,304.4,409.1,False,False
28342,720575940616758322,lLN2X04,central,right,398.6,405.7,303.8,404.5,False,False
124101,720575940638128474,lLN2F_a,central,left,395.7,402.9,303.8,404.5,False,False
95301,720575940629792732,lLN1_bc,central,right,395.7,400.0,301.9,404.5,False,False
62586,720575940623788040,lLN2F_a,central,left,395.7,402.9,303.8,404.5,False,False
103912,720575940631423116,lLN1_a,central,left,395.7,404.3,301.9,400.0,False,False
115447,720575940634545890,lLN2F_b,central,right,394.3,401.4,300.0,400.0,False,False
33669,720575940618112310,lLN1_bc,central,right,394.3,400.0,301.9,404.5,False,False
85227,720575940627927573,lLN2X04,central,left,394.3,400.0,300.0,400.0,False,False
49858,720575940621551854,lLN2T_e,central,right,392.9,401.4,300.0,400.0,False,False
138330,720575940660217729,lLN1_bc,central,right,392.9,400.0,300.0,400.0,False,False
49792,720575940621542747,lLN1_a,central,right,392.9,400.0,300.0,400.0,False,False
104783,720575940631603281,lLN1_bc,central,right,392.9,400.0,300.0,400.0,False,False
18553,720575940613804259,lLN2T_c,central,right,392.9,400.0,300.0,400.0,False,False
106005,720575940631899223,lLN2X05,central,left,392.9,400.0,300.0,400.0,False,False
24727,720575940615708482,lLN1_bc,central,right,392.9,400.0,300.0,400.0,False,False
136403,720575940648633988,lLN1_bc,central,right,392.9,400.0,300.0,400.0,False,False
62615,720575940623792648,lLN1_bc,central,right,392.9,400.0,300.0,400.0,False,False
11935,720575940611671506,lLN2X05,central,left,392.9,400.0,300.0,400.0,False,False
28924,720575940616908177,lLN1_bc,central,right,392.9,400.0,300.0,400.0,False,False
37655,720575940619059102,lLN2X03,central,right,392.9,400.0,300.0,400.0,False,False
104703,720575940631586858,lLN1_a,central,left,392.9,400.0,300.0,400.0,False,False
59001,720575940623137997,lLN1_bc,central,right,392.9,400.0,300.0,400.0,False,False
59065,720575940623146701,lLN2T_e,central,right,392.9,400.0,300.0,400.0,False,False
30341,720575940617299131,lLN2X05,central,right,392.9,400.0,300.0,400.0,False,False
75998,720575940626342174,lLN1_bc,central,right,392.9,400.0,300.0,400.0,False,False
138329,720575940660217473,lLN2X11,central,left,391.4,400.0,299.4,400.0,False,False
54512,720575940622338742,lLN1_bc,central,right,391.4,400.0,300.0,400.0,False,False
105241,720575940631704716,lLN1_bc,central,right,391.4,400.0,300.0,400.0,False,False
2179,720575940605758142,lLN2F_a,central,right,391.4,400.0,299.4,395.5,False,False
135282,720575940646576436,lLN2T_c,central,right,391.4,398.6,300.0,400.0,False,False
130032,720575940640803200,lLN2F_a,central,right,390.0,400.0,301.2,400.0,False,False
56643,720575940622726271,DP1m_adPN,central,right,388.6,397.1,298.1,395.5,False,False
14158,720575940612461461,lLN2P_c,central,left,388.6,395.7,295.6,395.5,False,False
34586,720575940618308825,DP1m_adPN,central,left,387.1,394.3,295.6,395.5,False,False
29999,720575940617205179,lLN2P_c,central,left,387.1,394.3,295.6,390.9,False,False
59405,720575940623201833,MBON11,central,left,385.7,398.6,298.8,400.0,False,False
98925,720575940630496374,MBON05,central,right,384.3,398.6,298.8,400.0,False,False
32109,720575940617749538,MBON11,central,right,384.3,398.6,300.0,400.0,False,False
66386,720575940624435128,lLN2X11,central,right,382.9,391.4,291.9,390.9,False,False
136417,720575940648650884,DP1l_adPN,central,left,382.9,390.0,293.8,386.4,False,False
87673,720575940628343634,lLN2P_c,central,left,381.4,387.1,291.2,386.4,False,False
123856,720575940638028607,MBON06,central,right,381.4,394.3,296.2,395.5,False,False
9632,720575940610669614,lLN2P_b,central,left,381.4,388.6,291.2,386.4,False,False
41056,720575940619931119,lLN2X11,central,left,380.0,385.7,290.0,381.8,False,False
15637,720575940612907121,lLN2X12,central,left,380.0,387.1,290.0,386.4,False,False
52763,720575940622054497,lLN2P_a,central,left,380.0,382.9,287.5,381.8,False,False
14732,720575940612637554,lLN2X12,central,right,378.6,385.7,288.8,386.4,False,False
26465,720575940616197819,lLN2X05,central,right,378.6,387.1,290.0,386.4,False,False
44132,720575940620565313,lLN2X12,central,left,378.6,384.3,289.4,386.4,False,False
66474,720575940624450342,lLN2P_b,central,left,378.6,382.9,287.5,381.8,False,False
121664,720575940637056887,DC1_adPN,central,left,377.1,385.7,288.1,386.4,False,False
86010,720575940628059978,lLN2X11,central,right,377.1,384.3,288.8,386.4,False,False
58984,720575940623136717,lLN2X12,central,left,377.1,385.7,288.1,386.4,False,False
68332,720575940624832743,lLN2X12,central,right,377.1,384.3,288.8,386.4,False,False
20363,720575940614429165,lLN2P_b,central,left,377.1,384.3,288.1,381.8,False,False
50059,720575940621585279,lLN2X12,central,right,377.1,384.3,288.8,386.4,False,False
119328,720575940635983770,DP1l_adPN,central,right,377.1,385.7,288.8,386.4,False,False
104851,720575940631619921,lLN2X12,central,left,377.1,385.7,288.1,386.4,False,False
130270,720575940640955637,lLN2P_c,central,right,377.1,382.9,288.1,386.4,False,False
90920,720575940628914436,lLN2X12,central,left,377.1,385.7,288.1,386.4,False,False
5882,720575940608345778,lLN2P_b,central,right,375.7,384.3,286.9,381.8,False,False
133078,720575940644362788,lLN2P_a,central,left,375.7,384.3,288.1,381.8,False,False
77396,720575940626624275,lLN2P_c,central,left,375.7,382.9,287.5,381.8,False,False
40881,720575940619895125,VP2_adPN,central,left,375.7,382.9,287.5,386.4,False,False
108777,720575940632505359,lLN2P_a,central,right,375.7,384.3,287.5,381.8,False,False
11164,720575940611379569,lLN2T_b,central,left,375.7,382.9,287.5,381.8,False,False
123067,720575940637666446,lLN2P_b,central,left,375.7,381.4,286.2,381.8,False,False
117378,720575940635249332,lLN2P_c,central,right,374.3,381.4,285.6,381.8,False,False
138331,720575940660217985,lLN2P_b,central,right,374.3,381.4,285.6,381.8,False,False
74954,720575940626115134,lLN2P_b,central,right,374.3,380.0,284.4,381.8,False,False
5794,720575940608293129,VP2_adPN,central,right,372.9,380.0,286.2,381.8,False,False
61929,720575940623650823,lLN2P_b,central,right,372.9,381.4,285.6,381.8,False,False
22104,720575940614944977,lLN2P_b,central,left,372.9,378.6,284.4,381.8,False,False
27456,720575940616486230,lLN2P_c,central,right,371.4,378.6,283.1,381.8,False,False
88453,720575940628467611,VL2p_adPN,central,left,371.4,378.6,283.1,377.3,False,False
119879,720575940636241550,lLN2P_a,central,left,371.4,377.1,282.5,377.3,False,False
63526,720575940623955637,lLN2P_b,central,right,371.4,377.1,283.8,377.3,False,False
95630,720575940629856515,MBON09,central,left,370.0,382.9,286.9,381.8,False,False
64139,720575940624057853,VM6_adPN,central,left,370.0,377.1,283.1,377.3,False,False
14213,720575940612475598,lLN2P_a,central,left,368.6,377.1,282.5,377.3,False,False
93462,720575940629422086,MBON09,central,left,368.6,381.4,286.2,381.8,False,False
19409,720575940614137809,LHPV12a1,central,right,368.6,374.3,280.0,372.7,False,False
65784,720575940624330281,lLN2P_a,central,right,368.6,377.1,282.5,377.3,False,False
47684,720575940621164720,MBON05,central,left,367.1,382.9,288.1,381.8,False,False
83390,720575940627605779,lLN2P_b,central,left,367.1,372.9,281.2,372.7,False,False
24094,720575940615513086,lLN2P_c,central,right,367.1,372.9,281.2,372.7,False,False
49729,720575940621529435,DC1_adPN,central,right,367.1,375.7,282.5,377.3,False,False
74222,720575940625977802,lLN2P_a,central,right,365.7,372.9,278.8,372.7,False,False
36863,720575940618865112,VL2p_adPN,central,right,365.7,372.9,279.4,372.7,False,False
102272,720575940631105580,lLN2P_a,central,left,365.7,372.9,280.0,372.7,False,False
98466,720575940630407388,lLN2T_b,central,right,364.3,370.0,276.2,368.2,False,False
3803,720575940606751922,lLN2X12,central,left,362.9,370.0,276.9,372.7,False,False
109611,720575940632698797,VM6_adPN,central,right,362.9,370.0,278.8,372.7,False,False
34894,720575940618385620,lLN2T_d,central,left,362.9,367.1,275.6,368.2,False,False
116461,720575940634949311,lLN2P_c,central,right,362.9,371.4,278.8,372.7,False,False
106376,720575940631975884,lLN2X12,central,left,362.9,370.0,277.5,368.2,False,False
31449,720575940617586757,lLN2X12,central,left,362.9,370.0,278.1,368.2,False,False
104262,720575940631497078,lLN2P_a,central,left,362.9,368.6,276.9,368.2,False,False
75069,720575940626143806,V_ilPN,central,right,361.4,370.0,276.2,368.2,False,False
46961,720575940621040737,PPL101,central,left,361.4,375.7,280.6,372.7,False,False
26371,720575940616169578,lLN2T_b,central,left,361.4,368.6,276.2,368.2,False,False
117910,720575940635468991,LHPV12a1,central,left,360.0,367.1,274.4,368.2,False,False
76188,720575940626378242,lLN2P_a,central,right,358.6,362.9,272.5,363.6,False,False
49574,720575940621500865,lLN2P_a,central,right,358.6,365.7,273.8,363.6,False,False
114898,720575940634303132,lLN2P_a,central,right,358.6,367.1,275.0,363.6,False,False
31895,720575940617691170,PPL101,central,right,357.1,370.0,278.8,372.7,False,False
138204,720575940659611777,VP1d+VP4_l2PN2,central,left,357.1,364.3,273.1,363.6,False,False
121250,720575940636873791,VA6_adPN,central,left,357.1,364.3,273.1,363.6,False,False
38955,720575940619411147,VP1m_l2PN,central,left,357.1,364.3,273.1,368.2,False,False
70557,720575940625251401,lLN2T_d,central,left,357.1,358.6,270.0,359.1,False,False
122856,720575940637594334,VA6_adPN,central,right,355.7,361.4,272.5,363.6,False,False
2419,720575940605883569,lLN2P_b,central,right,352.9,360.0,270.0,359.1,False,False
13593,720575940612284569,VP1d+VP4_l2PN1,central,left,352.9,360.0,268.8,359.1,False,False
111976,720575940633294796,lLN2T_b,central,right,352.9,360.0,268.8,359.1,False,False
12826,720575940612003441,LHPD5c1,central,left,351.4,355.7,266.2,354.5,False,False
30354,720575940617302365,MBON07,central,left,351.4,361.4,271.9,359.1,False,False
5541,720575940608124338,M_vPNml50,central,left,351.4,355.7,267.5,359.1,False,False
97568,720575940630225403,lLN2X12,central,right,351.4,360.0,268.8,359.1,False,False
56180,720575940622650879,lLN2X12,central,right,350.0,357.1,268.1,359.1,False,False
202,720575940603464672,VL2a_adPN,central,right,348.6,354.3,266.2,359.1,False,False
104922,720575940631630021,M_vPNml50,central,left,348.6,352.9,264.4,354.5,False,False
137162,720575940652390134,MBON07,central,left,347.1,358.6,268.8,359.1,False,False
72168,720575940625584484,lLN2X10,central,right,347.1,354.3,266.9,359.1,False,False
34534,720575940618295454,VL2a_adPN,central,left,347.1,352.9,265.0,354.5,False,False
106035,720575940631907159,lLN2T_d,central,right,347.1,352.9,265.0,354.5,False,False
100958,720575940630864847,MBON09,central,right,347.1,361.4,270.0,359.1,False,False
85796,720575940628023685,ALBN1,central,left,347.1,351.4,263.1,354.5,False,False
99180,720575940630546540,V_ilPN,central,left,347.1,355.7,266.9,354.5,False,False
31316,720575940617552340,MBON02,central,right,347.1,358.6,269.4,354.5,False,False
61301,720575940623528925,DM4_adPN,central,left,345.7,324.3,243.1,322.7,False,False
132484,720575940643696288,MBON14,central,left,345.7,355.7,267.5,354.5,False,False
10231,720575940610964946,MBON09,central,right,344.3,358.6,268.8,359.1,False,False
12678,720575940611944914,lLN2P_a,central,left,344.3,350.0,262.5,350.0,False,False
27377,720575940616463477,MBON22,central,left,342.9,355.7,265.6,350.0,False,False
108921,720575940632535756,MBON14,central,left,342.9,354.3,265.0,354.5,False,False
84130,720575940627737365,lLN2X10,central,left,342.9,350.0,262.5,350.0,False,False
68599,720575940624879911,VP1d+VP4_l2PN1,central,right,341.4,348.6,261.2,345.5,False,False
63035,720575940623875819,M_adPNm3,central,left,341.4,351.4,261.9,345.5,False,False
9366,720575940610530606,LHAV3f1,central,right,341.4,351.4,263.8,350.0,False,False
5737,720575940608252082,LHCENT1,central,left,341.4,345.7,258.1,345.5,False,False
16659,720575940613203119,VP3+VP1l_ivPN,central,right,341.4,348.6,260.6,345.5,False,False
100454,720575940630770042,DM1_lPN,central,left,341.4,348.6,260.0,345.5,False,False
110266,720575940632835688,lLN2T_d,central,right,340.0,344.3,257.5,345.5,False,False
46954,720575940621039952,LHPD5c1,central,right,340.0,341.4,257.5,345.5,False,False
64506,720575940624117245,MBON01,central,right,338.6,351.4,263.1,354.5,False,False
127676,720575940639697827,MBON14,central,right,338.6,350.0,264.4,354.5,False,False
120041,720575940636316023,LHAV3f1,central,left,338.6,348.6,259.4,345.5,False,False
128444,720575940640031360,LHCENT1,central,right,338.6,341.4,258.8,340.9,False,False
11094,720575940611352014,VP3+VP1l_ivPN,central,left,338.6,345.7,259.4,345.5,False,False
5727,720575940608241365,lLN2X10,central,left,337.1,342.9,257.5,345.5,False,False
30002,720575940617207185,DL5_adPN,central,left,337.1,342.9,258.8,345.5,False,False
19102,720575940614026193,MBON14,central,right,337.1,348.6,261.2,350.0,False,False
86813,720575940628200506,M_l2PNl21,central,left,337.1,340.0,256.2,340.9,False,False
37182,720575940618943389,PPL106,central,right,335.7,348.6,260.6,345.5,False,False
88385,720575940628455942,CRE011,central,right,334.3,345.7,255.6,340.9,False,False
129322,720575940640415859,lLN2X07,central,right,334.3,340.0,256.2,340.9,False,False
90156,720575940628783363,MBON07,central,right,334.3,345.7,260.0,345.5,False,False
60420,720575940623381956,MBON07,central,right,332.9,345.7,260.6,345.5,False,False
111666,720575940633212441,lLN2X07,central,left,332.9,340.0,254.4,336.4,False,False
138553,720575940661114753,M_imPNl92,central,right,328.6,335.7,251.9,336.4,False,False
24341,720575940615594658,M_l2PNl23,central,left,327.1,335.7,250.6,336.4,False,False
37714,720575940619071005,DM1_lPN,central,right,324.3,332.9,250.0,336.4,False,False
120390,720575940636489140,LHCENT3,central,left,324.3,332.9,248.1,331.8,False,False
603,720575940604352172,DA4m_adPN,central,right,322.9,328.6,248.1,327.3,False,False
126309,720575940639080765,DL5_adPN,central,right,322.9,328.6,247.5,331.8,False,False
19724,720575940614238114,M_imPNl92,central,left,321.4,327.1,244.4,322.7,False,False
116768,720575940635066975,VP1m_l2PN,central,right,321.4,327.1,246.2,331.8,False,False
77711,720575940626675837,VP1d+VP4_l2PN2,central,right,321.4,327.1,244.4,327.3,False,False
122692,720575940637526190,VC1_lPN,central,left,320.0,325.7,245.0,327.3,False,False
100252,720575940630736123,LHAV3k1,central,left,320.0,327.1,245.0,327.3,False,False
105143,720575940631683927,M_l2PNl20,central,right,320.0,325.7,243.8,322.7,False,False
87747,720575940628352850,DNb05,descending,left,318.6,325.7,244.4,322.7,False,True
37755,720575940619078091,lLN2X10,central,right,318.6,325.7,245.0,327.3,False,False
6994,720575940609180611,PPL106,central,left,314.3,325.7,245.0,327.3,False,False
66879,720575940624539284,MBON18,central,left,314.3,327.1,245.0,327.3,False,False
106148,720575940631930828,DA4m_adPN,central,left,314.3,321.4,240.6,318.2,False,False
130898,720575940641592795,lLN2X06,central,left,314.3,321.4,241.2,322.7,False,False
137062,720575940651758838,lLN2X07,central,right,312.9,321.4,240.0,322.7,False,False
64910,720575940624185095,MBON02,central,left,312.9,322.9,241.9,322.7,False,False
86007,720575940628059722,M_l2PN3t18,central,left,312.9,318.6,240.0,318.2,False,False
44320,720575940620595053,VL1_ilPN,central,left,311.4,317.1,238.1,318.2,False,False
23582,720575940615366055,DM4_adPN,central,right,311.4,278.6,207.5,277.3,False,False
111548,720575940633190847,VC1_lPN,central,right,310.0,315.7,237.5,318.2,False,False
116755,720575940635063135,MBON22,central,right,310.0,321.4,240.6,318.2,False,False
22870,720575940615160386,VL1_ilPN,central,right,310.0,315.7,236.2,313.6,False,False
3627,720575940606664894,CRE042,central,right,308.6,318.6,240.6,318.2,False,False
10480,720575940611079236,VA2_adPN,central,left,308.6,312.9,235.6,313.6,False,False
66466,720575940624449318,SIP087,central,left,305.7,314.3,235.0,318.2,False,False
26037,720575940616079035,DL1_adPN,central,left,305.7,312.9,233.1,309.1,False,False
20013,720575940614326162,M_adPNm3,central,right,305.7,311.4,232.5,313.6,False,False
105626,720575940631801671,M_l2PNl23,central,right,304.3,312.9,232.5,309.1,False,False
3826,720575940606762686,M_l2PNl20,central,left,304.3,307.1,230.6,309.1,False,False
89673,720575940628695043,CRE011,central,left,304.3,312.9,230.6,309.1,False,False
61850,720575940623636957,LHCENT9,central,right,302.9,308.6,230.6,304.5,False,False
107234,720575940632167085,DL1_adPN,central,right,301.4,308.6,230.0,309.1,False,False
50704,720575940621684358,SIP087,central,right,301.4,310.0,230.6,304.5,False,False
55179,720575940622457443,lLN2X06,central,right,301.4,308.6,231.2,304.5,False,False
47702,720575940621167681,LHAD1f2,central,left,300.0,307.1,230.0,304.5,False,False
31319,720575940617552541,M_l2PN3t18,central,left,298.6,304.3,227.5,304.5,False,False
123655,720575940637934308,MBON30,central,right,298.6,311.4,233.1,309.1,False,False
60448,720575940623387786,SMP177,central,left,295.7,302.9,228.1,304.5,False,False
123727,720575940637966682,LHAV3k1,central,right,295.7,297.1,220.6,290.9,False,False
58118,720575940622997453,MBON18,central,right,295.7,308.6,230.6,309.1,False,False
115866,720575940634707863,LHCENT2,central,left,294.3,300.0,223.1,300.0,False,False
8898,720575940610292430,M_l2PN3t18,central,right,292.9,300.0,225.0,300.0,False,False
120619,720575940636576948,OA-VUMa2,central,center,292.9,297.1,223.7,300.0,False,False
47567,720575940621142081,CB2691,central,right,292.9,298.6,224.4,300.0,False,False
128090,720575940639878589,CB3417,central,left,292.9,298.6,223.7,300.0,False,False
93663,720575940629461442,DNb05,descending,right,291.4,297.1,223.7,295.5,False,False
121757,720575940637098352,LHCENT3,central,right,291.4,295.7,221.2,295.5,False,False
29365,720575940617021234,CB3417,central,left,291.4,298.6,223.1,300.0,False,False
125235,720575940638633535,DM2_lPN,central,left,290.0,264.3,199.4,268.2,False,False
8333,720575940609959637,MBON32,central,left,290.0,301.4,225.0,304.5,False,False
105835,720575940631858373,CB3417,central,right,288.6,295.7,220.6,295.5,False,False
79907,720575940627042064,DL1_adPN,central,right,288.6,294.3,221.2,295.5,False,False
60798,720575940623444715,VM1_lPN,central,left,288.6,292.9,220.6,290.9,False,False
424,720575940603985952,D_adPN,central,left,288.6,294.3,220.0,295.5,False,False
110217,720575940632826925,LHAV4a2,central,left,288.6,295.7,221.9,300.0,False,False
54183,720575940622284947,CB0687,central,left,288.6,297.1,222.5,295.5,False,False
114160,720575940633988633,CB2691,central,left,285.7,292.9,218.1,290.9,False,False
102657,720575940631177803,MBON24,central,left,285.7,297.1,222.5,295.5,False,False
89900,720575940628739560,VC2_lPN,central,left,284.3,292.9,218.1,286.4,False,False
83344,720575940627594568,PPL103,central,left,284.3,297.1,221.2,290.9,False,False
113509,720575940633772452,lLN2X06,central,right,284.3,290.0,217.5,286.4,False,False
38419,720575940619253809,LHAV2m1,central,left,284.3,291.4,217.5,290.9,False,False
113622,720575940633804212,D_adPN,central,left,284.3,290.0,216.9,290.9,False,False
37974,720575940619134789,SMP177,central,right,282.9,291.4,216.2,290.9,False,False
58009,720575940622977577,LHAV2m1,central,right,282.9,288.6,218.1,290.9,False,False
62192,720575940623707575,M_l2PN3t18,central,right,282.9,290.0,216.9,290.9,False,False
96808,720575940630075703,MBON12,central,left,282.9,297.1,221.2,290.9,False,False
47498,720575940621129607,LHCENT9,central,left,281.4,287.1,216.2,286.4,False,False
89212,720575940628609579,LHAV2d1,central,left,281.4,284.3,215.0,286.4,False,False
57525,720575940622894616,LHAV1a1,central,left,281.4,287.1,215.0,281.8,False,False
12623,720575940611930481,LHPV8a1,central,right,281.4,285.7,214.4,286.4,False,False
80694,720575940627160322,DC2_adPN,central,left,281.4,287.1,215.6,286.4,False,False
58856,720575940623117448,LHAV4a2,central,left,281.4,287.1,215.6,290.9,False,False
67547,720575940624680172,LHAV4a2,central,right,281.4,287.1,215.6,290.9,False,False
96558,720575940630024566,DM2_lPN,central,left,281.4,251.4,190.0,250.0,False,False
54717,720575940622368792,DL1_adPN,central,left,280.0,285.7,213.1,281.8,False,False
130303,720575940640986075,lLN2X09,central,right,280.0,284.3,214.4,286.4,False,False
120483,720575940636526308,LHAV2m1,central,left,280.0,287.1,214.4,286.4,False,False
35864,720575940618615360,M_l2PNl21,central,right,278.6,282.9,212.5,281.8,False,False
5663,720575940608199748,VC5_lvPN,central,left,278.6,284.3,213.1,281.8,False,False
116022,720575940634773951,AL-AST1,central,left,277.1,284.3,213.1,286.4,False,False
106201,720575940631942341,OA-VUMa2,central,center,277.1,284.3,215.0,286.4,False,False
73183,720575940625784153,VA7l_adPN,central,left,275.7,282.9,211.9,281.8,False,False
3472,720575940606590338,VM1_lPN,central,right,275.7,282.9,213.1,281.8,False,False
132094,720575940643100301,LAL112,central,right,275.7,284.3,210.6,281.8,False,False
129228,720575940640372021,M_vPNml50,central,right,274.3,272.9,206.2,277.3,False,False
23376,720575940615303391,lLN2X09,central,left,274.3,278.6,209.4,277.3,False,False
113066,720575940633626337,LHCENT2,central,right,274.3,278.6,209.4,272.7,False,False
34449,720575940618277184,VA7l_adPN,central,right,274.3,281.4,211.2,281.8,False,False
93320,720575940629393207,LAL112,central,left,274.3,284.3,208.1,281.8,False,False
102577,720575940631161570,DL2v_adPN,central,right,272.9,278.6,209.4,281.8,False,False
31782,720575940617668747,VA4_lPN,central,left,272.9,277.1,208.1,277.3,False,False
110871,720575940632998028,CB0687,central,right,272.9,285.7,213.1,281.8,False,False
93222,720575940629377132,LAL112,central,left,272.9,281.4,206.2,281.8,False,False
135677,720575940647147908,PPL105,central,left,271.4,281.4,211.9,281.8,False,False
66764,720575940624515571,VC5_lvPN,central,left,271.4,277.1,208.8,277.3,False,False
105,720575940602977248,LHAV2m1,central,right,271.4,278.6,208.8,277.3,False,False
101617,720575940630983954,VL1_vPN,central,right,271.4,278.6,208.8,281.8,False,False
84748,720575940627844734,D_adPN,central,left,268.6,274.3,206.9,272.7,False,False
81492,720575940627281594,VES079,central,left,268.6,275.7,207.5,277.3,False,False
32529,720575940617853986,LHPV10b1,central,right,268.6,272.9,203.1,272.7,False,False
62956,720575940623862015,VES079,central,right,268.6,275.7,205.0,277.3,False,False
46216,720575940620913773,CB1405,central,right,267.1,271.4,205.0,268.2,False,False
105468,720575940631758393,PPL103,central,right,267.1,280.0,210.0,277.3,False,False
51609,720575940621828443,MBON12,central,left,267.1,278.6,209.4,281.8,False,False
105413,720575940631742156,VA1v_vPN,central,right,265.7,272.9,205.0,272.7,False,False
96242,720575940629963855,"M_ilPNm90,M_ilPN8t91",central,right,264.3,270.0,202.5,268.2,False,False
110208,720575940632825389,LHAV4a2,central,right,264.3,271.4,201.9,272.7,False,False
62194,720575940623707831,LHPV4j4,central,left,264.3,274.3,203.8,272.7,False,False
28578,720575940616824588,DC2_adPN,central,left,264.3,270.0,201.9,272.7,False,False
87606,720575940628330885,CB3417,central,left,264.3,268.6,202.5,268.2,False,False
124200,720575940638163428,MBON06,central,left,262.9,272.9,203.8,272.7,False,False
13352,720575940612197374,D_adPN,central,right,262.9,268.6,201.2,268.2,False,False
128580,720575940640097664,LHAV4a1_b,central,left,262.9,267.1,201.9,268.2,False,False
17538,720575940613489617,LN60a,central,left,262.9,265.7,199.4,263.6,False,False
2994,720575940606246334,LHAV6b4,central,right,262.9,271.4,202.5,272.7,False,False
68496,720575940624863015,VL1_vPN,central,left,261.4,265.7,200.6,268.2,False,False
21375,720575940614727903,DM3_adPN,central,left,261.4,267.1,202.5,268.2,False,False
89000,720575940628573519,vLN25,central,right,261.4,264.3,200.0,263.6,False,False
109706,720575940632720026,VA1v_vPN,central,left,260.0,265.7,198.1,263.6,False,False
69671,720575940625056509,"M_ilPNm90,M_ilPN8t91",central,left,260.0,268.6,200.0,268.2,False,False
35386,720575940618499238,D_adPN,central,right,260.0,264.3,198.1,263.6,False,False
124499,720575940638288447,MZ_lv2PN,central,left,260.0,264.3,197.5,263.6,False,False
116735,720575940635052127,LHAV4a1_b,central,right,258.6,265.7,198.8,263.6,False,False
44002,720575940620541349,v2LN36,central,left,258.6,264.3,198.8,263.6,False,False
106982,720575940632099212,CB1405,central,left,258.6,264.3,198.1,263.6,False,False
132396,720575940643551392,LAL112,central,right,258.6,261.4,199.4,272.7,False,False
8648,720575940610157688,lLN10,central,left,258.6,265.7,198.8,263.6,False,False
43616,720575940620467438,DL2v_adPN,central,left,258.6,265.7,198.8,268.2,False,False
876,720575940604714464,LHPD4d1,central,right,257.1,261.4,197.5,263.6,False,False
10365,720575940611022515,DL2v_adPN,central,left,257.1,264.3,198.1,263.6,False,False
103447,720575940631321704,AL-AST1,central,right,257.1,261.4,195.6,259.1,False,False
134205,720575940645372964,CB3417,central,right,257.1,262.9,199.4,263.6,False,False
25417,720575940615917580,LHAV4a1_b,central,left,257.1,262.9,196.9,263.6,False,False
9108,720575940610408643,lLN2X02,central,left,255.7,258.6,194.4,259.1,False,False
114706,720575940634229615,VA1v_vPN,central,left,255.7,260.0,196.9,259.1,False,False
6507,720575940608845525,VC5_lvPN,central,left,255.7,261.4,196.2,263.6,False,False
21331,720575940614719122,LHAV6b4,central,left,254.3,260.0,194.4,254.5,False,False
37667,720575940619061662,v2LN36,central,right,254.3,261.4,193.8,259.1,False,False
21310,720575940614714178,DL2v_adPN,central,right,252.9,257.1,191.9,254.5,False,False
103173,720575940631274770,M_smPN6t2,central,right,252.9,260.0,193.8,259.1,False,False
104602,720575940631566700,v2LN3A1_b,central,left,251.4,255.7,191.9,254.5,False,False
59892,720575940623291647,CB1381,central,left,251.4,258.6,193.8,259.1,False,False
35599,720575940618552443,CB3417,central,right,251.4,257.1,193.1,259.1,False,False
90921,720575940628914692,LN60b,central,left,250.0,254.3,191.9,254.5,False,False
35210,720575940618461121,VM4_lvPN,central,left,250.0,254.3,191.9,259.1,False,False
43789,720575940620499115,LHCENT12b,central,left,250.0,252.9,189.4,254.5,False,False
133495,720575940644743790,CB3417,central,right,250.0,257.1,193.1,259.1,False,False
12020,720575940611703080,D_adPN,central,right,250.0,255.7,190.6,254.5,False,False
102478,720575940631142956,CRE048,central,right,250.0,258.6,193.8,263.6,False,False
86120,720575940628077568,VM1_lPN,central,left,248.6,254.3,190.0,254.5,False,False
3841,720575940606769854,MB-C1,central,left,248.6,255.7,191.9,254.5,False,False
3153,720575940606385440,lLN10,central,right,248.6,254.3,190.0,250.0,False,False
119197,720575940635934143,CB1676,central,right,248.6,251.4,190.6,254.5,False,False
91711,720575940629064764,CB3326,central,left,248.6,254.3,190.6,254.5,False,False
132964,720575940644238871,M_lPNm11D,central,left,248.6,254.3,191.9,259.1,False,False
47456,720575940621123113,DL2d_adPN,central,right,248.6,254.3,190.6,254.5,False,False
6709,720575940608977621,LHPD4d1,central,left,248.6,257.1,192.5,254.5,False,False
39357,720575940619531373,DL2v_adPN,central,right,247.1,250.0,188.1,250.0,False,False
20471,720575940614468007,CB1518,central,left,247.1,251.4,189.4,250.0,False,False
73158,720575940625779075,ATL011,central,left,247.1,257.1,191.2,250.0,False,False
96814,720575940630077558,"vLN28,vLN29",central,left,247.1,254.3,190.6,259.1,False,False
28034,720575940616651193,ATL011,central,right,245.7,252.9,189.4,254.5,False,False
83928,720575940627708688,DL4_adPN,central,left,245.7,250.0,186.9,250.0,False,False
10632,720575940611137742,LHAV1a1,central,left,245.7,252.9,190.0,250.0,False,False
130035,720575940640804853,VA1d_adPN,central,left,244.3,250.0,186.2,250.0,False,False
113061,720575940633625184,CB3326,central,left,244.3,250.0,187.5,250.0,False,False
58149,720575940623001480,MBON12,central,right,244.3,254.3,189.4,254.5,False,False
123535,720575940637864355,DL2v_adPN,central,right,244.3,247.1,186.9,250.0,False,False
5909,720575940608362418,CB1676,central,left,244.3,247.1,184.4,245.5,False,False
25305,720575940615886534,LHCENT6,central,right,244.3,254.3,190.0,254.5,False,False
43609,720575940620465904,VC3_adPN,central,left,242.9,250.0,188.1,250.0,False,False
132743,720575940644004768,VM1_lPN,central,right,242.9,248.6,186.2,245.5,False,False
114148,720575940633984924,LHAV1a1,central,right,242.9,242.9,188.8,250.0,False,False
58389,720575940623041549,LHAV1a1,central,left,242.9,247.1,185.6,245.5,False,False
123675,720575940637943374,DC3_adPN,central,right,241.4,244.3,185.0,245.5,False,False
5962,720575940608392796,CB3278,central,right,241.4,248.6,185.0,250.0,False,False
98913,720575940630493818,DC2_adPN,central,right,241.4,244.3,182.5,245.5,False,False
98078,720575940630323303,"vLN28,vLN29",central,right,241.4,247.1,186.2,250.0,False,False
68343,720575940624834697,VM4_lvPN,central,right,241.4,245.7,184.4,245.5,False,False
8473,720575940610048981,VM3_adPN,central,left,241.4,245.7,185.6,250.0,False,False
63246,720575940623905719,MBON12,central,right,241.4,252.9,188.8,250.0,False,False
99203,720575940630549370,DM3_adPN,central,right,241.4,247.1,183.8,245.5,False,False
107363,720575940632198442,lLN2X02,central,left,240.0,241.4,181.9,245.5,False,False
42496,720575940620226753,CB1432,central,left,240.0,245.7,183.8,245.5,False,False
37126,720575940618932603,MB-C1,central,left,240.0,248.6,185.0,245.5,False,False
75536,720575940626247823,VM4_lvPN,central,left,240.0,245.7,184.4,245.5,False,False
29886,720575940617175965,v2LN5,central,left,240.0,245.7,183.1,245.5,False,False
58654,720575940623082665,PPL105,central,right,240.0,251.4,187.5,250.0,False,False
84320,720575940627772009,DL2v_adPN,central,left,238.6,241.4,181.2,240.9,False,False
90426,720575940628822248,lLN2X02,central,right,238.6,242.9,181.2,240.9,False,False
83381,720575940627604327,"vLN28,vLN29",central,left,238.6,240.0,181.2,240.9,False,False
120435,720575940636508517,LHAV4a1_b,central,right,237.1,238.6,180.6,236.4,False,False
125738,720575940638853454,v2LN42c,central,left,237.1,241.4,181.2,240.9,False,False
24155,720575940615529414,M_spPN4t9,central,right,237.1,241.4,181.2,236.4,False,False
86882,720575940628210887,LHPV10b1,central,left,237.1,241.4,178.8,236.4,False,False
83548,720575940627638037,SLP057,central,left,237.1,244.3,182.5,240.9,False,False
8228,720575940609903077,DL2d_adPN,central,right,237.1,244.3,182.5,245.5,False,False
125212,720575940638624189,DM2_lPN,central,right,237.1,205.7,152.5,204.5,False,False
7154,720575940609269001,v2LN37,central,left,237.1,242.9,181.2,240.9,False,False
87502,720575940628316047,DL2d_adPN,central,left,235.7,240.0,179.4,236.4,False,False
1312,720575940605102694,DA1_lPN,central,left,235.7,241.4,180.0,240.9,False,False
74522,720575940626030776,"vLN28,vLN29",central,right,234.3,238.6,180.6,236.4,False,False
11074,720575940611344078,MBON20,central,right,234.3,245.7,183.8,245.5,False,False
31622,720575940617629270,CB1676,central,right,234.3,238.6,178.1,236.4,False,False
130293,720575940640971995,VM4_adPN,central,left,232.9,238.6,178.8,236.4,False,False
8043,720575940609792206,HRN_VP1d,sensory,left,232.9,238.6,178.1,236.4,False,False
131666,720575940642506459,LHPV5e3,central,right,232.9,234.3,178.1,245.5,False,False
46235,720575940620916939,SIP022,central,left,232.9,240.0,178.8,240.9,False,False
32228,720575940617781383,DC3_adPN,central,right,232.9,237.1,178.1,240.9,False,False
52671,720575940622038182,CB1676,central,left,232.9,235.7,177.5,236.4,False,False
78075,720575940626741552,OA-VUMa5,central,center,232.9,241.4,179.4,240.9,False,False
90621,720575940628861188,OA-VUMa5,central,center,231.4,240.0,178.8,231.8,False,False
55119,720575940622448166,M_lvPNm26,central,right,231.4,234.3,175.0,231.8,False,False
35196,720575940618458513,v2LN3A1_b,central,right,231.4,235.7,175.0,231.8,False,False
28348,720575940616760459,LHPV4j4,central,right,231.4,238.6,180.6,240.9,False,False
68090,720575940624784115,CB3278,central,left,231.4,234.3,178.1,236.4,False,False
56024,720575940622625279,v2LN41a,central,left,231.4,240.0,179.4,245.5,False,False
41052,720575940619930534,TRN_VP2,sensory,right,231.4,235.7,174.4,231.8,False,False
30316,720575940617295901,v2LN5,central,right,231.4,237.1,177.5,236.4,False,False
101996,720575940631054634,VC5_lvPN,central,right,231.4,237.1,176.9,236.4,False,False
47336,720575940621103743,VA1v_vPN,central,right,231.4,237.1,178.8,240.9,False,False
22538,720575940615073587,lLN2X02,central,left,230.0,234.3,176.2,236.4,False,False
69035,720575940624951847,CL063,central,left,230.0,235.7,176.2,240.9,False,False
122951,720575940637628762,DM2_lPN,central,right,230.0,194.3,147.5,200.0,False,False
86721,720575940628181520,DL2v_adPN,central,left,230.0,235.7,176.9,236.4,False,False
134525,720575940645680407,M_lvPNm26,central,left,230.0,232.9,174.4,231.8,False,False
56646,720575940622726663,l2LN21,central,right,230.0,234.3,176.2,236.4,False,False
13835,720575940612355507,DA1_vPN,central,right,230.0,235.7,177.5,236.4,False,False
6580,720575940608898005,VM4_adPN,central,right,228.6,232.9,175.0,231.8,False,False
79549,720575940626982799,LHCENT12a,central,left,228.6,231.4,171.9,231.8,False,False
123915,720575940638054719,LHAV4j1,central,left,228.6,234.3,175.6,231.8,False,False
60994,720575940623476661,HRN_VP1d,sensory,right,228.6,234.3,176.2,236.4,False,False
96887,720575940630093051,M_vPNml79,central,left,228.6,234.3,176.2,236.4,False,False
126112,720575940639021646,CB1432,central,right,228.6,234.3,176.2,236.4,False,False
125583,720575940638778165,M_lPNm11D,central,left,228.6,234.3,175.6,236.4,False,False
51155,720575940621762081,M_lv2PN9t49a,central,left,227.1,232.9,173.8,231.8,False,False
41038,720575940619928429,VC3_adPN,central,left,227.1,234.3,173.1,227.3,False,False
13722,720575940612321266,CB1381,central,right,227.1,234.3,176.2,231.8,False,False
9215,720575940610460514,HRN_VP1d,sensory,left,227.1,234.3,175.6,236.4,False,False
32752,720575940617911041,LHAV4j1,central,right,227.1,232.9,173.1,231.8,False,False
126585,720575940639194165,LHPV2a1_d,central,right,225.7,232.9,175.0,236.4,False,False
116428,720575940634939327,DC3_adPN,central,left,225.7,231.4,171.9,227.3,False,False
131814,720575940642658267,LHPV8a1,central,left,225.7,231.4,172.5,227.3,False,False
33077,720575940617986089,HRN_VP1d,sensory,left,225.7,230.0,172.5,227.3,False,False
30914,720575940617452500,CB1518,central,right,225.7,232.9,173.8,227.3,False,False
53160,720575940622112726,HRN_VP1d,sensory,right,224.3,228.6,171.9,227.3,False,False
113416,720575940633741229,lLN2X02,central,right,224.3,227.1,171.2,227.3,False,False
27726,720575940616565109,CB3732,central,left,224.3,230.0,172.5,231.8,False,False
31392,720575940617571997,LHAV2b2b,central,right,224.3,231.4,171.9,231.8,False,False
106678,720575940632036492,LHPV7b1,central,right,222.9,220.0,165.6,218.2,False,False
17287,720575940613419695,DC3_adPN,central,left,222.9,227.1,169.4,227.3,False,False
121465,720575940636963806,"CRE008,CRE010",central,left,222.9,231.4,171.9,231.8,False,False
134936,720575940646122804,DA1_vPN,central,left,222.9,227.1,171.2,227.3,False,False
136387,720575940648570244,LHPV5e3,central,left,222.9,230.0,173.1,227.3,False,False
82714,720575940627480586,VM3_adPN,central,left,222.9,227.1,172.5,231.8,False,False
33078,720575940617986345,HRN_VP1d,sensory,left,222.9,230.0,172.5,231.8,False,False
81428,720575940627271230,HRN_VP1d,sensory,right,222.9,228.6,170.0,227.3,False,False
91133,720575940628954112,M_lPNm11D,central,left,222.9,224.3,170.0,227.3,False,False
42006,720575940620124295,LHAV6b1,central,right,221.4,224.3,170.0,227.3,False,False
96775,720575940630066007,DA1_lPN,central,right,221.4,227.1,170.6,227.3,False,False
119740,720575940636167280,M_lv2PN9t49a,central,right,221.4,225.7,169.4,222.7,False,False
72424,720575940625642517,v2LN42c,central,right,221.4,227.1,170.0,227.3,False,False
94736,720575940629675902,CB1927,central,right,221.4,224.3,170.0,222.7,False,False
80969,720575940627196435,CB3359,central,left,220.0,224.3,168.1,222.7,False,False
121970,720575940637208718,DA1_lPN,central,left,220.0,224.3,170.0,227.3,False,False
8207,720575940609892164,LHAV6b1,central,left,220.0,218.6,168.1,222.7,False,False
39922,720575940619675456,LHPV2a1_c,central,right,218.6,224.3,168.8,222.7,False,False
65962,720575940624359432,LHPV6k2,central,left,218.6,222.9,168.1,227.3,False,False
136436,720575940648669060,AL-MBDL1,central,left,218.6,225.7,169.4,222.7,False,False
96901,720575940630097103,VC2_lPN,central,right,218.6,222.9,167.5,222.7,False,False
6691,720575940608970197,DA4l_adPN,central,left,217.1,221.4,165.0,218.2,False,False
80970,720575940627196691,LHAV5d1,central,right,217.1,225.7,165.0,222.7,False,False
125316,720575940638664014,CB3326,central,right,217.1,222.9,166.9,222.7,False,False
64791,720575940624166141,LHAV4a1_b,central,left,217.1,220.0,166.2,218.2,False,False
39927,720575940619676224,PPL202,central,right,217.1,222.9,167.5,222.7,False,False
51535,720575940621817046,M_lPNm11D,central,right,217.1,227.1,165.6,227.3,False,False
32751,720575940617910848,v2LN5,central,right,215.7,225.7,168.1,222.7,False,False
135358,720575940646661252,M_lPNm11D,central,right,215.7,222.9,166.9,227.3,False,False
120115,720575940636348152,"CRE008,CRE010",central,left,215.7,222.9,167.5,222.7,False,False
91649,720575940629050234,SMP058,central,right,214.3,222.9,166.9,222.7,False,False
1670,720575940605400096,M_l2PNm16,central,right,214.3,215.7,162.5,218.2,False,False
1490,720575940605264305,HRN_VP1d,sensory,left,214.3,221.4,165.0,218.2,False,False
335,720575940603820716,HRN_VP1d,sensory,left,214.3,220.0,166.9,222.7,False,False
126299,720575940639076954,LHAD2e1,central,left,214.3,221.4,163.8,218.2,False,False
31771,720575940617665950,HRN_VP1d,sensory,left,212.9,220.0,163.8,218.2,False,False
18956,720575940613970147,v2LN46b,central,left,212.9,217.1,161.9,213.6,False,False
83934,720575940627709583,LHPV6c1,central,left,212.9,217.1,163.8,218.2,False,False
94350,720575940629589292,v2LN49,central,right,212.9,217.1,162.5,218.2,False,False
80940,720575940627192337,LHAV1a1,central,right,212.9,214.3,164.4,222.7,False,False
46772,720575940621006945,CB3341,central,right,212.9,218.6,164.4,218.2,False,False
45830,720575940620847086,HRN_VP1d,sensory,right,212.9,217.1,161.2,213.6,False,False
10129,720575940610915026,CB1797,central,right,212.9,217.1,163.1,218.2,False,False
97075,720575940630131663,DC3_adPN,central,left,211.4,217.1,162.5,213.6,False,False
7431,720575940609414468,PAM04,central,left,211.4,217.1,163.1,218.2,False,False
119194,720575940635933119,VC4_adPN,central,left,211.4,217.1,163.1,209.1,False,False
621,720575940604398816,LHAV4a1_b,central,left,210.0,208.6,155.0,204.5,False,False
113251,720575940633688476,PAM04,central,left,210.0,217.1,163.8,218.2,False,False
104144,720575940631469964,M_lPNm11D,central,right,210.0,212.9,160.0,218.2,False,False
17063,720575940613345442,DA1_lPN,central,left,210.0,212.9,159.4,209.1,False,False
88193,720575940628420264,lLN2X02,central,right,210.0,212.9,159.4,213.6,False,False
63468,720575940623945404,VC3_adPN,central,right,210.0,211.4,157.5,213.6,False,False
101107,720575940630895055,VC5_lvPN,central,right,208.6,211.4,158.1,213.6,False,False
30027,720575940617213652,CB1328,central,right,208.6,212.9,160.0,213.6,False,False
19950,720575940614309535,DA1_lPN,central,left,208.6,211.4,160.0,209.1,False,False
120461,720575940636520805,CB2880,central,left,208.6,211.4,158.1,209.1,False,False
20762,720575940614570793,HRN_VP1d,sensory,left,208.6,214.3,159.4,213.6,False,False
40390,720575940619772525,"VP5+_l2PN,VP5+VP2_l2PN",central,right,208.6,215.7,160.6,218.2,False,False
94302,720575940629579836,PAM04,central,right,208.6,215.7,161.2,213.6,False,False
116676,720575940635029439,CB1656,central,left,207.1,212.9,158.8,209.1,False,False
116110,720575940634809455,v2LN33,central,right,207.1,210.0,159.4,213.6,False,False
132592,720575940643812000,LHCENT12b,central,left,207.1,212.9,159.4,213.6,False,False
6793,720575940609027523,SMP059,central,left,207.1,214.3,160.0,213.6,False,False
103176,720575940631275181,l2LN21,central,left,207.1,212.9,158.8,213.6,False,False
63214,720575940623901695,CB1266,central,left,207.1,210.0,158.8,209.1,False,False
105920,720575940631880505,CB1943,central,left,207.1,212.9,158.8,213.6,False,False
87623,720575940628334342,MB-C1,central,right,207.1,212.9,160.0,213.6,False,False
136951,720575940650885497,LHAV2b2b,central,right,207.1,211.4,160.6,213.6,False,False
131228,720575940642015477,v2LN41a,central,right,205.7,212.9,157.5,209.1,False,False
89967,720575940628750248,M_spPN4t9,central,left,205.7,211.4,160.6,222.7,False,False
126426,720575940639135933,LHPV2a1_d,central,left,205.7,211.4,158.1,209.1,False,False
21493,720575940614756589,ALBN1,central,right,205.7,207.1,156.9,204.5,False,False
98155,720575940630340474,vLN25,central,right,205.7,212.9,158.1,209.1,False,False
77737,720575940626681146,v2LN42b,central,left,205.7,208.6,156.9,209.1,False,False
52870,720575940622070554,M_l2PNm16,central,left,205.7,208.6,156.2,209.1,False,False
20490,720575940614474407,LHAV2b2b,central,left,204.3,210.0,158.8,209.1,False,False
25069,720575940615808029,VM4_lvPN,central,right,204.3,207.1,156.2,204.5,False,False
59864,720575940623287228,M_lPNm11D,central,left,204.3,208.6,155.6,209.1,False,False
53097,720575940622105377,LHAD2e1,central,right,204.3,210.0,156.2,209.1,False,False
61297,720575940623528595,LHPV2a1_d,central,left,204.3,208.6,153.8,204.5,False,False
105425,720575940631745367,PPL102,central,right,204.3,211.4,159.4,209.1,False,False
38870,720575940619385765,DA1_lPN,central,left,204.3,208.6,156.2,209.1,False,False
125123,720575940638583869,VL2a_vPN,central,right,204.3,210.0,155.6,209.1,False,False
41897,720575940620103590,DL2d_adPN,central,left,204.3,208.6,156.2,209.1,False,False
48074,720575940621239679,DA1_lPN,central,right,204.3,208.6,155.6,204.5,False,False
59951,720575940623303108,DA1_lPN,central,right,204.3,208.6,155.6,204.5,False,False
63779,720575940624001321,VC4_adPN,central,left,204.3,211.4,158.8,209.1,False,False
20526,720575940614486439,CB1797,central,left,204.3,207.1,154.4,209.1,False,False
102741,720575940631193052,DC2_adPN,central,right,202.9,204.3,151.9,204.5,False,False
116824,720575940635082871,VM5d_adPN,central,left,202.9,208.6,156.2,204.5,False,False
119157,720575940635916942,HRN_VP1d,sensory,left,202.9,208.6,156.2,209.1,False,False
140,720575940603231916,DA1_lPN,central,left,202.9,207.1,156.2,209.1,False,False
115869,720575940634708887,LHPV2a1_d,central,right,201.4,207.1,153.1,209.1,False,False
27449,720575940616484438,CB1328,central,left,201.4,207.1,154.4,204.5,False,False
66483,720575940624452548,CRE048,central,left,201.4,208.6,153.1,204.5,False,False
104030,720575940631448680,v2LN32,central,left,201.4,205.7,153.8,209.1,False,False
31686,720575940617642832,VM4_lvPN,central,right,201.4,204.3,151.9,204.5,False,False
122565,720575940637469254,DA1_lPN,central,right,201.4,204.3,154.4,204.5,False,False
21114,720575940614666658,CB1432,central,left,200.0,205.7,151.9,200.0,False,False
10497,720575940611086286,LHPV2a1_c,central,right,200.0,207.1,155.0,204.5,False,False
115429,720575940634537591,LHPV4g1,central,left,200.0,198.6,150.6,204.5,False,False
116937,720575940635119723,LHAD1g1,central,left,200.0,204.3,151.2,200.0,False,False
123598,720575940637902938,MBON35,central,left,200.0,212.9,155.6,209.1,False,False
101303,720575940630928715,DL2d_adPN,central,left,200.0,202.9,153.1,209.1,False,False
35419,720575940618509878,LHPV2a1_c,central,left,200.0,201.4,152.5,204.5,False,False
30732,720575940617400550,CB1619,central,right,200.0,204.3,154.4,204.5,False,False
22959,720575940615189465,MZ_lv2PN,central,right,198.6,207.1,153.1,209.1,False,False
30086,720575940617229632,DA1_lPN,central,right,198.6,202.9,151.9,204.5,False,False
118809,720575940635776101,SMP059,central,right,198.6,205.7,151.9,204.5,False,False
12831,720575940612006257,LHAV5d1,central,left,198.6,205.7,153.1,209.1,False,False
89675,720575940628695056,CRE077,central,left,198.6,202.9,153.1,204.5,False,False
60838,720575940623450564,LHPV4j3,central,left,198.6,201.4,152.5,209.1,False,False
124996,720575940638526278,MBON32,central,right,197.1,210.0,156.2,209.1,False,False
68482,720575940624859725,PAM04,central,right,197.1,202.9,152.5,204.5,False,False
138181,720575940659429761,v2LN33,central,left,197.1,198.6,148.8,200.0,False,False
115733,720575940634663319,LHPV4h3,central,right,197.1,202.9,153.8,209.1,False,False
39760,720575940619637780,VM5v_adPN,central,right,197.1,204.3,150.6,195.5,False,False
126099,720575940639017050,M_l2PNm16,central,left,197.1,204.3,150.6,200.0,False,False
99513,720575940630607212,CB2733,central,left,197.1,202.9,151.9,204.5,False,False
65917,720575940624351273,LHCENT12a,central,right,197.1,191.4,145.0,195.5,False,False
14183,720575940612468594,M_smPN6t2,central,left,195.7,200.0,150.0,200.0,False,False
113936,720575940633906076,LHPV4j3,central,right,195.7,204.3,150.0,200.0,False,False
21496,720575940614757974,v2LN40_2,central,right,195.7,200.0,150.0,200.0,False,False
136501,720575940649045369,DA4l_adPN,central,right,195.7,198.6,150.0,200.0,False,False
68972,720575940624941244,DL2d_adPN,central,right,195.7,200.0,150.0,200.0,False,False
21180,720575940614681746,CB1945,central,right,195.7,195.7,146.9,200.0,False,False
77284,720575940626601994,VL2a_vPN,central,right,195.7,200.0,150.0,200.0,False,False
91433,720575940629011655,VP1d_il2PN,central,left,195.7,194.3,145.6,195.5,False,False
12985,720575940612062426,VL2a_vPN,central,left,195.7,200.0,150.6,200.0,False,False
106551,720575940632007983,LN60b,central,right,195.7,198.6,150.6,200.0,False,False
116039,720575940634781620,HRN_VP1d,sensory,right,194.3,201.4,150.0,200.0,False,False
59443,720575940623209703,HRN_VP1d,sensory,right,194.3,198.6,150.0,200.0,False,False
60307,720575940623362380,CB3326,central,right,194.3,200.0,149.4,200.0,False,False
1291,720575940605078560,v2LNX01,central,right,194.3,198.6,150.6,200.0,False,False
80478,720575940627129290,M_vPNml50,central,right,194.3,191.4,141.9,186.4,False,False
629,720575940604407468,DA1_lPN,central,right,194.3,198.6,148.1,200.0,False,False
31012,720575940617476052,LHPV7b1,central,left,192.9,197.1,148.1,200.0,False,False
97808,720575940630271862,HRN_VP1d,sensory,right,192.9,200.0,150.0,204.5,False,False
108575,720575940632457514,SIP088,central,right,192.9,197.1,146.9,195.5,False,False
39136,720575940619456728,VA3_adPN,central,right,192.9,200.0,148.8,200.0,False,False
131287,720575940642086389,VA4_lPN,central,right,192.9,201.4,150.0,200.0,False,False
59881,720575940623289578,v2LN32,central,right,192.9,197.1,148.8,204.5,False,False
47797,720575940621185050,DA1_lPN,central,left,192.9,200.0,148.1,195.5,False,False
80071,720575940627066757,v2LN5,central,left,192.9,198.6,149.4,200.0,False,False
92028,720575940629131772,LHCENT6,central,left,192.9,201.4,153.1,200.0,False,False
42869,720575940620311718,v2LN46b,central,left,192.9,197.1,147.5,195.5,False,False
57037,720575940622793310,M_lvPNm25,central,right,192.9,197.1,148.8,195.5,False,False
29456,720575940617041728,TRN_VP2,sensory,right,192.9,200.0,150.0,200.0,False,False
16715,720575940613222835,v2LN3A1_b,central,left,191.4,191.4,145.0,190.9,False,False
109448,720575940632662355,LHPV4h3,central,left,191.4,195.7,145.0,190.9,False,False
71420,720575940625431870,M_l2PNm16,central,right,191.4,194.3,146.9,195.5,False,False
52160,720575940621939071,ALIN2,central,left,191.4,197.1,147.5,195.5,False,False
82441,720575940627431848,CB2880,central,right,191.4,195.7,144.4,190.9,False,False
122851,720575940637592666,LHPV7a1a,central,left,191.4,192.9,143.8,195.5,False,False
80330,720575940627103877,PAM04,central,left,191.4,198.6,148.1,195.5,False,False
122687,720575940637524021,"LHPV4a5, LHPV4k1",central,right,191.4,197.1,147.5,195.5,False,False
29844,720575940617160251,,central,left,191.4,195.7,146.2,190.9,False,False
132481,720575940643693000,LHPV4g1,central,left,191.4,191.4,145.0,195.5,False,False
8202,720575940609890315,v2LN3A1_b,central,right,191.4,190.0,142.5,181.8,False,False
106962,720575940632094415,CB3172,central,left,191.4,192.9,143.8,190.9,False,False
65046,720575940624206728,PPL102,central,left,191.4,200.0,150.6,200.0,False,False
44268,720575940620587503,LHAV2n1,central,right,191.4,195.7,147.5,195.5,False,False
24065,720575940615503938,CB1943,central,right,191.4,200.0,146.9,190.9,False,False
117649,720575940635356316,PAM04,central,right,190.0,197.1,147.5,195.5,False,False
77789,720575940626690334,CB3359,central,right,190.0,188.6,144.4,190.9,False,False
78916,720575940626878460,PAM10,central,right,190.0,197.1,146.2,190.9,False,False
81265,720575940627244986,M_adPNm8,central,left,190.0,195.7,146.9,195.5,False,False
79390,720575940626958878,LHAV1a1,central,right,190.0,195.7,146.9,195.5,False,False
30522,720575940617343316,DL4_adPN,central,right,190.0,194.3,146.2,195.5,False,False
114888,720575940634298975,"LHPV4a5, LHPV4k1",central,left,190.0,195.7,145.0,190.9,False,False
126290,720575940639075150,PAM10,central,left,190.0,198.6,147.5,195.5,False,False
59753,720575940623264906,VP3+_vPN,central,right,188.6,191.4,144.4,200.0,False,False
55939,720575940622609690,LHPV2a1_c,central,left,188.6,192.9,144.4,195.5,False,False
646,720575940604431584,VA3_adPN,central,left,188.6,192.9,142.5,195.5,False,False
1233,720575940605029036,LHAV2d1,central,right,188.6,198.6,143.1,186.4,False,False
129087,720575940640314190,LN60a,central,right,188.6,190.0,144.4,186.4,False,False
67452,720575940624661552,VM5v_adPN,central,right,188.6,192.9,145.6,195.5,False,False
77576,720575940626653309,SMP058,central,left,188.6,195.7,146.2,195.5,False,False
3840,720575940606769609,CB2463,central,left,188.6,192.9,142.5,190.9,False,False
43393,720575940620423533,PAM10,central,right,187.1,194.3,145.6,195.5,False,False
104937,720575940631633401,M_adPNm8,central,right,187.1,188.6,143.8,190.9,False,False
38120,720575940619168728,"LHPV4a5, LHPV4k1",central,right,187.1,194.3,144.4,190.9,False,False
57129,720575940622811430,VA1d_adPN,central,left,187.1,191.4,144.4,190.9,False,False
127417,720575940639588184,LHAV6e1,central,left,187.1,191.4,140.6,190.9,False,False
42364,720575940620199962,VA1v_adPN,central,left,185.7,188.6,141.9,190.9,False,False
132236,720575940643309197,MBON01,central,left,185.7,192.9,145.6,190.9,False,False
4677,720575940607439964,VC3_adPN,central,right,185.7,188.6,141.2,190.9,False,False
68021,720575940624770791,VP1m+VP5_ilPN,central,left,185.7,187.1,139.4,186.4,False,False
22527,720575940615071795,v2LN46b,central,right,185.7,190.0,142.5,186.4,False,False
96002,720575940629925111,CB2107,central,left,185.7,190.0,143.1,190.9,False,False
81771,720575940627321146,LHPV4g1,central,left,184.3,190.0,141.2,186.4,False,False
82062,720575940627369960,v2LN49,central,left,184.3,188.6,140.6,186.4,False,False
5868,720575940608341806,VL2p_vPN,central,left,184.3,188.6,143.1,190.9,False,False
105779,720575940631842360,LHAD1g1,central,right,184.3,188.6,138.1,186.4,False,False
67609,720575940624693432,LHPV6k2,central,left,184.3,190.0,141.2,190.9,False,False
97670,720575940630247418,mALB1,central,right,184.3,192.9,142.5,190.9,False,False
7499,720575940609460491,VA2_adPN,central,right,184.3,192.9,142.5,195.5,False,False
61394,720575940623543881,DA1_lPN,central,right,184.3,190.0,141.2,186.4,False,False
126093,720575940639013027,M_vPNml79,central,right,184.3,190.0,140.6,186.4,False,False
115884,720575940634715743,M_vPNml67,central,left,182.9,187.1,141.2,186.4,False,False
81290,720575940627249171,LHAD1h1,central,left,182.9,187.1,141.9,190.9,False,False
58572,720575940623067686,SMP385,central,right,182.9,188.6,141.2,186.4,False,False
8553,720575940610100437,VM7d_adPN,central,right,182.9,188.6,142.5,190.9,False,False
131263,720575940642046453,DL2d_adPN,central,left,182.9,187.1,140.0,186.4,False,False
104123,720575940631467050,LHPV2a1_d,central,left,182.9,187.1,139.4,186.4,False,False
74473,720575940626022074,PPL202,central,left,182.9,187.1,140.0,186.4,False,False
112815,720575940633556644,AOTU019,central,left,182.9,194.3,145.0,200.0,False,False
2534,720575940605947569,CB3730,central,right,182.9,190.0,142.5,190.9,False,False
15061,720575940612734066,FB1H,central,right,182.9,191.4,142.5,190.9,False,False
106702,720575940632042148,CB0584,central,left,182.9,188.6,141.9,190.9,False,False
8242,720575940609908548,CB1401,central,left,182.9,188.6,141.2,186.4,False,False
71430,720575940625433488,CB1432,central,right,182.9,190.0,141.9,190.9,False,False
65044,720575940624206472,AL-MBDL1,central,right,181.4,182.9,136.2,181.8,False,False
42432,720575940620212133,LHPV2a1_c,central,left,181.4,182.9,136.2,181.8,False,False
71745,720575940625493400,DM6_adPN,central,right,181.4,184.3,137.5,181.8,False,False
130862,720575940641562587,LHAV2n1,central,left,181.4,187.1,137.5,181.8,False,False
96142,720575940629947439,VL2p_vPN,central,right,181.4,185.7,140.0,186.4,False,False
21139,720575940614673058,LHAV3e3a,central,left,181.4,188.6,140.0,186.4,False,False
5913,720575940608364124,CB1927,central,left,181.4,185.7,140.6,186.4,False,False
74104,720575940625958414,v2LN3A1_a,central,left,181.4,185.7,137.5,186.4,False,False
129282,720575940640398477,VA7m_lPN,central,left,181.4,185.7,139.4,186.4,False,False
59399,720575940623201023,PAM04,central,left,181.4,188.6,141.2,186.4,False,False
122027,720575940637231593,VA5_lPN,central,left,181.4,184.3,137.5,186.4,False,False
92615,720575940629244359,LHPD4c1,central,right,181.4,185.7,138.1,190.9,False,False
78515,720575940626815826,v2LN42b,central,right,181.4,185.7,140.0,186.4,False,False
87660,720575940628342171,CRE077,central,right,181.4,187.1,137.5,181.8,False,False
25207,720575940615856345,TRN_VP2,sensory,left,181.4,188.6,141.2,190.9,False,False
15281,720575940612802479,PAM04,central,left,181.4,188.6,140.0,186.4,False,False
138028,720575940656090017,VA3_adPN,central,left,181.4,181.4,138.1,181.8,False,False
132583,720575940643804832,CB2906,central,left,180.0,181.4,137.5,181.8,False,False
90503,720575940628837124,LHPV4g1,central,left,180.0,185.7,139.4,190.9,False,False
104946,720575940631636035,PAM04,central,left,180.0,185.7,138.8,181.8,False,False
19217,720575940614065676,"VP5+_l2PN,VP5+VP2_l2PN",central,left,180.0,182.9,139.4,181.8,False,False
130526,720575940641220853,SLP057,central,right,180.0,181.4,137.5,186.4,False,False
65973,720575940624361230,v2LN42a,central,right,180.0,184.3,138.1,186.4,False,False
71362,720575940625419495,mALB1,central,left,180.0,188.6,139.4,181.8,False,False
80904,720575940627186600,LHPV2a1_c,central,right,180.0,187.1,138.1,186.4,False,False
37837,720575940619101062,PAM11,central,left,178.6,185.7,139.4,186.4,False,False
67536,720575940624677709,LHCENT12b,central,right,178.6,181.4,136.9,181.8,False,False
62612,720575940623792055,PAM10,central,left,178.6,184.3,137.5,181.8,False,False
33308,720575940618038813,"LHPV4a5, LHPV4k1",central,left,178.6,184.3,137.5,186.4,False,False
104414,720575940631526215,CB1266,central,right,178.6,185.7,138.1,186.4,False,False
31718,720575940617649954,CRE069,central,right,178.6,184.3,136.2,181.8,False,False
3017,720575940606267659,v2LN40_2,central,left,178.6,181.4,136.9,186.4,False,False
44211,720575940620576238,PAM10,central,right,178.6,182.9,138.1,186.4,False,False
102536,720575940631154396,LHPV7c1,central,right,178.6,188.6,141.2,190.9,False,False
60931,720575940623465098,CB1102,central,right,177.1,184.3,137.5,181.8,False,False
138324,720575940660196225,CB3356,central,right,177.1,182.9,136.2,181.8,False,False
120112,720575940636347128,ATL012,central,left,177.1,177.1,135.0,181.8,False,False
99583,720575940630618711,CB1238,central,right,177.1,181.4,136.2,181.8,False,False
69562,720575940625040053,M_lvPNm26,central,left,177.1,181.4,135.0,181.8,False,False
90232,720575940628792323,CB2906,central,right,177.1,182.9,135.6,181.8,False,False
35080,720575940618428830,v2LN49,central,right,177.1,182.9,136.9,181.8,False,False
14127,720575940612448997,LHPV7a1a,central,right,177.1,182.9,136.2,177.3,False,False
135220,720575940646508852,CB2111,central,right,177.1,184.3,137.5,181.8,False,False
5457,720575940608059484,LHPV4g1,central,right,177.1,178.6,133.1,177.3,False,False
123795,720575940637999076,CB2861,central,left,177.1,182.9,137.5,181.8,False,False
63284,720575940623913364,VP1d_il2PN,central,right,177.1,171.4,128.8,163.6,False,False
48604,720575940621333696,VA5_lPN,central,right,177.1,182.9,136.9,181.8,False,False
21256,720575940614701730,LHAV2b2b,central,left,175.7,178.6,135.6,181.8,False,False
55361,720575940622489972,LHPV2a1_d,central,right,175.7,185.7,137.5,186.4,False,False
68654,720575940624886812,LHAV5e1,central,left,175.7,182.9,135.6,181.8,False,False
127619,720575940639680957,VA7m_lPN,central,left,175.7,180.0,135.0,181.8,False,False
124164,720575940638149744,VP1m+_lvPN,central,left,175.7,182.9,135.6,181.8,False,False
85555,720575940627982332,LHPV2a1_c,central,right,175.7,177.1,137.5,181.8,False,False
101226,720575940630914858,DC4_adPN,central,right,175.7,180.0,133.8,172.7,False,False
116065,720575940634790039,CB2725,central,left,175.7,181.4,133.8,177.3,False,False
47071,720575940621061285,vLN24,central,left,175.7,181.4,136.9,181.8,False,False
134887,720575940646074391,"CRE008,CRE010",central,right,175.7,181.4,136.9,181.8,False,False
27150,720575940616397122,DP1m_vPN,central,left,175.7,180.0,135.0,177.3,False,False
21626,720575940614792554,CB1195,central,left,174.3,175.7,133.1,177.3,False,False
15283,720575940612803606,CB3730,central,left,174.3,175.7,130.6,172.7,False,False
37457,720575940619007664,v2LN49,central,left,174.3,180.0,135.0,181.8,False,False
104649,720575940631575327,ATL012,central,left,174.3,170.0,132.5,181.8,False,False
80976,720575940627197459,LHAV4a1_b,central,right,174.3,175.7,130.6,177.3,False,False
55764,720575940622574532,VA7m_lPN,central,right,174.3,180.0,134.4,177.3,False,False
96974,720575940630110263,CB1793,central,right,174.3,180.0,132.5,177.3,False,False
19329,720575940614113682,vLN25,central,left,174.3,177.1,133.8,177.3,False,False
12056,720575940611720362,TRN_VP2,sensory,right,174.3,181.4,138.1,181.8,False,False
101222,720575940630914304,WEDPN4,central,left,174.3,177.1,133.8,172.7,False,False
23432,720575940615322674,VL2a_vPN,central,left,174.3,180.0,133.8,177.3,False,False
132876,720575940644146724,PAM10,central,right,174.3,180.0,135.6,177.3,False,False
129711,720575940640639293,M_lvPNm24,central,left,174.3,177.1,132.5,177.3,False,False
55123,720575940622448589,VA1d_adPN,central,right,174.3,178.6,134.4,177.3,False,False
39693,720575940619620852,VA1d_vPN,central,left,172.9,177.1,132.5,177.3,False,False
14461,720575940612549802,CB1945,central,left,172.9,177.1,134.4,172.7,False,False
119164,720575940635919471,CB1401,central,left,172.9,174.3,131.9,177.3,False,False
40640,720575940619838912,VA5_lPN,central,left,172.9,177.1,133.1,177.3,False,False
24143,720575940615526466,CB1381,central,right,172.9,177.1,133.1,177.3,False,False
94745,720575940629676926,LHAV3d1,central,left,172.9,177.1,133.1,177.3,False,False
72743,720575940625698096,CB2107,central,left,172.9,178.6,131.2,177.3,False,False
8214,720575940609894212,LHCENT12b,central,right,172.9,174.3,131.2,172.7,False,False
2072,720575940605688608,CB3190,central,right,172.9,181.4,136.2,186.4,False,False
115874,720575940634710629,DL3_lPN,central,right,172.9,177.1,133.1,177.3,False,False
14948,720575940612699761,DM6_adPN,central,right,172.9,175.7,133.1,181.8,False,False
104093,720575940631460394,LHAV4a1_b,central,right,172.9,167.1,125.6,168.2,False,False
72635,720575940625679408,CB1943,central,right,172.9,180.0,135.0,177.3,False,False
128237,720575940639939712,LHPV7c1,central,right,172.9,185.7,137.5,190.9,False,False
32779,720575940617917760,VM3_adPN,central,right,172.9,177.1,133.8,177.3,False,False
132238,720575940643311501,PAM10,central,left,172.9,178.6,134.4,172.7,False,False
25381,720575940615905931,LHAD2b1,central,left,172.9,178.6,134.4,181.8,False,False
7418,720575940609406985,v2LN46b,central,right,171.4,175.7,131.2,172.7,False,False
45672,720575940620817261,CB2798,central,right,171.4,174.3,129.4,172.7,False,False
3838,720575940606767806,M_vPNml57,central,left,171.4,161.4,121.9,159.1,False,False
48770,720575940621359988,LHPV5a1,central,left,171.4,174.3,130.6,172.7,False,False
69450,720575940625022270,M_lPNm11D,central,right,171.4,172.9,130.0,177.3,False,False
36203,720575940618699037,LHAV3k4,central,right,171.4,174.3,130.0,172.7,False,False
19524,720575940614182398,LHPV5a1,central,left,171.4,172.9,130.0,168.2,False,False
40092,720575940619709899,SIP029,central,right,171.4,175.7,131.9,177.3,False,False
9314,720575940610505170,VM5v_adPN,central,left,171.4,175.7,132.5,177.3,False,False
109041,720575940632571583,VL2a_vPN,central,left,171.4,175.7,132.5,177.3,False,False
101326,720575940630933199,CB1217,central,right,171.4,175.7,131.9,177.3,False,False
117660,720575940635362460,LHAV2k8,central,left,171.4,168.6,125.0,163.6,False,False
37385,720575940618991227,CB1945,central,left,170.0,174.3,130.0,172.7,False,False
114645,720575940634208151,CB2480,central,left,170.0,172.9,130.0,177.3,False,False
59604,720575940623237161,VP1m+_lvPN,central,right,170.0,175.7,130.0,172.7,False,False
9338,720575940610514478,CB1058,central,left,170.0,174.3,130.0,172.7,False,False
118104,720575940635540671,LAL072,central,right,170.0,174.3,128.8,177.3,False,False
17040,720575940613338152,PAM04,central,right,170.0,175.7,131.9,172.7,False,False
99188,720575940630547909,VA1d_adPN,central,right,170.0,174.3,130.0,177.3,False,False
97512,720575940630217086,DL2d_adPN,central,right,170.0,174.3,129.4,172.7,False,False
25025,720575940615792946,CB1483,central,left,170.0,171.4,127.5,172.7,False,False
106300,720575940631964130,CB1058,central,left,168.6,174.3,130.6,172.7,False,False
18604,720575940613824914,M_vPNml67,central,right,168.6,174.3,131.2,177.3,False,False
70390,720575940625203277,SMP385,central,left,168.6,172.9,130.6,172.7,False,False
115260,720575940634455136,SLP255,central,left,168.6,171.4,128.1,172.7,False,False
68104,720575940624786675,LHPV6l1,central,left,168.6,172.9,130.0,172.7,False,False
42618,720575940620252075,LHPV4m1,central,right,168.6,167.1,130.6,172.7,False,False
58543,720575940623064200,CB1058,central,left,168.6,174.3,130.6,177.3,False,False
28042,720575940616654166,KCab,central,left,168.6,174.3,130.0,177.3,False,False
69354,720575940625007949,VP3+_vPN,central,left,168.6,174.3,130.6,177.3,False,False
66781,720575940624520999,CB1509,central,left,168.6,174.3,130.0,172.7,False,False
84651,720575940627826760,DNge037,descending,right,168.6,167.1,130.6,172.7,False,False
63222,720575940623902471,DM6_adPN,central,right,168.6,171.4,130.0,172.7,False,False
18566,720575940613809554,M_lPNm11D,central,left,168.6,171.4,128.8,168.2,False,False
103145,720575940631269650,LHPV2a1_c,central,right,168.6,171.4,131.2,177.3,False,False
88722,720575940628524292,VM7d_adPN,central,left,168.6,174.3,128.8,168.2,False,False
112200,720575940633356883,VP1m+_lvPN,central,left,168.6,172.9,129.4,172.7,False,False
114521,720575940634156755,LHPV6g1,central,left,168.6,170.0,131.2,172.7,False,False
6177,720575940608589323,LHAV3d1,central,right,168.6,174.3,128.1,172.7,False,False
123688,720575940637947994,CB1656,central,left,168.6,174.3,129.4,172.7,False,False
70717,720575940625286473,CB1664,central,left,168.6,174.3,131.2,177.3,False,False
96338,720575940629980972,CB2493,central,left,167.1,174.3,128.1,172.7,False,False
118294,720575940635604581,DL3_lPN,central,right,167.1,171.4,128.1,172.7,False,False
85713,720575940628007676,CB2480,central,right,167.1,174.3,133.1,172.7,False,False
63012,720575940623871723,CB1402,central,left,167.1,170.0,127.5,168.2,False,False
86875,720575940628209863,LHPV4a11,central,left,167.1,171.4,127.5,168.2,False,False
108603,720575940632463464,M_vPNml51,central,left,167.1,171.4,128.1,168.2,False,False
48361,720575940621292126,CB3732,central,right,167.1,172.9,127.5,168.2,False,False
105267,720575940631710860,CB1293,central,left,167.1,172.9,129.4,172.7,False,False
41741,720575940620068518,VA7m_lPN,central,left,167.1,171.4,129.4,172.7,False,False
58872,720575940623120222,LAL100,central,right,167.1,172.9,128.8,172.7,False,False
121564,720575940637009636,VA5_lPN,central,left,167.1,170.0,128.1,172.7,False,False
11546,720575940611527544,CB2135,central,left,167.1,170.0,126.9,172.7,False,False
23206,720575940615253215,CB2923,central,left,167.1,171.4,128.8,172.7,False,False
61579,720575940623581930,LHPD4c1,central,left,165.7,177.1,131.2,177.3,False,False
124202,720575940638163940,PAM10,central,right,165.7,171.4,128.1,168.2,False,False
129861,720575940640732112,CB2906,central,right,165.7,171.4,127.5,168.2,False,False
24091,720575940615512130,CB2786,central,left,165.7,170.0,128.1,168.2,False,False
97271,720575940630169660,LHPV2a1_c,central,left,165.7,168.6,126.2,172.7,False,False
53739,720575940622209404,CB2755,central,left,165.7,170.0,126.2,168.2,False,False
131245,720575940642030477,CB2141,central,right,165.7,172.9,128.8,172.7,False,False
110387,720575940632868563,VA5_lPN,central,right,165.7,168.6,127.5,168.2,False,False
64379,720575940624100075,CB2018,central,left,165.7,167.1,125.6,168.2,False,False
112370,720575940633406745,PAM10,central,left,165.7,170.0,128.8,172.7,False,False
135373,720575940646682756,CB2480,central,right,165.7,174.3,128.1,172.7,False,False
57663,720575940622915864,CB2493,central,left,165.7,170.0,129.4,172.7,False,False
42547,720575940620236052,CB3131,central,right,165.7,164.3,124.4,163.6,False,False
13603,720575940612287283,KCab,central,left,165.7,162.9,121.2,163.6,False,False
65042,720575940624206121,SMP115,central,right,165.7,168.6,129.4,177.3,False,False
72070,720575940625564676,VA1d_adPN,central,right,165.7,168.6,126.9,168.2,False,False
91416,720575940629009513,VA3_adPN,central,right,165.7,170.0,125.6,163.6,False,False
7488,720575940609454603,VC4_adPN,central,left,165.7,170.0,128.1,168.2,False,False
125378,720575940638689001,M_lvPNm29,central,left,165.7,168.6,127.5,168.2,False,False
49414,720575940621470028,v2LN42a,central,left,165.7,170.0,126.9,168.2,False,False
91863,720575940629097922,VA1v_adPN,central,left,164.3,168.6,126.2,163.6,False,False
138544,720575940661089921,PLP209,central,left,164.3,170.0,124.4,168.2,False,False
92223,720575940629163931,CB3356,central,left,164.3,168.6,126.2,163.6,False,False
21945,720575940614893930,KCab,central,left,164.3,168.6,128.1,172.7,False,False
58500,720575940623056653,CB1217,central,left,164.3,167.1,125.6,168.2,False,False
70290,720575940625175845,KCg-m,central,left,164.3,170.0,128.1,168.2,False,False
60797,720575940623444676,CB1630,central,right,164.3,167.1,123.8,168.2,False,False
113916,720575940633901395,CB0584,central,right,164.3,170.0,127.5,172.7,False,False
107205,720575940632160593,CB2480,central,right,164.3,172.9,130.6,177.3,False,False
85633,720575940627996422,CB1509,central,right,164.3,168.6,126.9,168.2,False,False
29896,720575940617179451,VM2_adPN,central,left,164.3,171.4,128.1,172.7,False,False
98363,720575940630384635,CB0356,central,left,162.9,165.7,127.5,168.2,False,False
117591,720575940635334044,CB1401,central,left,162.9,167.1,125.6,168.2,False,False
46809,720575940621012289,SMP012,central,left,162.9,164.3,123.8,168.2,False,False
32786,720575940617918603,v2LNX01,central,left,162.9,165.7,124.4,163.6,False,False
41427,720575940620011435,LAL023,central,right,162.9,165.7,125.0,168.2,False,False
137726,720575940654921121,CB1793,central,left,162.9,168.6,124.4,172.7,False,False
12777,720575940611983322,KCg-m,central,left,162.9,164.3,125.0,168.2,False,False
118936,720575940635838606,M_lPNm11D,central,right,162.9,168.6,124.4,163.6,False,False
46185,720575940620909933,CB2141,central,left,162.9,167.1,125.0,168.2,False,False
112637,720575940633499548,VA5_lPN,central,right,162.9,165.7,125.0,168.2,False,False
58549,720575940623064968,CB2135,central,left,162.9,167.1,125.6,168.2,False,False
72375,720575940625630212,CB2345,central,left,162.9,167.1,124.4,168.2,False,False
125808,720575940638885429,SLP255,central,right,162.9,168.6,125.0,168.2,False,False
69382,720575940625013175,v2LN3A1_b,central,left,162.9,155.7,116.9,154.5,False,False
123669,720575940637938522,CB1811,central,left,161.4,162.9,121.9,163.6,False,False
103472,720575940631328104,DM6_adPN,central,left,161.4,167.1,125.6,168.2,False,False
123612,720575940637910106,V_l2PN,central,left,161.4,172.9,126.2,172.7,False,False
54197,720575940622287142,VM5v_adPN,central,right,161.4,164.3,124.4,168.2,False,False
107664,720575940632271405,CB1058,central,right,161.4,165.7,125.6,168.2,False,False
5648,720575940608188427,DNge037,descending,left,161.4,171.4,125.0,159.1,False,False
9273,720575940610487928,CB3290,central,right,161.4,162.9,123.8,163.6,False,False
117886,720575940635462324,CB1655,central,right,161.4,165.7,125.6,163.6,False,False
3102,720575940606337312,VA1d_vPN,central,right,161.4,165.7,123.1,163.6,False,False
87288,720575940628283560,VA1v_adPN,central,left,161.4,165.7,123.8,168.2,False,False
101149,720575940630902991,CB1058,central,left,161.4,165.7,123.8,168.2,False,False
34843,720575940618373701,CB2831,central,right,161.4,165.7,125.0,163.6,False,False
3811,720575940606756785,v2LN46a,central,right,161.4,165.7,124.4,163.6,False,False
3812,720575940606757041,M_lvPNm24,central,left,161.4,164.3,123.1,163.6,False,False
81369,720575940627261882,LHPV2b5,central,left,161.4,164.3,123.1,163.6,False,False
43783,720575940620497286,LHAV2k6,central,left,161.4,165.7,123.1,163.6,False,False
69340,720575940625006157,CB1058,central,right,161.4,167.1,124.4,168.2,False,False
135152,720575940646431267,CB1195,central,left,161.4,165.7,123.8,168.2,False,False
18027,720575940613634713,CB1945,central,right,161.4,167.1,124.4,168.2,False,False
100510,720575940630778428,DL3_lPN,central,left,160.0,164.3,122.5,163.6,False,False
9969,720575940610836885,l2LN20,central,right,160.0,161.4,120.6,159.1,False,False
18098,720575940613655483,DL2d_adPN,central,right,160.0,164.3,122.5,163.6,False,False
134987,720575940646197812,CB3040,central,right,160.0,164.3,123.8,163.6,False,False
106114,720575940631925096,ORN_VM6v,sensory,left,160.0,164.3,123.1,163.6,False,False
80497,720575940627132232,CB2571,central,left,160.0,164.3,123.1,163.6,False,False
68188,720575940624803511,CB2018,central,right,160.0,167.1,125.0,163.6,False,False
52104,720575940621926669,DL3_lPN,central,left,160.0,164.3,123.1,163.6,False,False
24988,720575940615781307,CB1293,central,right,160.0,164.3,123.8,163.6,False,False
65954,720575940624357896,LHPV4a9,central,left,160.0,162.9,121.9,159.1,False,False
8140,720575940609850436,CB1058,central,right,160.0,165.7,123.8,163.6,False,False
119849,720575940636227941,CB2812,central,left,160.0,162.9,121.9,163.6,False,False
133823,720575940645024878,CB2764,central,right,160.0,164.3,121.9,163.6,False,False
97856,720575940630281319,CB1619,central,right,160.0,164.3,122.5,163.6,False,False
4063,720575940606953858,MBON23,central,right,160.0,164.3,121.9,159.1,False,False
18793,720575940613898449,LHPV6l2,central,right,160.0,161.4,125.0,163.6,False,False
133589,720575940644815395,LHAV3e3a,central,right,160.0,160.0,121.9,154.5,False,False
74543,720575940626034819,DA1_lPN,central,left,160.0,165.7,124.4,163.6,False,False
52441,720575940621995614,LHAD1a2,central,left,158.6,160.0,120.6,163.6,False,False
21987,720575940614908758,CB1195,central,right,158.6,165.7,121.9,159.1,False,False
43448,720575940620437339,DM6_adPN,central,left,158.6,162.9,123.1,163.6,False,False
85427,720575940627958889,M_vPNml51,central,right,158.6,164.3,121.9,159.1,False,False
59389,720575940623199684,CB2860,central,left,158.6,161.4,122.5,159.1,False,False
53696,720575940622203350,SIP029,central,left,158.6,164.3,123.1,168.2,False,False
87630,720575940628336401,LHPV2b5,central,left,158.6,162.9,122.5,159.1,False,False
67880,720575940624742158,LAL023,central,right,158.6,160.0,121.2,163.6,False,False
76524,720575940626446594,CB2135,central,right,158.6,162.9,123.1,163.6,False,False
124023,720575940638097983,LHPV4a11,central,right,158.6,162.9,123.1,163.6,False,False
27732,720575940616566133,VM3_adPN,central,right,158.6,164.3,123.8,163.6,False,False
102932,720575940631234575,LHPV5a1,central,left,158.6,158.6,118.1,154.5,False,False
36949,720575940618886710,PVLP076,central,left,157.1,155.7,120.6,168.2,False,False
64200,720575940624069012,CB2571,central,right,157.1,162.9,121.2,163.6,False,False
38389,720575940619247713,KCab,central,left,157.1,161.4,121.9,159.1,False,False
33178,720575940618008859,MBON30,central,left,157.1,160.0,116.9,154.5,False,False
18895,720575940613942557,HRN_VP1l,sensory,right,157.1,162.9,121.9,159.1,False,False
118466,720575940635664046,v2LN40_2,central,left,157.1,161.4,120.6,163.6,False,False
39921,720575940619675200,LAL144a,central,left,157.1,165.7,122.5,168.2,False,False
12901,720575940612031986,VP1m+_lvPN,central,right,157.1,160.0,120.6,159.1,False,False
71419,720575940625431866,VM5v_adPN,central,left,157.1,161.4,121.2,163.6,False,False
9392,720575940610542894,CB1134,central,left,157.1,152.9,115.6,159.1,False,False
91209,720575940628970087,CB1524,central,right,157.1,160.0,120.0,159.1,False,False
91840,720575940629091431,v2LN37,central,right,157.1,165.7,125.0,163.6,False,False
136511,720575940649154681,CB3679,central,right,155.7,160.0,120.0,159.1,False,False
20708,720575940614553767,CB2733,central,left,155.7,157.1,118.1,159.1,False,False
81421,720575940627269642,LHPV4g1,central,right,155.7,161.4,121.2,163.6,False,False
96221,720575940629960192,PAM10,central,left,155.7,160.0,120.6,163.6,False,False
90720,720575940628882450,DL3_lPN,central,right,155.7,160.0,118.8,159.1,False,False
102592,720575940631164476,CB3633,central,right,155.7,154.3,115.6,154.5,False,False
59873,720575940623289087,CB1619,central,left,155.7,161.4,121.2,159.1,False,False
114341,720575940634071476,KCab,central,left,155.7,158.6,118.8,159.1,False,False
91731,720575940629068741,v2LN46b,central,right,155.7,160.0,119.4,159.1,False,False
125931,720575940638936885,KCg-m,central,left,155.7,161.4,120.6,159.1,False,False
38980,720575940619417620,v2LN41b,central,left,155.7,161.4,120.6,159.1,False,False
95370,720575940629805950,DNg35,descending,right,155.7,154.3,119.4,159.1,False,False
22474,720575940615059752,CB3040,central,left,155.7,161.4,120.0,163.6,False,False
93113,720575940629354087,CB1245,central,left,155.7,157.1,117.5,154.5,False,False
54228,720575940622293091,KCab,central,left,155.7,160.0,120.0,159.1,False,False
112112,720575940633333916,CB2018,central,right,155.7,161.4,120.6,159.1,False,False
110069,720575940632793645,LHAV1e1,central,right,155.7,151.4,114.4,154.5,False,False
48593,720575940621332150,CB2480,central,left,155.7,162.9,120.0,159.1,False,False
53754,720575940622211845,ORN_VM6v,sensory,right,155.7,160.0,120.0,159.1,False,False
77276,720575940626600067,LHPV6l1,central,right,155.7,157.1,119.4,159.1,False,False
18893,720575940613942045,HRN_VP1l,sensory,right,155.7,162.9,120.6,163.6,False,False
67993,720575940624763891,CB2757,central,left,154.3,155.7,117.5,159.1,False,False
95730,720575940629874806,M_lvPNm28,central,left,154.3,157.1,119.4,159.1,False,False
38731,720575940619337536,VM7v_adPN,central,left,154.3,158.6,118.8,159.1,False,False
110190,720575940632821059,ALIN4,central,right,154.3,154.3,115.6,154.5,False,False
125140,720575940638592590,KCab,central,left,154.3,158.6,118.8,159.1,False,False
67480,720575940624666604,CB2831,central,left,154.3,158.6,118.1,154.5,False,False
99842,720575940630668306,SIP088,central,left,154.3,155.7,117.5,154.5,False,False
25340,720575940615895858,KCg-m,central,left,154.3,158.6,120.0,159.1,False,False
47534,720575940621136519,PAM11,central,left,154.3,160.0,119.4,159.1,False,False
50838,720575940621706480,CB3051,central,left,154.3,160.0,117.5,159.1,False,False
18891,720575940613941533,HRN_VP1l,sensory,right,154.3,160.0,116.9,154.5,False,False
77559,720575940626650776,VP2+VC5_l2PN,central,right,154.3,155.7,118.8,159.1,False,False
32968,720575940617959729,KCab,central,left,154.3,160.0,119.4,159.1,False,False
60939,720575940623465909,M_lPNm11D,central,right,154.3,160.0,119.4,159.1,False,False
93830,720575940629489260,LAL072,central,left,154.3,160.0,119.4,163.6,False,False
64058,720575940624043107,LHPV4g1,central,right,154.3,157.1,117.5,159.1,False,False
32084,720575940617739860,CB3290,central,right,154.3,157.1,120.6,159.1,False,False
77174,720575940626580361,HRN_VP1l,sensory,left,154.3,158.6,119.4,159.1,False,False
83632,720575940627654933,LHAV1e1,central,left,154.3,154.3,116.9,154.5,False,False
831,720575940604663520,CB2861,central,right,154.3,160.0,121.9,163.6,False,False
55928,720575940622607069,CB1244,central,left,154.3,157.1,118.1,159.1,False,False
17825,720575940613579943,DC4_adPN,central,left,154.3,157.1,116.9,159.1,False,False
53090,720575940622104097,LHPV2a1_c,central,left,154.3,155.7,121.2,168.2,False,False
1700,720575940605420902,SMP164,central,left,154.3,161.4,119.4,159.1,False,False
134139,720575940645304430,MBON13,central,left,152.9,157.1,119.4,159.1,False,False
129612,720575940640578931,ATL001,central,right,152.9,157.1,117.5,159.1,False,False
23742,720575940615409150,WEDPN4,central,right,152.9,150.0,115.0,154.5,False,False
23681,720575940615394719,VC3_adPN,central,left,152.9,155.7,115.0,150.0,False,False
55414,720575940622501611,KCab,central,left,152.9,155.7,118.1,159.1,False,False
90184,720575940628787528,CB2678,central,left,152.9,160.0,119.4,159.1,False,False
20522,720575940614485671,CB1656,central,right,152.9,157.1,117.5,154.5,False,False
6696,720575940608971221,CB1244,central,left,152.9,160.0,121.9,163.6,False,False
119282,720575940635964271,CB1811,central,right,152.9,144.3,108.7,145.5,False,False
64286,720575940624084429,v2LN3A1_b,central,right,152.9,155.7,116.9,154.5,False,False
64881,720575940624180479,v2LN3A1_b,central,right,152.9,154.3,116.2,154.5,False,False
120845,720575940636676976,KCab,central,left,152.9,157.1,117.5,159.1,False,False
9840,720575940610762850,CB2463,central,left,152.9,157.1,116.2,154.5,False,False
64652,720575940624144107,KCg-m,central,left,152.9,158.6,118.8,154.5,False,False
24257,720575940615568070,LHPV2d1,central,left,152.9,155.7,117.5,159.1,False,False
122963,720575940637633678,CSD,central,right,152.9,157.1,116.9,154.5,False,False
11404,720575940611476686,CB1328,central,left,151.4,155.7,116.2,154.5,False,False
120641,720575940636588430,CB2135,central,left,151.4,154.3,117.5,159.1,False,False
20406,720575940614443687,LHAD1a2,central,left,151.4,151.4,115.6,154.5,False,False
14308,720575940612504434,CB2387,central,left,151.4,152.9,116.9,159.1,False,False
28024,720575940616649433,KCg-m,central,left,151.4,155.7,116.2,154.5,False,False
2344,720575940605842656,LHAD1f2,central,right,151.4,148.6,107.5,145.5,False,False
80152,720575940627080079,M_vPNml55,central,left,151.4,155.7,116.9,154.5,False,False
91277,720575940628983887,LHPV6c1,central,right,151.4,154.3,116.2,145.5,False,False
134715,720575940645864739,SMP204,central,right,151.4,155.7,116.9,159.1,False,False
76026,720575940626347778,CB3040,central,left,151.4,154.3,118.1,159.1,False,False
70134,720575940625148174,HRN_VP1l,sensory,right,151.4,154.3,113.8,150.0,False,False
16725,720575940613226989,CB1334,central,left,151.4,155.7,118.1,159.1,False,False
3595,720575940606649865,VM5d_adPN,central,right,151.4,155.7,116.2,154.5,False,False
120722,720575940636620942,CB1217,central,left,151.4,155.7,115.6,154.5,False,False
51633,720575940621833054,SMP568,central,right,151.4,155.7,116.2,154.5,False,False
67451,720575940624661031,PAM10,central,right,151.4,154.3,116.2,154.5,False,False
114664,720575940634215525,LHPV4g1,central,right,151.4,155.7,116.9,159.1,False,False
41305,720575940619985140,KCab,central,left,151.4,154.3,115.0,154.5,False,False
9432,720575940610569028,PAM08,central,left,150.0,155.7,117.5,154.5,False,False
131191,720575940641961869,LHAV1a3,central,left,150.0,155.7,119.4,163.6,False,False
93551,720575940629438202,KCab,central,left,150.0,152.9,114.4,154.5,False,False
16002,720575940612992479,M_vPNml52,central,left,150.0,151.4,115.6,154.5,False,False
33363,720575940618051867,CB1524,central,left,150.0,152.9,114.4,150.0,False,False
2019,720575940605664702,KCg-m,central,left,150.0,152.9,114.4,150.0,False,False
122519,720575940637449023,VP3+_l2PN,central,right,150.0,152.9,112.5,145.5,False,False
116603,720575940635001535,CB3131,central,left,150.0,151.4,115.6,154.5,False,False
74083,720575940625955877,CB1217,central,right,150.0,155.7,116.2,154.5,False,False
110237,720575940632829741,CB2111,central,left,150.0,154.3,115.6,154.5,False,False
32613,720575940617874205,KCab,central,left,150.0,150.0,113.8,154.5,False,False
72659,720575940625683740,KCg-m,central,left,150.0,154.3,115.6,154.5,False,False
97738,720575940630258391,CB2831,central,right,148.6,152.9,115.6,154.5,False,False
80272,720575940627096957,CB0010,central,right,148.6,157.1,115.0,150.0,False,False
36948,720575940618886454,CB2387,central,left,148.6,148.6,112.5,150.0,False,False
500,720575940604132710,KCab,central,left,148.6,151.4,114.4,150.0,False,False
102900,720575940631227343,LHAD1c2a,central,left,148.6,152.9,114.4,150.0,False,False
96705,720575940630050391,CB2842,central,left,148.6,152.9,114.4,154.5,False,False
1103,720575940604931249,HRN_VP1l,sensory,left,148.6,151.4,115.0,154.5,False,False
83101,720575940627546897,KCab,central,left,148.6,150.0,113.1,154.5,False,False
21535,720575940614770498,LHPV6k2,central,right,148.6,148.6,112.5,145.5,False,False
127704,720575940639711037,LHPV4g1,central,left,148.6,151.4,113.1,150.0,False,False
84068,720575940627728009,CB2493,central,right,148.6,151.4,116.2,154.5,False,False
1716,720575940605427134,CB3109,central,right,148.6,155.7,115.6,154.5,False,False
4738,720575940607484099,LHPV4g1,central,right,148.6,150.0,113.8,154.5,False,False
25503,720575940615945414,CB2798,central,left,148.6,151.4,113.1,150.0,False,False
102033,720575940631061815,CB3190,central,left,148.6,151.4,115.6,154.5,False,False
51517,720575940621814054,l2LN20,central,left,148.6,150.0,113.1,150.0,False,False
46847,720575940621018977,SLP209,central,right,148.6,148.6,113.8,154.5,False,False
1204,720575940605007206,CRE102,central,right,148.6,152.9,115.0,154.5,False,False
126925,720575940639358579,PAM11,central,right,148.6,155.7,116.9,159.1,False,False
85560,720575940627983080,LHPV4g1,central,right,148.6,150.0,111.9,145.5,False,False
132684,720575940643919982,KCab,central,left,148.6,152.9,113.1,150.0,False,False
104286,720575940631502136,CB2906,central,left,147.1,151.4,113.1,150.0,False,False
7477,720575940609447179,VC4_adPN,central,right,147.1,148.6,112.5,150.0,False,False
79267,720575940626937630,KCab,central,left,147.1,147.1,111.9,150.0,False,False
134041,720575940645199924,ALON1,central,left,147.1,151.4,111.9,145.5,False,False
81221,720575940627236874,KCab,central,left,147.1,148.6,111.9,145.5,False,False
102925,720575940631232786,CB2755,central,right,147.1,152.9,111.9,150.0,False,False
6068,720575940608496835,KCg-m,central,left,147.1,148.6,110.6,145.5,False,False
5664,720575940608200713,CB1515,central,right,147.1,150.0,113.1,150.0,False,False
40522,720575940619807397,DL3_lPN,central,left,147.1,150.0,113.8,154.5,False,False
22026,720575940614921501,HRN_VP1l,sensory,left,147.1,151.4,115.0,159.1,False,False
18695,720575940613863087,CB2854,central,left,147.1,147.1,112.5,150.0,False,False
85622,720575940627994008,CB1811,central,right,147.1,142.9,106.9,140.9,False,False
33741,720575940618130833,PPL203,central,left,147.1,157.1,113.8,150.0,False,False
33645,720575940618106437,KCab,central,left,147.1,151.4,112.5,150.0,False,False
74626,720575940626051367,v2LN3A1_a,central,right,147.1,150.0,111.9,145.5,False,False
32744,720575940617910017,CB2842,central,left,147.1,151.4,113.1,150.0,False,False
29230,720575940616986769,PAM08,central,left,147.1,152.9,115.0,154.5,False,False
121257,720575940636878254,TRN_VP2,sensory,right,147.1,147.1,108.7,145.5,False,False
46920,720575940621030320,SMP012,central,left,147.1,150.0,110.0,145.5,False,False
59287,720575940623182847,MBON33,central,left,147.1,150.0,115.0,150.0,False,False
45104,720575940620718318,SLP209,central,left,147.1,152.9,114.4,150.0,False,False
63183,720575940623897613,M_vPNml57,central,right,147.1,138.6,105.0,140.9,False,False
33825,720575940618149686,ALIN2,central,right,147.1,154.3,113.8,150.0,False,False
135404,720575940646735156,SMP384,central,left,147.1,151.4,114.4,150.0,False,False
21287,720575940614709410,CB2733,central,right,147.1,150.0,111.9,150.0,False,False
99576,720575940630617386,SIP022,central,right,147.1,152.9,113.8,150.0,False,False
134439,720575940645599268,CB2018,central,left,147.1,151.4,113.1,154.5,False,False
96331,720575940629979897,KCab,central,left,145.7,148.6,110.6,145.5,False,False
9112,720575940610410609,KCab,central,left,145.7,150.0,111.9,150.0,False,False
36590,720575940618790966,KCg-m,central,left,145.7,147.1,111.2,150.0,False,False
105293,720575940631716409,KCg-m,central,left,145.7,151.4,111.2,150.0,False,False
56976,720575940622785062,DM6_adPN,central,left,145.7,148.6,110.6,150.0,False,False
103156,720575940631271251,CB1656,central,right,145.7,145.7,108.1,145.5,False,False
60075,720575940623322921,CB0448,central,right,145.7,151.4,112.5,154.5,False,False
5103,720575940607814492,CB2731,central,right,145.7,145.7,107.5,145.5,False,False
28029,720575940616650201,KCab,central,left,145.7,150.0,111.9,145.5,False,False
37851,720575940619105190,KCab,central,left,145.7,150.0,111.9,145.5,False,False
80038,720575940627061050,CB2524,central,left,145.7,148.6,110.6,150.0,False,False
130085,720575940640841973,LHPV2b5,central,right,145.7,148.6,109.4,145.5,False,False
129580,720575940640559165,CB1673,central,left,145.7,151.4,112.5,150.0,False,False
21889,720575940614871106,VP1l+VP3_ilPN,central,left,145.7,150.0,112.5,154.5,False,False
79788,720575940627022664,KCab,central,left,145.7,150.0,113.1,150.0,False,False
115836,720575940634698079,LHAV3h1,central,left,145.7,147.1,108.1,145.5,False,False
102222,720575940631097462,LAL023,central,left,145.7,151.4,110.0,145.5,False,False
49360,720575940621457690,SMP108,central,right,145.7,150.0,102.5,136.4,False,False
10424,720575940611052517,KCg-m,central,left,145.7,151.4,113.1,154.5,False,False
132647,720575940643869988,CB2345,central,left,145.7,150.0,111.9,150.0,False,False
102766,720575940631198776,PAM04,central,right,144.3,150.0,111.9,145.5,False,False
698,720575940604493024,KCg-m,central,left,144.3,147.1,110.6,150.0,False,False
83834,720575940627692565,LHAV6g1,central,right,144.3,150.0,113.1,136.4,False,False
87562,720575940628323919,DM4_vPN,central,left,144.3,142.9,106.2,140.9,False,False
29750,720575940617128705,M_vPNml72,central,right,144.3,147.1,109.4,145.5,False,False
118587,720575940635699351,CB3138,central,left,144.3,145.7,109.4,145.5,False,False
33686,720575940618116693,CB2133,central,right,144.3,148.6,110.6,145.5,False,False
85435,720575940627960826,KCab,central,left,144.3,147.1,111.2,145.5,False,False
72299,720575940625615248,PAM04,central,right,144.3,148.6,111.9,150.0,False,False
107288,720575940632179364,KCab,central,left,144.3,148.6,112.5,150.0,False,False
119858,720575940636231525,CB1328,central,right,144.3,147.1,110.6,150.0,False,False
80635,720575940627153668,KCg-m,central,left,144.3,145.7,109.4,145.5,False,False
75719,720575940626286878,KCg-m,central,left,144.3,145.7,110.6,145.5,False,False
91938,720575940629111814,vLN24,central,right,144.3,145.7,109.4,150.0,False,False
31082,720575940617492822,ATL012,central,right,144.3,151.4,107.5,145.5,False,False
89045,720575940628581123,KCab,central,left,144.3,148.6,111.9,145.5,False,False
10574,720575940611113109,KCg-m,central,left,144.3,147.1,110.6,150.0,False,False
125975,720575940638960547,KCg-m,central,left,144.3,145.7,110.0,145.5,False,False
93342,720575940629398316,CB2729,central,right,144.3,145.7,110.0,145.5,False,False
132279,720575940643380759,KCab,central,left,144.3,148.6,113.1,150.0,False,False
32720,720575940617903168,VM7d_adPN,central,right,144.3,145.7,109.4,140.9,False,False
56486,720575940622700749,HRN_VP1l,sensory,left,144.3,151.4,113.1,154.5,False,False
685,720575940604479590,PAM08,central,left,144.3,148.6,112.5,150.0,False,False
134176,720575940645344110,KCg-m,central,left,144.3,147.1,110.6,145.5,False,False
37055,720575940618911901,v2LN46a,central,left,144.3,147.1,110.0,145.5,False,False
97376,720575940630188887,KCab,central,left,142.9,147.1,108.7,145.5,False,False
53748,720575940622210892,KCab,central,left,142.9,144.3,109.4,145.5,False,False
57137,720575940622812799,CB3679,central,left,142.9,147.1,109.4,145.5,False,False
1037,720575940604874208,LHPV2i2b,central,left,142.9,144.3,108.7,140.9,False,False
21145,720575940614674282,KCg-m,central,left,142.9,145.7,108.7,145.5,False,False
131277,720575940642071437,KCab,central,left,142.9,145.7,108.7,145.5,False,False
77628,720575940626663440,KCab,central,right,142.9,145.7,108.7,145.5,False,False
126352,720575940639100248,KCg-m,central,left,142.9,145.7,108.1,145.5,False,False
55328,720575940622484182,LHPV5a1,central,right,142.9,140.0,106.9,145.5,False,False
116928,720575940635116383,LHAV2k6,central,right,142.9,144.3,112.5,145.5,False,False
56330,720575940622674712,CB2243,central,left,142.9,145.7,110.0,150.0,False,False
106041,720575940631908712,CB1217,central,right,142.9,144.3,106.2,140.9,False,False
99133,720575940630539535,LAL182,central,left,142.9,148.6,111.2,150.0,False,False
137741,720575940654972577,CB1402,central,left,142.9,144.3,111.2,145.5,False,False
24058,720575940615502658,CB2770,central,left,142.9,145.7,108.7,145.5,False,False
120526,720575940636539790,KCg-m,central,left,142.9,147.1,109.4,145.5,False,False
87229,720575940628270235,KCg-m,central,left,142.9,147.1,111.2,150.0,False,False
94412,720575940629601810,KCab,central,left,142.9,147.1,110.0,145.5,False,False
51099,720575940621753377,VP1m+VP5_ilPN,central,right,142.9,150.0,108.1,145.5,False,False
46110,720575940620896937,M_lv2PN9t49b,central,left,142.9,145.7,111.2,145.5,False,False
45843,720575940620850017,KCg-m,central,left,142.9,144.3,108.7,145.5,False,False
108467,720575940632433572,LHPV4b2,central,left,142.9,150.0,111.9,145.5,False,False
136976,720575940650929273,DNp32,descending,left,141.4,147.1,111.9,150.0,False,False
3347,720575940606514878,CB2018,central,right,141.4,148.6,111.2,150.0,False,False
54463,720575940622331882,VP3+_l2PN,central,right,141.4,144.3,108.7,145.5,False,False
30978,720575940617470164,LHAV2b7_a,central,left,141.4,144.3,109.4,150.0,False,False
25055,720575940615802598,CB2770,central,right,141.4,145.7,108.1,145.5,False,False
50297,720575940621618721,CB2135,central,right,141.4,145.7,110.0,145.5,False,False
5476,720575940608071435,PAM08,central,right,141.4,148.6,110.6,150.0,False,False
104709,720575940631587897,KCab,central,left,141.4,142.9,107.5,145.5,False,False
111264,720575940633117580,"SMP049,SMP076",central,right,141.4,147.1,109.4,145.5,False,False
56338,720575940622675494,DM4_vPN,central,right,141.4,140.0,103.8,136.4,False,False
8025,720575940609781966,KCab,central,left,141.4,145.7,109.4,145.5,False,False
42334,720575940620193472,ORN_VM6v,sensory,right,141.4,144.3,109.4,145.5,False,False
4339,720575940607180722,KCg-m,central,left,141.4,144.3,108.7,145.5,False,False
44149,720575940620567661,KCg-m,central,left,141.4,147.1,109.4,145.5,False,False
105410,720575940631741613,KCab,central,left,141.4,147.1,109.4,145.5,False,False
16164,720575940613049315,KCg-m,central,left,141.4,145.7,108.1,145.5,False,False
60836,720575940623450308,CB1238,central,left,141.4,145.7,108.1,145.5,False,False
41193,720575940619964916,KCg-m,central,left,141.4,144.3,108.1,145.5,False,False
123843,720575940638022515,v2LN39a,central,right,141.4,144.3,108.1,145.5,False,False
25444,720575940615927197,KCg-m,central,right,141.4,145.7,108.1,145.5,False,False
138176,720575940659392385,KCg-m,central,left,141.4,144.3,107.5,140.9,False,False
52960,720575940622084681,ORN_VM6v,sensory,left,141.4,145.7,108.1,145.5,False,False
14693,720575940612626966,KCg-m,central,left,141.4,145.7,109.4,145.5,False,False
30464,720575940617327590,CB3172,central,right,141.4,144.3,108.7,145.5,False,False
33789,720575940618142813,M_vPNml72,central,right,141.4,147.1,108.7,140.9,False,False
28861,720575940616891958,CB1102,central,right,141.4,145.7,108.7,145.5,False,False
11925,720575940611669145,KCab,central,left,141.4,145.7,109.4,145.5,False,False
86486,720575940628137969,KCab,central,left,141.4,142.9,105.6,140.9,False,False
79834,720575940627031226,CB3633,central,left,141.4,144.3,108.7,145.5,False,False
115807,720575940634688151,LHAD2b1,central,right,140.0,147.1,110.0,145.5,False,False
43242,720575940620390592,LHAV3k4,central,left,140.0,148.6,109.4,145.5,False,False
37470,720575940619010251,KCg-m,central,left,140.0,144.3,107.5,145.5,False,False
13339,720575940612194983,KCab,central,left,140.0,142.9,107.5,145.5,False,False
42938,720575940620324079,SMP115,central,left,140.0,141.4,108.1,140.9,False,False
58818,720575940623111463,KCab,central,left,140.0,137.1,104.4,140.9,False,False
5250,720575940607900867,KCg-m,central,left,140.0,144.3,108.1,140.9,False,False
127732,720575940639725885,CB1655,central,left,140.0,140.0,106.9,140.9,False,False
60137,720575940623331475,KCab,central,left,140.0,138.6,105.0,140.9,False,False
109142,720575940632592429,KCab,central,left,140.0,144.3,106.9,145.5,False,False
18894,720575940613942301,HRN_VP1l,sensory,right,140.0,144.3,105.6,140.9,False,False
42686,720575940620266406,VA1d_adPN,central,right,140.0,142.9,108.7,145.5,False,False
83576,720575940627644584,PAM08,central,right,140.0,145.7,108.7,145.5,False,False
16191,720575940613058802,M_adPNm8,central,right,140.0,144.3,106.9,140.9,False,False
114641,720575940634207443,CB2561,central,right,140.0,142.9,106.9,140.9,False,False
90637,720575940628864087,CB1184,central,right,140.0,142.9,107.5,145.5,False,False
20344,720575940614424231,CB2554,central,left,140.0,138.6,101.2,136.4,False,False
18936,720575940613961403,KCab,central,left,140.0,141.4,108.1,140.9,False,False
19301,720575940614103761,CB1247,central,left,140.0,145.7,107.5,145.5,False,False
14288,720575940612499097,CB1664,central,right,140.0,145.7,108.1,140.9,False,False
104101,720575940631462200,VM7d_adPN,central,right,140.0,144.3,111.2,150.0,False,False
135110,720575940646372228,TRN_VP2,sensory,left,140.0,144.3,108.1,150.0,False,False
87807,720575940628359895,KCab,central,right,138.6,138.6,105.0,140.9,False,False
21003,720575940614635666,KCab,central,left,138.6,141.4,105.6,140.9,False,False
133757,720575940644961588,VM5d_adPN,central,left,138.6,144.3,107.5,140.9,False,False
123685,720575940637946968,KCab,central,left,138.6,137.1,103.1,136.4,False,False
8206,720575940609891886,VA7m_lPN,central,right,138.6,140.0,105.0,136.4,False,False
10616,720575940611129698,PAM10,central,left,138.6,144.3,109.4,145.5,False,False
21926,720575940614887830,KCg-m,central,right,138.6,142.9,106.9,140.9,False,False
18668,720575940613849553,LHAD1a2,central,left,138.6,137.1,105.0,140.9,False,False
116473,720575940634953079,PAM11,central,right,138.6,144.3,108.7,145.5,False,False
6046,720575940608471563,KCg-m,central,left,138.6,141.4,108.1,145.5,False,False
75444,720575940626227202,KCab,central,left,138.6,142.9,106.9,140.9,False,False
42841,720575940620305499,KCg-m,central,left,138.6,144.3,106.2,140.9,False,False
18352,720575940613741864,KCg-m,central,left,138.6,142.9,106.2,140.9,False,False
106777,720575940632059193,CRE102,central,left,138.6,141.4,107.5,140.9,False,False
61892,720575940623643832,KCab,central,left,138.6,140.0,106.2,140.9,False,False
129391,720575940640451280,KCg-m,central,left,138.6,141.4,105.0,140.9,False,False
52543,720575940622015612,KCg-m,central,left,138.6,142.9,105.0,140.9,False,False
83631,720575940627654677,CB3290,central,right,138.6,144.3,106.2,140.9,False,False
68986,720575940624943292,LHAV4e1_a,central,left,138.6,144.3,106.9,140.9,False,False
1241,720575940605032550,"ATL017,ATL018",central,right,138.6,145.7,108.1,145.5,False,False
81234,720575940627239946,M_vPNml72,central,right,138.6,142.9,106.2,140.9,False,False
123703,720575940637953764,KCab,central,left,138.6,142.9,106.2,145.5,False,False
33492,720575940618075733,KCg-m,central,left,138.6,142.9,106.9,140.9,False,False
3680,720575940606687499,KCab,central,left,138.6,142.9,105.6,136.4,False,False
107935,720575940632336685,KCg-m,central,left,138.6,142.9,104.4,140.9,False,False
28487,720575940616798779,PLP058,central,right,138.6,140.0,105.0,140.9,False,False
116655,720575940635022527,CB1244,central,left,138.6,148.6,107.5,140.9,False,False
32721,720575940617903617,LHPV5a1,central,left,138.6,135.7,105.0,140.9,False,False
120385,720575940636488110,LHPV5a1,central,right,138.6,141.4,103.8,140.9,False,False
88978,720575940628569815,KCg-m,central,left,138.6,141.4,106.2,140.9,False,False
120469,720575940636523109,M_vPNml72,central,left,138.6,142.9,106.2,140.9,False,False
10951,720575940611284174,KCg-m,central,left,138.6,141.4,104.4,140.9,False,False
126265,720575940639067108,v2LN3A1_b,central,left,138.6,138.6,104.4,136.4,False,False
78030,720575940626734436,KCab,central,left,137.1,137.1,104.4,136.4,False,False
24148,720575940615528251,KCab,central,left,137.1,137.1,102.5,136.4,False,False
48301,720575940621280801,KCg-m,central,left,137.1,141.4,105.0,140.9,False,False
6692,720575940608970453,CB3290,central,left,137.1,141.4,106.9,140.9,False,False
47893,720575940621203632,DL3_lPN,central,right,137.1,138.6,105.0,140.9,False,False
69157,720575940624975760,KCab,central,left,137.1,138.6,105.0,140.9,False,False
103290,720575940631295018,KCg-m,central,left,137.1,140.0,106.2,145.5,False,False
105466,720575940631758111,CB1334,central,left,137.1,141.4,107.5,145.5,False,False
99845,720575940630668751,KCab,central,left,137.1,142.9,106.2,145.5,False,False
2102,720575940605705650,KCab,central,left,137.1,138.6,103.8,140.9,False,False
68814,720575940624915435,SMP568,central,right,137.1,141.4,105.0,140.9,False,False
135472,720575940646852660,PPL203,central,right,137.1,141.4,105.0,140.9,False,False
36236,720575940618707183,KCab,central,left,137.1,137.1,103.8,140.9,False,False
133897,720575940645097838,CB2764,central,left,137.1,141.4,105.6,140.9,False,False
124702,720575940638389437,TRN_VP2,sensory,left,137.1,141.4,105.0,140.9,False,False
101014,720575940630877903,KCg-m,central,left,137.1,142.9,106.2,140.9,False,False
71930,720575940625529477,KCg-m,central,left,137.1,141.4,106.2,140.9,False,False
126345,720575940639096125,KCab,central,left,137.1,138.6,103.8,131.8,False,False
63838,720575940624009653,CB1134,central,left,137.1,127.1,95.0,127.3,False,False
100893,720575940630848740,KCg-m,central,left,137.1,141.4,106.9,140.9,False,False
23219,720575940615255993,DL3_lPN,central,right,137.1,140.0,105.6,140.9,False,False
43069,720575940620349632,KCg-m,central,left,137.1,140.0,105.0,136.4,False,False
43390,720575940620423104,CB2480,central,left,137.1,142.9,106.2,140.9,False,False
125200,720575940638619358,KCab,central,right,137.1,138.6,101.9,136.4,False,False
50956,720575940621729171,KCab,central,left,137.1,140.0,105.0,140.9,False,False
76404,720575940626420045,PAM04,central,left,137.1,142.9,107.5,145.5,False,False
118967,720575940635850206,KCg-m,central,left,137.1,142.9,106.2,140.9,False,False
105610,720575940631797315,CB0367,central,right,137.1,140.0,105.6,140.9,False,False
105282,720575940631713384,KCg-m,central,left,137.1,141.4,106.2,145.5,False,False
111401,720575940633156377,ATL032,central,right,137.1,140.0,104.4,140.9,False,False
25222,720575940615859423,LHPV4a2,central,right,137.1,141.4,107.5,140.9,False,False
27075,720575940616377942,ORN_D,sensory,right,137.1,141.4,105.0,140.9,False,False
55900,720575940622600319,SMP012,central,right,135.7,140.0,103.8,140.9,False,False
88953,720575940628564350,ORN_VM6v,sensory,left,135.7,140.0,104.4,136.4,False,False
33083,720575940617987113,HRN_VP1l,sensory,left,135.7,140.0,106.2,145.5,False,False
44247,720575940620584175,CB1401,central,right,135.7,138.6,105.0,140.9,False,False
44817,720575940620675800,CB2731,central,left,135.7,140.0,103.8,140.9,False,False
103108,720575940631261714,CB2854,central,left,135.7,142.9,106.9,140.9,False,False
103161,720575940631272515,KCab,central,left,135.7,132.9,99.4,131.8,False,False
80966,720575940627195748,LHAV4g17,central,left,135.7,140.0,107.5,140.9,False,False
21013,720575940614638754,CB2731,central,left,135.7,138.6,103.8,136.4,False,False
133689,720575940644907543,CB2678,central,right,135.7,135.7,101.9,136.4,False,False
20519,720575940614485159,LHPV7a1b,central,left,135.7,140.0,105.0,140.9,False,False
2338,720575940605841074,KCab,central,left,135.7,140.0,103.8,140.9,False,False
65386,720575940624266936,KCab,central,left,135.7,140.0,104.4,140.9,False,False
109244,720575940632616908,CB1664,central,left,135.7,140.0,104.4,136.4,False,False
126110,720575940639020707,KCg-m,central,left,135.7,138.6,104.4,140.9,False,False
30514,720575940617341597,KCg-m,central,left,135.7,141.4,105.0,136.4,False,False
118481,720575940635668592,KCab,central,left,135.7,135.7,102.5,136.4,False,False
92744,720575940629270487,ORN_D,sensory,left,135.7,140.0,105.0,140.9,False,False
72451,720575940625647882,KCab,central,left,135.7,138.6,103.8,136.4,False,False
79865,720575940627035388,VM5d_adPN,central,left,135.7,138.6,105.0,136.4,False,False
29310,720575940617009970,LHPV2i1a,central,right,135.7,135.7,102.5,136.4,False,False
98946,720575940630500293,PAM08,central,left,135.7,141.4,106.9,140.9,False,False
44722,720575940620659489,KCg-m,central,left,135.7,138.6,106.2,136.4,False,False
91017,720575940628933275,CB2345,central,right,135.7,138.6,104.4,140.9,False,False
90690,720575940628876292,LAL023,central,left,135.7,140.0,103.8,140.9,False,False
90247,720575940628794371,CB2757,central,left,135.7,131.4,98.8,131.8,False,False
25762,720575940616009729,KCab,central,left,135.7,137.1,103.1,136.4,False,False
103708,720575940631381212,LHPV9b1,central,left,135.7,138.6,103.1,140.9,False,False
59566,720575940623230698,CB1305,central,right,135.7,134.3,100.0,131.8,False,False
48666,720575940621343348,M_vPNml52,central,right,135.7,138.6,102.5,136.4,False,False
61289,720575940623526985,v2LN47,central,right,135.7,140.0,105.6,140.9,False,False
59847,720575940623284009,CB3467,central,left,135.7,140.0,105.0,136.4,False,False
76330,720575940626404776,KCg-m,central,left,135.7,138.6,104.4,140.9,False,False
96533,720575940630020345,LAL144b,central,right,134.3,135.7,101.9,136.4,False,False
134441,720575940645601572,"SMP049,SMP076",central,left,134.3,138.6,103.1,136.4,False,False
118024,720575940635513524,LHPV2i2b,central,right,134.3,132.9,100.6,127.3,False,False
76623,720575940626467836,KCab,central,left,134.3,138.6,103.1,136.4,False,False
40249,720575940619743680,KCg-m,central,left,134.3,137.1,104.4,140.9,False,False
47853,720575940621196224,M_spPN5t10,central,left,134.3,137.1,102.5,136.4,False,False
30081,720575940617228315,KCg-m,central,left,134.3,138.6,104.4,140.9,False,False
120428,720575940636505445,CB2729,central,left,134.3,137.1,101.2,131.8,False,False
12845,720575940612011377,LHPD5a1,central,right,134.3,135.7,103.8,140.9,False,False
73428,720575940625826352,CB2854,central,left,134.3,134.3,102.5,136.4,False,False
126409,720575940639127861,KCg-m,central,left,134.3,127.1,95.6,131.8,False,False
120348,720575940636473006,CB1619,central,left,134.3,138.6,102.5,136.4,False,False
87642,720575940628338028,VP1l+VP3_ilPN,central,right,134.3,138.6,101.2,127.3,False,False
113606,720575940633799961,KCg-m,central,left,134.3,135.7,100.6,131.8,False,False
74580,720575940626043218,VP4_vPN,central,right,134.3,138.6,103.1,140.9,False,False
63919,720575940624019893,CB2678,central,left,134.3,141.4,106.2,136.4,False,False
58862,720575940623118519,v2LN47,central,left,134.3,137.1,102.5,136.4,False,False
10162,720575940610933458,CB1860,central,left,134.3,138.6,105.0,140.9,False,False
44617,720575940620644446,HRN_VP1l,sensory,right,134.3,135.7,101.2,136.4,False,False
121926,720575940637185252,CB3206,central,right,134.3,140.0,104.4,140.9,False,False
62109,720575940623689148,KCab,central,left,134.3,137.1,102.5,131.8,False,False
77704,720575940626674584,KCg-m,central,left,134.3,138.6,103.1,136.4,False,False
87050,720575940628239110,KCg-m,central,left,134.3,138.6,103.8,136.4,False,False
77595,720575940626657802,M_vPNml55,central,right,134.3,138.6,102.5,136.4,False,False
28809,720575940616882757,PAM11,central,left,134.3,138.6,103.1,140.9,False,False
100226,720575940630731148,KCab,central,left,134.3,137.1,104.4,136.4,False,False
136624,720575940649809273,DNg56,descending,right,134.3,134.3,101.2,136.4,False,False
37635,720575940619055969,KCab,central,right,134.3,134.3,100.0,136.4,False,False
45113,720575940620719064,LHPV7a1b,central,right,134.3,137.1,103.8,136.4,False,False
77746,720575940626682682,VP1m+VP2_lvPN1,central,right,134.3,137.1,103.1,136.4,False,False
71398,720575940625427210,KCab,central,left,134.3,135.7,100.0,131.8,False,False
31917,720575940617695572,ORN_D,sensory,left,134.3,137.1,102.5,136.4,False,False
124148,720575940638145001,CB1515,central,left,134.3,137.1,102.5,136.4,False,False
136995,720575940651079158,HRN_VP1l,sensory,left,134.3,140.0,105.0,140.9,False,False
57058,720575940622800589,KCg-m,central,left,132.9,138.6,105.0,140.9,False,False
99602,720575940630622250,SMP011b,central,right,132.9,138.6,104.4,145.5,False,False
27601,720575940616532310,ORN_VM6v,sensory,left,132.9,135.7,101.9,136.4,False,False
26963,720575940616343611,KCg-m,central,left,132.9,137.1,101.9,131.8,False,False
38778,720575940619355185,KCg-m,central,left,132.9,135.7,101.2,136.4,False,False
28039,720575940616653030,ORN_VM6v,sensory,left,132.9,135.7,103.1,136.4,False,False
89718,720575940628703993,ORN_VM6v,sensory,right,132.9,135.7,101.2,136.4,False,False
126566,720575940639183805,CB1102,central,left,132.9,135.7,101.9,136.4,False,False
13805,720575940612344293,KCab,central,left,132.9,137.1,103.1,136.4,False,False
122871,720575940637602650,vLN25,central,left,132.9,135.7,103.1,136.4,False,False
1640,720575940605383526,CB1656,central,left,132.9,134.3,101.9,140.9,False,False
68975,720575940624941838,KCg-m,central,left,132.9,137.1,100.6,131.8,False,False
1681,720575940605410592,LHAD1a2,central,right,132.9,130.0,97.5,131.8,False,False
114038,720575940633938657,ORN_VM6v,sensory,right,132.9,135.7,103.1,136.4,False,False
60794,720575940623444203,KCab,central,left,132.9,131.4,98.8,131.8,False,False
39738,720575940619632148,ORN_VM6v,sensory,right,132.9,137.1,103.1,136.4,False,False
69469,720575940625025207,LHAD1c2b,central,left,132.9,135.7,103.8,136.4,False,False
24441,720575940615623867,CB0182,central,left,132.9,135.7,104.4,140.9,False,False
58137,720575940622999688,LHPV5e1,central,right,132.9,140.0,106.9,140.9,False,False
87791,720575940628358675,SMP012,central,right,132.9,137.1,101.2,140.9,False,False
72508,720575940625657928,HRN_VP1l,sensory,right,132.9,137.1,100.0,136.4,False,False
105906,720575940631877688,CB2107,central,right,132.9,132.9,103.1,136.4,False,False
40962,720575940619911509,PLP130,central,left,132.9,140.0,105.0,145.5,False,False
121531,720575940636992368,MBON31,central,right,132.9,142.9,105.6,145.5,False,False
117794,720575940635419237,ORN_VM6v,sensory,right,132.9,135.7,103.1,136.4,False,False
101783,720575940631011328,LAL045,central,left,132.9,140.0,102.5,136.4,False,False
87404,720575940628301642,CB2596,central,right,132.9,135.7,98.8,131.8,False,False
77726,720575940626679385,KCab,central,left,132.9,134.3,100.0,131.8,False,False
76751,720575940626494663,KCab,central,left,132.9,135.7,103.8,136.4,False,False
83506,720575940627631125,CB2842,central,right,132.9,132.9,103.1,140.9,False,False
20169,720575940614374034,CL063,central,right,132.9,138.6,104.4,131.8,False,False
103740,720575940631388743,KCg-m,central,left,132.9,137.1,102.5,136.4,False,False
85877,720575940628035543,VA7m_lPN,central,right,132.9,134.3,103.1,136.4,False,False
80682,720575940627158866,KCg-m,central,left,131.4,134.3,98.8,131.8,False,False
44590,720575940620639982,CB1401,central,left,131.4,135.7,101.2,136.4,False,False
136566,720575940649536121,KCg-m,central,left,131.4,135.7,101.9,136.4,False,False
1689,720575940605412738,KCg-m,central,left,131.4,134.3,100.0,136.4,False,False
132977,720575940644258327,DM5_lPN,central,left,131.4,137.1,100.6,131.8,False,False
42733,720575940620277686,LHPV4b3,central,left,131.4,135.7,100.0,131.8,False,False
124615,720575940638343238,CB0182,central,right,131.4,141.4,105.6,140.9,False,False
15654,720575940612910486,KCab,central,left,131.4,131.4,99.4,131.8,False,False
136905,720575940650745977,PAM10,central,right,131.4,135.7,101.2,131.8,False,False
8744,720575940610209378,VES011,central,right,131.4,138.6,100.0,136.4,False,False
17245,720575940613407981,KCg-m,central,left,131.4,135.7,102.5,136.4,False,False
54678,720575940622364184,DA2_lPN,central,left,131.4,140.0,100.0,136.4,False,False
61553,720575940623576909,KCg-m,central,left,131.4,134.3,100.0,131.8,False,False
100806,720575940630830458,CB1515,central,left,131.4,137.1,100.0,131.8,False,False
111432,720575940633165025,VA1v_adPN,central,right,131.4,135.7,101.9,131.8,False,False
28930,720575940616910822,KCg-m,central,left,131.4,132.9,100.0,136.4,False,False
95070,720575940629746626,KCg-m,central,left,131.4,134.3,101.2,131.8,False,False
101464,720575940630957509,LHPV2d1,central,left,131.4,132.9,100.6,131.8,False,False
77228,720575940626587779,CB2107,central,right,131.4,132.9,101.2,136.4,False,False
48163,720575940621256212,VM7v_adPN,central,left,131.4,131.4,100.0,131.8,False,False
74069,720575940625953317,CB3051,central,right,131.4,131.4,98.8,127.3,False,False
76110,720575940626364956,KCg-m,central,left,131.4,132.9,100.0,131.8,False,False
86585,720575940628155395,KCg-m,central,left,131.4,135.7,101.2,136.4,False,False
5654,720575940608192860,KCab,central,left,131.4,135.7,100.6,136.4,False,False
128283,720575940639964032,KCg-m,central,left,131.4,135.7,102.5,136.4,False,False
126155,720575940639032995,KCab,central,left,131.4,130.0,98.1,131.8,False,False
6127,720575940608544011,KCg-m,central,left,131.4,135.7,103.1,136.4,False,False
76125,720575940626366748,KCg-m,central,left,131.4,134.3,101.2,131.8,False,False
71817,720575940625508400,KCab,central,right,131.4,131.4,100.0,136.4,False,False
1939,720575940605620926,KCg-m,central,left,131.4,132.9,100.6,131.8,False,False
137049,720575940651629046,KCab,central,left,131.4,130.0,98.1,131.8,False,False
23421,720575940615320076,KCg-m,central,left,131.4,135.7,100.6,131.8,False,False
37437,720575940619003051,KCab,central,left,131.4,128.6,98.1,127.3,False,False
17561,720575940613494447,"LHPV4a5, LHPV4k1",central,right,131.4,135.7,101.9,140.9,False,False
120491,720575940636528959,KCab,central,left,131.4,135.7,100.6,136.4,False,False
50144,720575940621597678,KCg-m,central,left,131.4,135.7,101.9,136.4,False,False
17415,720575940613452525,KCg-m,central,left,131.4,132.9,100.6,131.8,False,False
1267,720575940605060798,KCg-m,central,left,131.4,137.1,100.0,136.4,False,False
3167,720575940606399068,KCg-m,central,right,131.4,135.7,101.9,136.4,False,False
117073,720575940635157355,CB2831,central,left,130.0,130.0,98.8,131.8,False,False
113602,720575940633798295,CB2731,central,right,130.0,130.0,96.2,127.3,False,False
98445,720575940630403855,KCab,central,left,130.0,132.9,100.6,131.8,False,False
125350,720575940638677411,LAL122,central,right,130.0,135.7,99.4,136.4,False,False
130131,720575940640864675,CB2035,central,right,130.0,135.7,101.2,136.4,False,False
53017,720575940622091546,CB3728,central,left,130.0,131.4,98.8,127.3,False,False
22141,720575940614955670,CB2701,central,left,130.0,132.9,100.0,131.8,False,False
51001,720575940621736662,KCg-m,central,left,130.0,134.3,100.0,131.8,False,False
81321,720575940627253604,VES041,central,left,130.0,137.1,101.9,136.4,False,False
134847,720575940646034740,KCg-m,central,right,130.0,132.9,100.0,131.8,False,False
83777,720575940627679765,LHPV6l2,central,left,130.0,132.9,101.2,131.8,False,False
134671,720575940645808931,ORN_VM6v,sensory,right,130.0,132.9,100.0,131.8,False,False
113438,720575940633750297,KCab,central,left,130.0,131.4,100.0,136.4,False,False
53496,720575940622169471,KCg-m,central,left,130.0,131.4,100.0,131.8,False,False
17702,720575940613532831,KCab,central,right,130.0,132.9,101.2,136.4,False,False
134518,720575940645676579,CB3523,central,left,130.0,132.9,101.9,136.4,False,False
98431,720575940630399340,KCg-m,central,left,130.0,132.9,100.0,131.8,False,False
31275,720575940617540838,KCg-m,central,left,130.0,135.7,101.9,136.4,False,False
21628,720575940614792810,LHPV4a2,central,left,130.0,131.4,99.4,131.8,False,False
41345,720575940619993509,CB2463,central,right,130.0,132.9,99.4,131.8,False,False
126686,720575940639230692,CB1195,central,right,130.0,134.3,99.4,136.4,False,False
47945,720575940621216982,PAM08,central,right,130.0,135.7,101.2,136.4,False,False
81978,720575940627353426,DL3_lPN,central,left,130.0,131.4,100.0,131.8,False,False
74478,720575940626023001,M_vPNml63,central,left,130.0,134.3,99.4,136.4,False,False
42315,720575940620189790,VM5v_adPN,central,left,130.0,134.3,100.0,131.8,False,False
11311,720575940611439473,VES040,central,right,130.0,134.3,103.1,136.4,False,False
5713,720575940608235529,CB1646,central,right,130.0,130.0,98.8,136.4,False,False
33754,720575940618133072,KCab,central,left,130.0,132.9,100.0,131.8,False,False
94528,720575940629631870,KCg-m,central,left,130.0,131.4,99.4,131.8,False,False
32754,720575940617911360,KCab,central,right,130.0,131.4,98.1,131.8,False,False
85614,720575940627992582,LHPD4a1,central,right,130.0,130.0,98.1,131.8,False,False
58154,720575940623002087,KCab,central,left,130.0,132.9,98.8,131.8,False,False
41383,720575940620001360,VES018,central,right,130.0,137.1,101.2,136.4,False,False
76812,720575940626507834,M_lvPNm27,central,left,130.0,134.3,100.0,136.4,False,False
101300,720575940630927823,LHAV3c1,central,left,130.0,135.7,100.6,136.4,False,False
24920,720575940615755921,KCab,central,left,130.0,132.9,100.0,136.4,False,False
95009,720575940629733626,VA1v_adPN,central,left,130.0,134.3,99.4,131.8,False,False
59869,720575940623288467,CB2877,central,right,130.0,132.9,99.4,131.8,False,False
58576,720575940623068308,KCab,central,left,130.0,131.4,96.9,127.3,False,False
110179,720575940632818221,CB0339,central,left,130.0,135.7,100.0,136.4,False,False
112892,720575940633575275,KCab,central,left,130.0,132.9,100.0,131.8,False,False
9047,720575940610380498,KCab,central,left,128.6,132.9,97.5,131.8,False,False
673,720575940604466912,KCab,central,left,128.6,131.4,98.8,131.8,False,False
105520,720575940631771971,LHAD1h1,central,right,128.6,130.0,99.4,127.3,False,False
24979,720575940615778610,CB3294,central,left,128.6,131.4,99.4,131.8,False,False
38030,720575940619148117,KCab,central,left,128.6,132.9,98.8,131.8,False,False
100062,720575940630704211,v2LN41b,central,right,128.6,132.9,100.0,136.4,False,False
124144,720575940638143805,KCg-m,central,left,128.6,132.9,100.6,136.4,False,False
103039,720575940631251242,CB2463,central,right,128.6,134.3,101.2,136.4,False,False
36344,720575940618731934,KCg-m,central,left,128.6,132.9,101.2,136.4,False,False
12400,720575940611846520,CB4159,central,left,128.6,131.4,99.4,127.3,False,False
3227,720575940606436128,KCab,central,left,128.6,132.9,100.0,131.8,False,False
115847,720575940634701431,KCab,central,left,128.6,132.9,98.8,127.3,False,False
50979,720575940621732129,CB2812,central,left,128.6,132.9,97.5,131.8,False,False
25276,720575940615876294,KCg-m,central,right,128.6,132.9,100.0,131.8,False,False
135441,720575940646785924,TRN_VP1m,sensory,right,128.6,130.0,98.1,127.3,False,False
119749,720575940636171639,KCg-m,central,left,128.6,132.9,98.1,127.3,False,False
93083,720575940629345639,CB1483,central,right,128.6,127.1,95.0,127.3,False,False
23819,720575940615431327,CB1238,central,right,128.6,131.4,97.5,127.3,False,False
86936,720575940628219692,KCab,central,left,128.6,131.4,100.0,136.4,False,False
19335,720575940614114814,M_vPNml72,central,left,128.6,132.9,99.4,131.8,False,False
31105,720575940617496925,ALIN7,central,left,128.6,132.9,100.0,131.8,False,False
113154,720575940633659802,KCab,central,left,128.6,131.4,99.4,131.8,False,False
104903,720575940631626809,KCab,central,left,128.6,134.3,100.0,131.8,False,False
38601,720575940619298865,KCg-m,central,left,128.6,134.3,98.1,127.3,False,False
121727,720575940637087039,ORN_D,sensory,right,128.6,130.0,99.4,136.4,False,False
50951,720575940621728214,KCg-m,central,left,128.6,135.7,99.4,131.8,False,False
68026,720575940624771879,KCg-m,central,left,128.6,132.9,98.1,131.8,False,False
97906,720575940630290629,KCg-m,central,left,128.6,132.9,98.8,131.8,False,False
9517,720575940610617317,KCab,central,left,128.6,131.4,98.8,136.4,False,False
136585,720575940649649529,KCab,central,right,128.6,131.4,100.0,131.8,False,False
26199,720575940616128669,KCg-m,central,left,128.6,131.4,99.4,131.8,False,False
23875,720575940615448642,CB1305,central,left,128.6,130.0,95.6,127.3,False,False
30466,720575940617328477,KCg-m,central,left,128.6,131.4,98.1,131.8,False,False
129365,720575940640433104,LHAD1a2,central,left,128.6,132.9,99.4,136.4,False,False
75157,720575940626163518,CB3728,central,right,128.6,130.0,97.5,127.3,False,False
42537,720575940620234177,CB1673,central,left,128.6,131.4,98.1,131.8,False,False
3821,720575940606761161,CB1664,central,right,128.6,132.9,100.0,131.8,False,False
101290,720575940630926863,CB2786,central,left,128.6,130.0,96.9,127.3,False,False
43284,720575940620402345,CB2357,central,right,128.6,130.0,98.1,136.4,False,False
130850,720575940641550811,CB2596,central,left,128.6,134.3,98.8,131.8,False,False
110842,720575940632988385,KCg-m,central,left,128.6,132.9,98.8,131.8,False,False
63963,720575940624024555,KCab,central,left,128.6,132.9,98.8,131.8,False,False
41697,720575940620058350,KCab,central,left,128.6,130.0,98.8,131.8,False,False
78363,720575940626793305,CB2493,central,right,127.1,131.4,95.6,127.3,False,False
22478,720575940615060290,ORN_VM6v,sensory,left,127.1,131.4,97.5,131.8,False,False
11140,720575940611372714,VM5d_adPN,central,left,127.1,132.9,96.9,127.3,False,False
122674,720575940637518558,KCg-m,central,left,127.1,128.6,98.8,131.8,False,False
931,720575940604766153,KCab,central,right,127.1,125.7,95.0,122.7,False,False
97398,720575940630193628,KCg-m,central,left,127.1,131.4,98.1,127.3,False,False
44063,720575940620552539,CB2038,central,right,127.1,128.6,96.9,127.3,False,False
43812,720575940620505435,CB1630,central,left,127.1,128.6,98.8,127.3,False,False
55655,720575940622548182,CB2436,central,right,127.1,131.4,98.1,131.8,False,False
113207,720575940633674521,KCg-m,central,left,127.1,130.0,98.1,131.8,False,False
67425,720575940624654228,CB1184,central,left,127.1,130.0,97.5,131.8,False,False
39156,720575940619465904,KCg-m,central,left,127.1,130.0,98.8,131.8,False,False
38602,720575940619299054,PAM08,central,left,127.1,130.0,98.8,131.8,False,False
96493,720575940630011708,KCg-m,central,left,127.1,131.4,96.9,131.8,False,False
740,720575940604557792,KCab,central,left,127.1,130.0,97.5,127.3,False,False
71284,720575940625402501,M_vPNml65,central,right,127.1,130.0,98.8,131.8,False,False
123632,720575940637920740,KCab,central,left,127.1,131.4,100.0,131.8,False,False
71492,720575940625446181,KCg-m,central,left,127.1,130.0,97.5,131.8,False,False
26074,720575940616092603,KCg-m,central,left,127.1,130.0,98.1,127.3,False,False
798,720575940604630496,KCab,central,right,127.1,130.0,97.5,131.8,False,False
38006,720575940619143590,KCab,central,left,127.1,127.1,94.4,127.3,False,False
6734,720575940608989909,CB2135,central,right,127.1,128.6,99.4,136.4,False,False
64412,720575940624104265,CB0396,central,right,127.1,132.9,98.1,127.3,False,False
12101,720575940611738035,"SMP049,SMP076",central,right,127.1,128.6,98.1,131.8,False,False
65760,720575940624327196,KCab,central,right,127.1,130.0,95.6,122.7,False,False
41673,720575940620054277,KCab,central,left,127.1,130.0,96.9,127.3,False,False
102012,720575940631058280,LAL144b,central,left,127.1,127.1,98.8,136.4,False,False
64797,720575940624167165,CB1656,central,right,127.1,131.4,96.9,136.4,False,False
39070,720575940619439576,M_VPNml66,central,left,127.1,130.0,98.8,131.8,False,False
4078,720575940606967730,KCg-m,central,right,127.1,130.0,98.8,131.8,False,False
49754,720575940621533985,VC3_adPN,central,right,127.1,128.6,95.0,122.7,False,False
85284,720575940627936784,KCab,central,left,127.1,131.4,97.5,127.3,False,False
34767,720575940618353186,KCab,central,left,127.1,128.6,96.9,131.8,False,False
85547,720575940627980955,LAL131b,central,left,127.1,131.4,99.4,131.8,False,False
39077,720575940619441112,CB3212,central,left,127.1,128.6,98.1,131.8,False,False
38841,720575940619375701,KCg-m,central,right,127.1,132.9,99.4,131.8,False,False
47672,720575940621163021,KCab,central,left,127.1,128.6,97.5,127.3,False,False
63617,720575940623972756,KCg-m,central,left,127.1,131.4,97.5,131.8,False,False
59444,720575940623209727,LHPV2a1_a,central,left,127.1,131.4,98.1,131.8,False,False
73089,720575940625766842,CB2357,central,left,127.1,134.3,102.5,136.4,False,False
18260,720575940613706866,DL2d_vPN,central,left,127.1,130.0,98.1,131.8,False,False
81084,720575940627214588,CB1490,central,left,127.1,130.0,96.9,127.3,False,False
84514,720575940627801930,KCab,central,left,127.1,128.6,96.9,127.3,False,False
84055,720575940627726223,CB2463,central,left,127.1,130.0,98.1,127.3,False,False
115993,720575940634759359,KCab,central,left,127.1,131.4,98.1,131.8,False,False
123175,720575940637707069,KCab,central,right,127.1,128.6,96.2,131.8,False,False
24377,720575940615607207,DNc01,descending,right,127.1,131.4,98.8,131.8,False,False
9983,720575940610846818,KCg-m,central,left,127.1,131.4,97.5,131.8,False,False
51564,720575940621820540,M_vPNml63,central,left,127.1,130.0,97.5,131.8,False,False
62620,720575940623793741,TRN_VP1m,sensory,left,127.1,135.7,100.0,131.8,False,False
114221,720575940634012015,KCab,central,right,127.1,131.4,97.5,127.3,False,False
134570,720575940645709335,KCab,central,left,127.1,130.0,98.1,131.8,False,False
81264,720575940627244699,KCab,central,right,125.7,127.1,95.6,127.3,False,False
114028,720575940633936941,CB1276,central,right,125.7,130.0,95.6,127.3,False,False
37516,720575940619024774,TRN_VP1m,sensory,left,125.7,130.0,100.0,131.8,False,False
1719,720575940605431840,KCg-m,central,left,125.7,130.0,96.2,127.3,False,False
73942,720575940625927626,KCab,central,left,125.7,127.1,95.6,122.7,False,False
54751,720575940622375389,ORN_VM6v,sensory,left,125.7,128.6,96.2,127.3,False,False
120058,720575940636323982,KCab,central,left,125.7,127.1,94.4,127.3,False,False
64846,720575940624175565,M_vPNml67,central,right,125.7,130.0,96.2,127.3,False,False
7030,720575940609202244,KCg-m,central,left,125.7,130.0,96.2,127.3,False,False
120352,720575940636474798,LHAD1d1,central,left,125.7,130.0,98.1,131.8,False,False
120394,720575940636490894,KCg-m,central,left,125.7,128.6,97.5,131.8,False,False
88588,720575940628495104,KCab,central,left,125.7,127.1,94.4,127.3,False,False
22657,720575940615101708,KCg-m,central,left,125.7,130.0,97.5,131.8,False,False
103142,720575940631268882,CB1667,central,left,125.7,128.6,96.9,127.3,False,False
19110,720575940614027074,KCab,central,left,125.7,125.7,95.6,127.3,False,False
126060,720575940638992829,KCab,central,left,125.7,130.0,96.9,127.3,False,False
74752,720575940626081636,KCg-m,central,left,125.7,128.6,95.6,127.3,False,False
48764,720575940621358984,KCab,central,left,125.7,130.0,98.1,127.3,False,False
44582,720575940620638335,DL3_lPN,central,left,125.7,131.4,98.8,131.8,False,False
67415,720575940624651507,KCg-m,central,left,125.7,130.0,98.8,131.8,False,False
101528,720575940630968680,LAL144b,central,right,125.7,128.6,95.6,127.3,False,False
86439,720575940628132745,DNp31,descending,right,125.7,131.4,96.2,127.3,False,False
60333,720575940623366102,ALIN4,central,left,125.7,128.6,94.4,127.3,False,False
131351,720575940642193608,KCg-m,central,left,125.7,130.0,96.9,127.3,False,False
133188,720575940644479267,KCab,central,right,125.7,125.7,93.8,127.3,False,False
44553,720575940620633070,LHPV10c1,central,left,125.7,132.9,96.2,131.8,False,False
48794,720575940621363421,CB2018,central,left,125.7,128.6,97.5,131.8,False,False
74403,720575940626010042,LAL144b,central,left,125.7,128.6,95.0,131.8,False,False
18968,720575940613975455,KCg-m,central,left,125.7,128.6,96.9,127.3,False,False
6116,720575940608530955,KCg-m,central,left,125.7,128.6,96.2,127.3,False,False
5098,720575940607809547,KCab,central,left,125.7,127.1,95.6,127.3,False,False
135303,720575940646604932,KCg-m,central,left,125.7,131.4,97.5,131.8,False,False
28360,720575940616762585,CRE078,central,right,125.7,127.1,98.1,131.8,False,False
51617,720575940621829813,KCab,central,right,125.7,130.0,98.1,131.8,False,False
133445,720575940644709792,LHAD1c2b,central,right,125.7,128.6,96.2,127.3,False,False
79337,720575940626949909,KCg-m,central,left,125.7,131.4,96.9,127.3,False,False
115102,720575940634384224,KCg-m,central,left,125.7,131.4,96.9,127.3,False,False
31565,720575940617615846,KCab,central,left,125.7,131.4,96.9,127.3,False,False
123864,720575940638034751,KCg-m,central,left,125.7,128.6,96.2,127.3,False,False
115591,720575940634609815,KCg-m,central,left,125.7,128.6,95.6,127.3,False,False
45774,720575940620834544,KCg-m,central,left,125.7,130.0,96.2,127.3,False,False
125092,720575940638567758,KCab,central,left,125.7,130.0,96.2,127.3,False,False
35029,720575940618418085,KCab,central,left,125.7,130.0,96.9,127.3,False,False
98766,720575940630464271,KCg-m,central,left,124.3,128.6,96.2,127.3,False,False
81977,720575940627353031,KCg-m,central,left,124.3,127.1,95.6,127.3,False,False
99757,720575940630652663,KCg-m,central,left,124.3,127.1,95.6,127.3,False,False
114549,720575940634170524,LHPV4a2,central,right,124.3,128.6,96.2,127.3,False,False
118945,720575940635841399,KCg-m,central,left,124.3,128.6,96.2,127.3,False,False
120066,720575940636325865,KCab,central,left,124.3,127.1,94.4,122.7,False,False
71981,720575940625541168,KCg-m,central,left,124.3,127.1,96.9,131.8,False,False
11884,720575940611652374,KCg-m,central,left,124.3,130.0,96.9,131.8,False,False
99002,720575940630511222,KCab,central,left,124.3,130.0,94.4,122.7,False,False
97809,720575940630272108,KCg-m,central,left,124.3,127.1,95.0,127.3,False,False
112965,720575940633596826,KCg-m,central,left,124.3,130.0,95.6,127.3,False,False
27412,720575940616475717,KCg-m,central,left,124.3,128.6,96.2,127.3,False,False
81170,720575940627226923,KCab,central,left,124.3,128.6,96.9,127.3,False,False
66604,720575940624482452,KCg-m,central,left,124.3,128.6,95.6,127.3,False,False
126560,720575940639181365,CB0934,central,right,124.3,127.1,96.9,127.3,False,False
20647,720575940614534367,KCab,central,left,124.3,127.1,98.1,127.3,False,False
89735,720575940628708460,KCab,central,left,124.3,128.6,95.6,127.3,False,False
61349,720575940623536205,KCab,central,left,124.3,128.6,96.2,127.3,False,False
11069,720575940611343054,KCab,central,right,124.3,124.3,94.4,127.3,False,False
6232,720575940608621835,CB1102,central,left,124.3,130.0,96.9,127.3,False,False
94741,720575940629676495,SLP382,central,left,124.3,127.1,95.0,127.3,False,False
13886,720575940612374757,LHAV2b7_a,central,right,124.3,127.1,96.2,127.3,False,False
116941,720575940635119967,LHAV4i2,central,left,124.3,127.1,96.9,127.3,False,False
39071,720575940619439792,KCab,central,left,124.3,124.3,92.5,122.7,False,False
67847,720575940624737464,KCab,central,left,124.3,127.1,94.4,127.3,False,False
67176,720575940624599444,KCg-m,central,left,124.3,127.1,96.2,127.3,False,False
108759,720575940632501805,LHPV4a1,central,left,124.3,125.7,94.4,122.7,False,False
101935,720575940631041823,KCab,central,left,124.3,128.6,97.5,131.8,False,False
39398,720575940619548209,LHPV2a1_a,central,left,124.3,125.7,96.2,131.8,False,False
29423,720575940617035521,KCg-m,central,left,124.3,127.1,95.0,127.3,False,False
79399,720575940626961694,CB2387,central,right,124.3,122.9,91.2,118.2,False,False
133302,720575940644598819,KCab,central,left,124.3,125.7,93.1,122.7,False,False
35474,720575940618522673,CB2018,central,left,124.3,128.6,95.6,127.3,False,False
110626,720575940632928173,KCab,central,left,124.3,130.0,97.5,127.3,False,False
84821,720575940627857384,KCg-m,central,left,124.3,128.6,96.9,127.3,False,False
85113,720575940627908624,KCab,central,right,124.3,130.0,96.2,131.8,False,False
99496,720575940630604537,"LHAD1b2_a,LHAD1b2_c",central,left,124.3,130.0,98.8,131.8,False,False
95929,720575940629911503,ATL015,central,right,124.3,130.0,96.9,131.8,False,False
96195,720575940629955446,KCg-m,central,left,124.3,128.6,95.6,127.3,False,False
100552,720575940630786346,KCab,central,left,124.3,130.0,96.9,127.3,False,False
115718,720575940634657431,l2LN19,central,left,124.3,125.7,94.4,127.3,False,False
116114,720575940634811743,KCg-m,central,left,124.3,127.1,95.6,127.3,False,False
28190,720575940616707421,KCg-m,central,left,124.3,127.1,95.6,127.3,False,False
95778,720575940629883351,LHAV1a3,central,left,124.3,130.0,97.5,127.3,False,False
105334,720575940631725561,M_lvPNm25,central,left,124.3,128.6,96.2,127.3,False,False
105012,720575940631650361,KCg-m,central,left,124.3,127.1,96.2,131.8,False,False
90492,720575940628834832,M_lvPNm28,central,right,124.3,127.1,94.4,127.3,False,False
123723,720575940637965028,KCg-m,central,left,124.3,128.6,96.2,127.3,False,False
136492,720575940649008761,KCg-m,central,left,124.3,127.1,96.2,131.8,False,False
136227,720575940648139129,KCab,central,left,124.3,125.7,95.0,122.7,False,False
137199,720575940652562081,v2LN39a,central,left,124.3,128.6,96.2,127.3,False,False
53214,720575940622121991,KCab,central,left,124.3,128.6,96.9,127.3,False,False
1141,720575940604961126,KCg-m,central,left,122.9,125.7,93.8,127.3,False,False
52106,720575940621926765,M_lvPNm42,central,left,122.9,125.7,94.4,122.7,False,False
136498,720575940649024633,KCab,central,left,122.9,124.3,94.4,127.3,False,False
2440,720575940605891040,PAM11,central,left,122.9,127.1,95.6,127.3,False,False
51837,720575940621876830,KCab,central,left,122.9,125.7,93.8,127.3,False,False
1182,720575940604991264,KCab,central,left,122.9,124.3,93.8,122.7,False,False
623,720575940604402092,KCab,central,left,122.9,124.3,93.8,122.7,False,False
100265,720575940630738171,ORN_D,sensory,left,122.9,130.0,96.2,127.3,False,False
31091,720575940617494417,LHPV2a5,central,left,122.9,124.3,91.9,127.3,False,False
21550,720575940614774434,v2LN40_2,central,right,122.9,127.1,95.0,127.3,False,False
90060,720575940628766480,CB1308,central,left,122.9,128.6,96.2,127.3,False,False
31086,720575940617493460,LHAV2k8,central,right,122.9,127.1,96.2,118.2,False,False
105075,720575940631665721,KCg-m,central,left,122.9,124.3,94.4,127.3,False,False
111193,720575940633093483,KCab,central,right,122.9,124.3,93.1,122.7,False,False
57383,720575940622865907,KCab,central,left,122.9,128.6,94.4,127.3,False,False
24792,720575940615723314,PVLP076,central,right,122.9,121.4,90.6,127.3,False,False
19064,720575940614010419,KCab,central,right,122.9,122.9,91.2,122.7,False,False
65774,720575940624329146,KCab,central,left,122.9,128.6,96.2,127.3,False,False
65557,720575940624294143,CRE001,central,right,122.9,127.1,96.2,127.3,False,False
70327,720575940625183309,KCg-m,central,left,122.9,125.7,94.4,127.3,False,False
125189,720575940638612294,LHPV7a2,central,left,122.9,128.6,95.6,131.8,False,False
46065,720575940620889302,KCab,central,left,122.9,124.3,91.2,122.7,False,False
91619,720575940629044891,CB2064,central,left,122.9,125.7,94.4,122.7,False,False
85979,720575940628055558,KCg-m,central,left,122.9,125.7,95.6,127.3,False,False
66815,720575940624527340,KCg-m,central,left,122.9,127.1,95.0,127.3,False,False
8193,720575940609881749,,central,right,122.9,127.1,96.2,127.3,False,False
122459,720575940637419120,CB0197,central,left,122.9,128.6,95.0,122.7,False,False
50497,720575940621650303,KCg-m,central,left,122.9,124.3,93.1,122.7,False,False
43048,720575940620346417,LAL144a,central,right,122.9,132.9,94.4,118.2,False,False
58757,720575940623099943,KCab,central,left,122.9,125.7,94.4,122.7,False,False
25221,720575940615859385,KCg-m,central,left,122.9,125.7,93.8,122.7,False,False
15461,720575940612856273,"VP5+_l2PN,VP5+VP2_l2PN",central,right,122.9,127.1,96.2,127.3,False,False
135739,720575940647242116,KCab,central,left,122.9,127.1,94.4,122.7,False,False
105504,720575940631767353,KCg-m,central,left,122.9,128.6,94.4,122.7,False,False
68966,720575940624940558,KCg-m,central,left,122.9,125.7,94.4,122.7,False,False
124059,720575940638113001,LHPV4a1,central,left,122.9,127.1,94.4,127.3,False,False
97949,720575940630299254,KCab,central,left,122.9,122.9,91.9,118.2,False,False
31375,720575940617567206,MBON23,central,left,122.9,124.3,93.1,122.7,False,False
113160,720575940633660898,CB1401,central,left,122.9,125.7,94.4,127.3,False,False
9519,720575940610617753,KCab,central,left,122.9,127.1,95.0,127.3,False,False
41275,720575940619979387,SMPp&v1A_S02,central,left,122.9,124.3,93.1,118.2,False,False
74399,720575940626009852,DNp05,descending,right,122.9,125.7,93.8,131.8,False,False
74091,720575940625956483,CB2571,central,left,122.9,124.3,94.4,127.3,False,False
41050,720575940619930021,LHAV4a4,central,left,122.9,124.3,93.8,122.7,False,False
5567,720575940608145877,KCab,central,right,122.9,124.3,93.8,127.3,False,False
6338,720575940608708875,KCg-m,central,left,122.9,127.1,95.6,127.3,False,False
132216,720575940643287240,KCg-m,central,left,122.9,125.7,94.4,122.7,False,False
121688,720575940637068400,LHAV3g1,central,right,122.9,127.1,95.6,127.3,False,False
83484,720575940627627029,CB1238,central,left,122.9,125.7,94.4,122.7,False,False
135893,720575940647472260,LHPV4a2,central,left,122.9,125.7,93.1,122.7,False,False
22851,720575940615152011,CB2761,central,left,122.9,124.3,93.8,122.7,False,False
81346,720575940627257361,"LHAD1b2_a,LHAD1b2_c",central,right,122.9,127.1,95.0,127.3,False,False
103139,720575940631268114,CB2064,central,left,122.9,125.7,94.4,122.7,False,False
107326,720575940632189255,LHPV4a1,central,left,122.9,125.7,94.4,127.3,False,False
46790,720575940621009505,CB3290,central,left,122.9,125.7,93.8,122.7,False,False
129287,720575940640401549,KCg-m,central,left,122.9,125.7,94.4,127.3,False,False
136588,720575940649652089,KCab,central,left,121.4,125.7,94.4,127.3,False,False
54155,720575940622279095,KCab,central,left,121.4,124.3,91.9,122.7,False,False
55632,720575940622542007,KCg-m,central,left,121.4,130.0,95.6,122.7,False,False
95895,720575940629906060,ORN_VM6v,sensory,left,121.4,124.3,93.1,122.7,False,False
84019,720575940627720360,CB3185,central,left,121.4,125.7,92.5,122.7,False,False
90775,720575940628890024,CB2757,central,left,121.4,121.4,92.5,122.7,False,False
43637,720575940620472454,LHAV3k3,central,right,121.4,122.9,92.5,127.3,False,False
113158,720575940633660386,LHPD5d1,central,left,121.4,124.3,94.4,131.8,False,False
112974,720575940633599071,CB2243,central,left,121.4,124.3,94.4,127.3,False,False
105445,720575940631752356,M_vPNml72,central,left,121.4,124.3,94.4,122.7,False,False
123977,720575940638078527,LHPV2d1,central,right,121.4,124.3,95.0,127.3,False,False
99010,720575940630512471,KCg-m,central,left,121.4,124.3,94.4,127.3,False,False
105060,720575940631662147,KCg-m,central,left,121.4,125.7,93.1,122.7,False,False
85277,720575940627935996,KCg-m,central,left,121.4,125.7,94.4,122.7,False,False
123120,720575940637685476,KCab,central,left,121.4,122.9,91.9,122.7,False,False
58341,720575940623032781,KCg-m,central,left,121.4,125.7,94.4,127.3,False,False
20910,720575940614612374,LHPV2i2b,central,right,121.4,122.9,90.0,122.7,False,False
43194,720575940620378657,KCab,central,left,121.4,124.3,94.4,127.3,False,False
105853,720575940631865228,VES011,central,left,121.4,125.7,94.4,131.8,False,False
102006,720575940631057209,KCg-m,central,left,121.4,124.3,93.8,122.7,False,False
10781,720575940611207922,VES018,central,left,121.4,125.7,93.8,127.3,False,False
22933,720575940615183071,MB-C1,central,right,121.4,124.3,95.6,131.8,False,False
92675,720575940629254759,KCg-m,central,left,121.4,127.1,94.4,127.3,False,False
106805,720575940632065164,CB1245,central,left,121.4,124.3,93.8,127.3,False,False
45213,720575940620734305,KCab,central,left,121.4,121.4,91.2,118.2,False,False
67114,720575940624589548,KCg-m,central,left,121.4,124.3,92.5,122.7,False,False
30921,720575940617453457,KCg-m,central,left,121.4,124.3,93.8,122.7,False,False
104273,720575940631499587,KCg-m,central,left,121.4,122.9,92.5,122.7,False,False
104298,720575940631503928,LHAV4g1a,central,right,121.4,124.3,94.4,122.7,False,False
116728,720575940635050394,CB2387,central,left,121.4,121.4,91.2,118.2,False,False
92862,720575940629299500,KCg-m,central,left,121.4,127.1,95.0,127.3,False,False
66782,720575940624521022,KCab,central,left,121.4,127.1,95.0,127.3,False,False
28836,720575940616887611,KCg-m,central,left,121.4,124.3,95.0,122.7,False,False
66545,720575940624467812,KCg-m,central,left,121.4,127.1,93.8,127.3,False,False
3707,720575940606705073,CB3633,central,left,121.4,122.9,93.1,122.7,False,False
86569,720575940628151772,CB2707,central,right,121.4,124.3,93.1,122.7,False,False
116206,720575940634845029,KCab,central,left,121.4,125.7,93.1,122.7,False,False
78087,720575940626742866,KCab,central,right,121.4,124.3,94.4,127.3,False,False
69041,720575940624953276,CB1513,central,left,121.4,124.3,94.4,122.7,False,False
37226,720575940618955678,CB1515,central,left,121.4,124.3,93.1,118.2,False,False
46730,720575940620997409,ORN_VM6v,sensory,right,121.4,124.3,94.4,127.3,False,False
126393,720575940639121636,ALIN1,central,left,121.4,125.7,95.6,127.3,False,False
13013,720575940612072685,KCg-m,central,left,121.4,124.3,93.1,122.7,False,False
132904,720575940644176164,SLP388,central,right,121.4,122.9,87.5,113.6,False,False
37750,720575940619077255,ATL015,central,left,121.4,125.7,95.0,131.8,False,False
84774,720575940627849515,LAL052,central,right,121.4,128.6,95.0,131.8,False,False
114190,720575940633996911,KCg-m,central,right,121.4,122.9,93.8,127.3,False,False
80146,720575940627079080,KCg-m,central,left,121.4,125.7,94.4,122.7,False,False
111124,720575940633074145,VP3+_l2PN,central,left,121.4,124.3,90.0,118.2,False,False
134690,720575940645828740,KCab,central,right,121.4,121.4,90.6,118.2,False,False
88187,720575940628419825,"LHPV4a1,LHPV4a2",central,left,121.4,128.6,93.8,127.3,False,False
128631,720575940640123008,CB1134,central,left,121.4,122.9,90.6,118.2,False,False
32809,720575940617922870,KCg-m,central,left,121.4,125.7,94.4,127.3,False,False
22699,720575940615116207,CB1305,central,right,121.4,121.4,92.5,122.7,False,False
47805,720575940621187166,KCab,central,left,121.4,125.7,92.5,122.7,False,False
13063,720575940612091601,KCab,central,right,121.4,124.3,93.1,122.7,False,False
101714,720575940630999327,KCab,central,left,121.4,124.3,92.5,122.7,False,False
10044,720575940610885330,KCg-m,central,left,120.0,124.3,92.5,122.7,False,False
81459,720575940627275602,PLP058,central,left,120.0,121.4,90.6,127.3,False,False
137474,720575940653460385,KCg-m,central,left,120.0,122.9,93.8,127.3,False,False
34577,720575940618306718,KCg-m,central,left,120.0,121.4,91.2,122.7,False,False
14640,720575940612607953,KCg-m,central,right,120.0,125.7,93.1,127.3,False,False
27954,720575940616627851,KCab,central,left,120.0,124.3,93.8,122.7,False,False
123808,720575940638006086,l2LN19,central,right,120.0,121.4,90.0,118.2,False,False
9333,720575940610511043,VP1m+VP2_lvPN1,central,left,120.0,124.3,92.5,122.7,False,False
124814,720575940638447677,KCg-m,central,left,120.0,124.3,93.8,122.7,False,False
125929,720575940638936629,KCg-m,central,left,120.0,124.3,93.1,122.7,False,False
10389,720575940611035365,KCg-m,central,left,120.0,124.3,92.5,127.3,False,False
11393,720575940611473587,KCab,central,left,120.0,122.9,92.5,122.7,False,False
66900,720575940624544748,LHPD5d1,central,right,120.0,124.3,92.5,122.7,False,False
45361,720575940620759105,KCab,central,left,120.0,122.9,92.5,122.7,False,False
70759,720575940625297304,KCg-m,central,left,120.0,125.7,93.1,122.7,False,False
92737,720575940629268986,CB2687,central,left,120.0,121.4,91.9,122.7,False,False
60725,720575940623436364,CB1134,central,right,120.0,104.3,79.4,104.5,False,False
67854,720575940624738232,KCg-m,central,left,120.0,122.9,92.5,127.3,False,False
132301,720575940643417879,KCg-m,central,left,120.0,121.4,91.2,122.7,False,False
94212,720575940629560770,LAL123,central,left,120.0,125.7,93.8,122.7,False,False
92587,720575940629240079,KCab,central,right,120.0,124.3,92.5,122.7,False,False
92864,720575940629300043,KCg-m,central,right,120.0,122.9,92.5,122.7,False,False
117434,720575940635271086,CB1300,central,right,120.0,122.9,90.0,118.2,False,False
59497,720575940623218687,KCg-m,central,left,120.0,122.9,93.8,122.7,False,False
58908,720575940623126200,CB3728,central,right,120.0,120.0,91.2,122.7,False,False
29128,720575940616959778,CB2571,central,right,120.0,122.9,91.9,118.2,False,False
11972,720575940611685273,KCg-m,central,left,120.0,121.4,91.2,122.7,False,False
4937,720575940607667723,LAL142,central,left,120.0,124.3,94.4,131.8,False,False
20216,720575940614386738,KCg-m,central,left,120.0,121.4,91.9,118.2,False,False
6239,720575940608626697,"LHPV4a1,LHPV4a2",central,right,120.0,124.3,92.5,122.7,False,False
120697,720575940636609166,CB1134,central,right,120.0,102.9,79.4,109.1,False,False
73810,720575940625900900,KCg-m,central,right,120.0,122.9,93.1,122.7,False,False
88564,720575940628491792,KCg-m,central,right,120.0,122.9,93.1,122.7,False,False
6632,720575940608932803,LHPV1d1,central,right,120.0,125.7,93.1,122.7,False,False
103111,720575940631262125,KCab,central,left,120.0,125.7,93.1,122.7,False,False
29395,720575940617030178,M_lvPNm29,central,left,120.0,122.9,91.2,122.7,False,False
81585,720575940627292218,KCab,central,right,120.0,125.7,93.1,127.3,False,False
134579,720575940645714211,KCg-m,central,left,120.0,122.9,93.1,122.7,False,False
123573,720575940637887872,ORN_VM6v,sensory,right,120.0,122.9,93.1,122.7,False,False
80531,720575940627138888,KCab,central,left,120.0,122.9,91.9,122.7,False,False
111081,720575940633058897,KCg-m,central,left,120.0,124.3,93.1,127.3,False,False
36764,720575940618841910,KCg-m,central,right,120.0,124.3,93.1,122.7,False,False
16560,720575940613167007,VM7d_adPN,central,left,120.0,124.3,94.4,127.3,False,False
53559,720575940622182569,LHCENT11,central,left,120.0,127.1,94.4,127.3,False,False
56308,720575940622671613,KCab,central,right,120.0,122.9,90.6,118.2,False,False
52722,720575940622045865,KCab,central,left,120.0,124.3,91.9,122.7,False,False
82781,720575940627492117,KCg-m,central,left,118.6,122.9,91.9,127.3,False,False
36328,720575940618728395,ORN_VM6v,sensory,right,118.6,121.4,91.2,122.7,False,False
15855,720575940612961686,KCg-m,central,left,118.6,120.0,91.9,122.7,False,False
52607,720575940622027527,LHAV4a4,central,right,118.6,120.0,91.2,122.7,False,False
25651,720575940615978802,KCg-m,central,left,118.6,124.3,91.9,122.7,False,False
114300,720575940634045084,KCg-m,central,left,118.6,121.4,90.6,122.7,False,False
36881,720575940618869406,KCab,central,left,118.6,122.9,91.9,122.7,False,False
30977,720575940617470137,CB3457,central,left,118.6,120.0,91.2,122.7,False,False
114555,720575940634172267,LAL122,central,left,118.6,125.7,90.0,118.2,False,False
127996,720575940639836288,KCg-m,central,left,118.6,121.4,90.0,122.7,False,False
22737,720575940615125877,KCab,central,left,118.6,121.4,92.5,122.7,False,False
40888,720575940619896656,CB1244,central,right,118.6,121.4,91.2,122.7,False,False
130918,720575940641609869,CB1546,central,left,118.6,121.4,91.2,122.7,False,False
20164,720575940614371986,KCg-m,central,left,118.6,120.0,91.9,122.7,False,False
107042,720575940632113871,CB2707,central,left,118.6,121.4,91.9,122.7,False,False
63213,720575940623901447,CB2678,central,left,118.6,122.9,90.0,122.7,False,False
6411,720575940608774776,KCab,central,right,118.6,114.3,86.2,109.1,False,False
22784,720575940615134918,KCab,central,right,118.6,120.0,90.0,122.7,False,False
20249,720575940614393250,KCab,central,left,118.6,120.0,91.9,122.7,False,False
47699,720575940621167030,KCg-m,central,left,118.6,121.4,91.9,122.7,False,False
47685,720575940621164927,l2LN20,central,left,118.6,121.4,93.1,122.7,False,False
12120,720575940611745429,LHPV6o1,central,right,118.6,122.9,87.5,118.2,False,False
27387,720575940616467061,"LHAD1a3,LHAD1f5",central,left,118.6,121.4,92.5,118.2,False,False
112141,720575940633340753,KCg-m,central,left,118.6,122.9,91.9,122.7,False,False
30148,720575940617249949,l2LN19,central,left,118.6,121.4,91.2,122.7,False,False
102039,720575940631062603,KCg-m,central,right,118.6,124.3,93.1,127.3,False,False
40581,720575940619823536,PAM08,central,right,118.6,122.9,91.9,127.3,False,False
41086,720575940619937445,CB3575,central,right,118.6,122.9,91.2,122.7,False,False
19525,720575940614183218,KCg-m,central,left,118.6,121.4,90.6,122.7,False,False
107986,720575940632350668,CB2436,central,left,118.6,121.4,91.9,122.7,False,False
120476,720575940636524133,CB1943,central,left,118.6,117.1,89.4,118.2,False,False
31417,720575940617577702,CB1079,central,right,118.6,122.9,93.1,127.3,False,False
69733,720575940625066388,LHPV4a2,central,left,118.6,120.0,90.6,122.7,False,False
86460,720575940628134915,KCg-m,central,left,118.6,124.3,91.9,122.7,False,False
72675,720575940625686458,CB1402,central,right,118.6,122.9,90.6,122.7,False,False
86362,720575940628118159,SMP541,central,right,118.6,118.6,91.9,122.7,False,False
34030,720575940618190160,KCab,central,left,118.6,122.9,91.9,122.7,False,False
59837,720575940623282175,LHPV4a9,central,left,118.6,120.0,91.2,122.7,False,False
3983,720575940606891221,KCab,central,right,118.6,120.0,91.2,122.7,False,False
30870,720575940617438865,KCg-m,central,right,118.6,118.6,89.4,122.7,False,False
77147,720575940626575997,WED125,central,right,118.6,122.9,91.2,118.2,False,False
12999,720575940612067034,KCab,central,left,118.6,121.4,91.2,122.7,False,False
4555,720575940607337923,KCab,central,right,118.6,120.0,90.0,122.7,False,False
94956,720575940629723690,KCg-m,central,left,118.6,120.0,91.2,118.2,False,False
57237,720575940622836237,KCg-m,central,left,118.6,122.9,91.2,122.7,False,False
137116,720575940652114422,LHAV2b7_a,central,right,118.6,121.4,91.9,122.7,False,False
1947,720575940605625376,KCab,central,left,118.6,121.4,90.0,122.7,False,False
51846,720575940621879557,KCab,central,left,118.6,124.3,93.1,127.3,False,False
16806,720575940613253091,LHAV3g1,central,right,118.6,121.4,91.2,122.7,False,False
69464,720575940625024125,KCab,central,right,118.6,122.9,91.9,122.7,False,False
9077,720575940610393842,KCab,central,left,118.6,122.9,91.9,122.7,False,False
58869,720575940623119812,CB1667,central,right,118.6,122.9,91.9,122.7,False,False
57965,720575940622971283,CRE078,central,right,118.6,120.0,89.4,122.7,False,False
95958,720575940629916728,KCab,central,left,118.6,124.3,93.8,122.7,False,False
14154,720575940612458211,KCg-m,central,left,118.6,121.4,90.6,118.2,False,False
110186,720575940632819501,CB2767,central,left,118.6,121.4,88.1,118.2,False,False
87004,720575940628231211,LHPV4a2,central,right,118.6,122.9,91.9,122.7,False,False
87028,720575940628236200,CB3047,central,left,118.6,121.4,91.2,118.2,False,False
50101,720575940621590250,KCab,central,right,118.6,121.4,91.2,122.7,False,False
13838,720575940612356904,KCab,central,left,118.6,121.4,90.0,122.7,False,False
28505,720575940616804753,KCg-m,central,left,118.6,121.4,91.9,127.3,False,False
28507,720575940616805179,LHAV2g2_b,central,left,118.6,122.9,90.6,122.7,False,False
59496,720575940623218666,KCg-m,central,left,118.6,124.3,92.5,122.7,False,False
94509,720575940629625466,KCab,central,right,118.6,121.4,90.6,122.7,False,False
46470,720575940620954278,CB2064,central,left,118.6,120.0,91.2,122.7,False,False
30401,720575940617313846,KCg-m,central,left,118.6,122.9,91.2,122.7,False,False
94090,720575940629535738,KCg-m,central,left,118.6,122.9,91.9,122.7,False,False
70922,720575940625329726,KCg-m,central,left,118.6,124.3,93.1,127.3,False,False
32277,720575940617795073,KCab,central,left,118.6,120.0,90.6,118.2,False,False
48841,720575940621371252,CB1106,central,left,118.6,120.0,89.4,118.2,False,False
132126,720575940643163940,KCg-m,central,left,118.6,121.4,91.2,122.7,False,False
5783,720575940608285570,CB2060,central,left,118.6,121.4,91.9,122.7,False,False
67686,720575940624704551,KCg-m,central,left,118.6,122.9,91.9,122.7,False,False
68036,720575940624773182,KCg-m,central,left,118.6,121.4,91.9,118.2,False,False
40208,720575940619734720,KCab,central,left,118.6,122.9,91.9,122.7,False,False
74435,720575940626015294,KCg-m,central,left,117.1,121.4,91.9,122.7,False,False
33718,720575940618125893,KCg-m,central,left,117.1,121.4,91.9,122.7,False,False
118092,720575940635537271,KCg-m,central,left,117.1,120.0,90.0,118.2,False,False
103100,720575940631260716,SMP384,central,right,117.1,121.4,89.4,118.2,False,False
75241,720575940626180452,LHPV2a1_a,central,right,117.1,121.4,91.2,122.7,False,False
126876,720575940639337461,DA2_lPN,central,right,117.1,131.4,88.8,122.7,False,False
12557,720575940611903601,KCab,central,left,117.1,121.4,90.6,118.2,False,False
97644,720575940630242668,CB2770,central,left,117.1,120.0,91.2,118.2,False,False
20567,720575940614506663,"SMP049,SMP076",central,left,117.1,118.6,89.4,118.2,False,False
26845,720575940616309563,KCg-m,central,left,117.1,121.4,89.4,122.7,False,False
98799,720575940630469647,KCab,central,left,117.1,120.0,90.0,118.2,False,False
83780,720575940627680021,LHPV2h1,central,left,117.1,118.6,89.4,113.6,False,False
74893,720575940626102628,KCg-m,central,left,117.1,121.4,90.0,122.7,False,False
53392,720575940622149196,KCg-m,central,left,117.1,120.0,91.9,122.7,False,False
35315,720575940618482781,LHAV2b1,central,left,117.1,121.4,92.5,122.7,False,False
57504,720575940622891277,KCg-m,central,right,117.1,120.0,90.0,118.2,False,False
15736,720575940612930710,KCab,central,left,117.1,120.0,89.4,118.2,False,False
52025,720575940621912346,KCg-m,central,left,117.1,122.9,91.2,118.2,False,False
136034,720575940647714425,KCab,central,right,117.1,117.1,89.4,122.7,False,False
97439,720575940630202267,LAL100,central,left,117.1,121.4,91.2,122.7,False,False
14726,720575940612635050,ALIN7,central,right,117.1,121.4,90.0,122.7,False,False
135437,720575940646783284,KCab,central,left,117.1,118.6,88.1,118.2,False,False
85423,720575940627958466,KCab,central,left,117.1,118.6,90.6,122.7,False,False
35109,720575940618436672,KCg-m,central,right,117.1,120.0,91.2,122.7,False,False
95964,720575940629917771,LHAV2f2_b,central,left,117.1,121.4,90.6,118.2,False,False
124407,720575940638249917,ORN_VM6v,sensory,right,117.1,120.0,89.4,118.2,False,False
95452,720575940629824828,KCg-m,central,right,117.1,121.4,90.0,118.2,False,False
86547,720575940628147718,KCg-m,central,right,117.1,124.3,92.5,122.7,False,False
39157,720575940619466416,KCg-m,central,left,117.1,120.0,90.6,122.7,False,False
3722,720575940606715337,KCg-m,central,left,117.1,120.0,91.9,122.7,False,False
9952,720575940610823141,KCg-m,central,left,117.1,118.6,90.0,122.7,False,False
43468,720575940620440558,KCab,central,left,117.1,118.6,88.1,118.2,False,False
71267,720575940625399077,KCab,central,right,117.1,117.1,87.5,113.6,False,False
39007,720575940619423398,KCg-m,central,left,117.1,121.4,91.2,122.7,False,False
116390,720575940634920543,KCab,central,right,117.1,117.1,86.9,118.2,False,False
66809,720575940624526266,KCab,central,left,117.1,118.6,90.0,118.2,False,False
60516,720575940623398524,PAM08,central,right,117.1,121.4,90.6,122.7,False,False
75945,720575940626331978,KCab,central,right,117.1,120.0,90.6,122.7,False,False
76478,720575940626435330,CB1305,central,right,117.1,120.0,90.6,118.2,False,False
105891,720575940631875097,KCab,central,right,117.1,120.0,89.4,118.2,False,False
105768,720575940631840568,KCg-m,central,left,117.1,118.6,89.4,122.7,False,False
106076,720575940631915863,LHPV4a7a,central,right,117.1,121.4,91.2,122.7,False,False
89666,720575940628694019,LAL123,central,right,117.1,120.0,90.0,122.7,False,False
121570,720575940637013726,ORN_D,sensory,right,117.1,122.9,91.9,118.2,False,False
61462,720575940623555047,LHAV4a4,central,right,117.1,120.0,89.4,118.2,False,False
21913,720575940614883551,LHPV4a1,central,left,117.1,120.0,91.2,122.7,False,False
97697,720575940630251791,v2LN46b,central,right,117.1,118.6,90.0,118.2,False,False
27667,720575940616546933,CB3109,central,left,117.1,118.6,89.4,118.2,False,False
120368,720575940636481637,CB2387,central,right,117.1,110.0,83.1,113.6,False,False
121185,720575940636841286,KCg-m,central,left,117.1,120.0,89.4,118.2,False,False
127051,720575940639417459,KCg-m,central,right,117.1,120.0,89.4,118.2,False,False
107241,720575940632169007,KCg-m,central,right,117.1,120.0,90.0,118.2,False,False
108314,720575940632407635,KCg-m,central,left,117.1,118.6,90.6,122.7,False,False
126864,720575940639328128,KCg-m,central,left,117.1,120.0,88.8,122.7,False,False
11599,720575940611548821,KCab,central,left,117.1,117.1,88.8,118.2,False,False
127631,720575940639684413,LHPV4b1,central,left,117.1,121.4,90.6,118.2,False,False
75317,720575940626199324,KCab,central,left,117.1,121.4,90.6,122.7,False,False
92715,720575940629263975,KCg-m,central,left,117.1,120.0,90.0,118.2,False,False
89614,720575940628684588,KCg-m,central,left,117.1,120.0,91.2,122.7,False,False
21591,720575940614783042,KCab,central,left,117.1,120.0,90.6,122.7,False,False
101511,720575940630965335,LHAD1b3,central,right,117.1,121.4,90.6,122.7,False,False
104206,720575940631483949,KCg-m,central,left,117.1,120.0,89.4,122.7,False,False
65214,720575940624235448,KCg-m,central,left,117.1,122.9,91.9,127.3,False,False
104843,720575940631618920,CB1673,central,right,117.1,121.4,90.0,118.2,False,False
66920,720575940624549694,KCab,central,left,117.1,118.6,90.0,118.2,False,False
91191,720575940628966479,CB2770,central,right,117.1,121.4,91.2,122.7,False,False
56135,720575940622642893,LHAV2g2_a,central,left,115.7,120.0,90.0,118.2,False,False
112082,720575940633323674,KCab,central,left,115.7,120.0,88.8,118.2,False,False
113206,720575940633673497,KCg-m,central,left,115.7,117.1,88.1,118.2,False,False
84523,720575940627804136,KCab,central,left,115.7,118.6,89.4,118.2,False,False
68427,720575940624851726,KCg-m,central,left,115.7,118.6,88.1,118.2,False,False
25933,720575940616052625,KCab,central,right,115.7,115.7,85.6,113.6,False,False
44017,720575940620544182,KCab,central,left,115.7,117.1,88.8,113.6,False,False
36726,720575940618830459,KCg-m,central,left,115.7,120.0,90.0,122.7,False,False
111123,720575940633074015,KCab,central,right,115.7,120.0,90.0,118.2,False,False
83627,720575940627654165,CB1577,central,left,115.7,120.0,88.8,118.2,False,False
17386,720575940613442154,KCab,central,left,115.7,117.1,87.5,118.2,False,False
74766,720575940626083940,KCg-m,central,left,115.7,120.0,89.4,118.2,False,False
40991,720575940619917653,SLP384,central,left,115.7,120.0,91.9,122.7,False,False
19752,720575940614248446,KCg-m,central,left,115.7,120.0,88.1,118.2,False,False
19657,720575940614219370,KCg-m,central,left,115.7,118.6,89.4,118.2,False,False
75388,720575940626216573,KCg-m,central,left,115.7,118.6,90.0,118.2,False,False
40896,720575940619898759,KCg-m,central,left,115.7,118.6,89.4,118.2,False,False
87168,720575940628259407,DA2_lPN,central,right,115.7,130.0,89.4,122.7,False,False
87515,720575940628318193,KCg-m,central,left,115.7,118.6,91.2,122.7,False,False
102688,720575940631184439,PAM08,central,left,115.7,118.6,89.4,118.2,False,False
92832,720575940629292844,KCg-m,central,left,115.7,117.1,88.8,118.2,False,False
62154,720575940623699207,KCab,central,left,115.7,118.6,88.1,118.2,False,False
128378,720575940640006528,KCg-m,central,left,115.7,118.6,90.0,118.2,False,False
101731,720575940631002386,KCg-m,central,right,115.7,120.0,90.0,122.7,False,False
5549,720575940608130606,M_VPNml66,central,right,115.7,118.6,90.6,122.7,False,False
12146,720575940611755157,SLP388,central,left,115.7,118.6,88.1,118.2,False,False
19970,720575940614313890,KCg-m,central,left,115.7,118.6,88.1,113.6,False,False
42175,720575940620158447,LHAV4a4,central,left,115.7,120.0,90.0,118.2,False,False
42148,720575940620153876,KCg-m,central,right,115.7,120.0,90.6,118.2,False,False
114607,720575940634195448,KCab,central,left,115.7,117.1,88.8,118.2,False,False
63670,720575940623981576,ORN_D,sensory,left,115.7,118.6,89.4,118.2,False,False
103232,720575940631284012,KCab,central,right,115.7,118.6,90.0,122.7,False,False
41265,720575940619977566,KCab,central,right,115.7,118.6,88.8,118.2,False,False
61608,720575940623588074,CB1701,central,left,115.7,120.0,90.6,122.7,False,False
29625,720575940617093533,KCab,central,right,115.7,114.3,86.9,113.6,False,False
10845,720575940611229297,KCg-m,central,left,115.7,117.1,88.1,118.2,False,False
61316,720575940623530474,KCg-m,central,left,115.7,118.6,89.4,118.2,False,False
94055,720575940629529088,KCab,central,left,115.7,117.1,86.9,118.2,False,False
104365,720575940631517251,AOTU019,central,right,115.7,117.1,83.1,109.1,False,False
18881,720575940613939090,KCab,central,left,115.7,118.6,90.0,118.2,False,False
116615,720575940635006559,KCg-m,central,left,115.7,120.0,89.4,122.7,False,False
39372,720575940619537201,LHPV6g1,central,right,115.7,114.3,86.2,118.2,False,False
18517,720575940613794114,TRN_VP1m,sensory,left,115.7,120.0,90.6,122.7,False,False
34010,720575940618185296,KCab,central,left,115.7,118.6,90.6,118.2,False,False
33988,720575940618181445,KCg-m,central,left,115.7,120.0,90.0,122.7,False,False
85677,720575940628003304,LHAV4a4,central,left,115.7,121.4,89.4,118.2,False,False
30863,720575940617436305,KCg-m,central,right,115.7,118.6,88.8,118.2,False,False
8557,720575940610101210,KCab,central,right,115.7,115.7,85.6,113.6,False,False
45088,720575940620715224,MBON21,central,left,115.7,115.7,88.8,122.7,False,False
44114,720575940620561761,LHAV4g1a,central,right,115.7,118.6,88.8,118.2,False,False
45481,720575940620779841,KCab,central,left,115.7,118.6,88.1,118.2,False,False
28954,720575940616915686,KCg-m,central,left,115.7,118.6,90.0,118.2,False,False
4046,720575940606940425,KCab,central,left,115.7,120.0,88.1,118.2,False,False
76894,720575940626524691,KCg-m,central,left,115.7,118.6,90.0,122.7,False,False
132110,720575940643129124,KCg-m,central,left,115.7,117.1,88.1,118.2,False,False
49862,720575940621552372,KCab,central,left,115.7,117.1,88.8,118.2,False,False
51069,720575940621749375,CB1134,central,right,115.7,100.0,76.2,104.5,False,False
116936,720575940635118943,LHAV2b1,central,right,115.7,117.1,87.5,113.6,False,False
43067,720575940620349376,KCg-m,central,left,115.7,122.9,91.2,122.7,False,False
91544,720575940629029370,KCg-m,central,left,115.7,120.0,90.0,118.2,False,False
91556,720575940629031323,KCab,central,left,115.7,118.6,88.8,118.2,False,False
31247,720575940617534235,KCg-m,central,left,115.7,122.9,91.2,118.2,False,False
90295,720575940628802042,KCg-m,central,left,115.7,120.0,88.8,118.2,False,False
90189,720575940628787962,KCg-m,central,right,115.7,117.1,88.8,118.2,False,False
106128,720575940631926599,KCg-m,central,left,115.7,118.6,90.0,118.2,False,False
42711,720575940620273344,KCab,central,left,115.7,118.6,88.8,122.7,False,False
38378,720575940619245121,KCg-m,central,left,115.7,121.4,89.4,118.2,False,False
57360,720575940622861960,KCab,central,left,115.7,114.3,85.0,113.6,False,False
56693,720575940622733133,CB1334,central,right,115.7,120.0,90.6,118.2,False,False
51852,720575940621880609,KCg-m,central,left,115.7,120.0,87.5,118.2,False,False
82750,720575940627486485,CB4159,central,right,115.7,120.0,91.9,122.7,False,False
98296,720575940630371641,KCab,central,left,115.7,118.6,88.8,118.2,False,False
2049,720575940605678368,CB2767,central,left,115.7,120.0,90.0,118.2,False,False
1402,720575940605180337,KCab,central,right,115.7,115.7,85.6,113.6,False,False
137693,720575940654810017,KCg-m,central,left,115.7,117.1,86.2,113.6,False,False
53076,720575940622102554,LHAV2k13,central,left,114.3,117.1,88.1,118.2,False,False
27009,720575940616358459,KCab,central,left,114.3,115.7,87.5,113.6,False,False
32482,720575940617841437,LAL030d,central,left,114.3,115.7,85.6,118.2,False,False
90541,720575940628843931,KCab,central,left,114.3,115.7,86.2,113.6,False,False
11777,720575940611611285,KCg-m,central,left,114.3,118.6,88.1,118.2,False,False
48522,720575940621321001,KCab,central,right,114.3,118.6,87.5,122.7,False,False
130121,720575940640856795,KCab,central,left,114.3,115.7,88.1,118.2,False,False
99596,720575940630620812,KCg-m,central,left,114.3,118.6,88.8,118.2,False,False
107085,720575940632123695,KCg-m,central,left,114.3,117.1,88.1,113.6,False,False
90926,720575940628915574,KCab,central,left,114.3,118.6,88.8,118.2,False,False
127104,720575940639441653,KCab,central,left,114.3,117.1,88.1,113.6,False,False
20525,720575940614486322,KCg-m,central,left,114.3,118.6,88.8,118.2,False,False
89089,720575940628588587,CB2923,central,right,114.3,121.4,89.4,118.2,False,False
77667,720575940626668165,KCg-m,central,left,114.3,117.1,86.9,118.2,False,False
73950,720575940625929790,KCab,central,left,114.3,115.7,86.2,113.6,False,False
23317,720575940615281291,KCab,central,left,114.3,118.6,86.2,113.6,False,False
73096,720575940625768073,KCab,central,right,114.3,114.3,85.6,113.6,False,False
121346,720575940636909790,KCg-m,central,left,114.3,117.1,87.5,118.2,False,False
65144,720575940624224526,KCg-m,central,left,114.3,118.6,89.4,118.2,False,False
92018,720575940629129472,KCab,central,left,114.3,117.1,87.5,118.2,False,False
49143,720575940621422104,KCg-m,central,left,114.3,118.6,87.5,113.6,False,False
65292,720575940624250160,KCg-m,central,left,114.3,117.1,86.9,113.6,False,False
87047,720575940628238586,KCg-m,central,left,114.3,118.6,88.8,118.2,False,False
103969,720575940631435345,KCg-m,central,left,114.3,118.6,88.8,118.2,False,False
91787,720575940629079707,KCab,central,right,114.3,117.1,86.9,118.2,False,False
1229,720575940605028017,AVLP446,central,left,114.3,117.1,88.1,118.2,False,False
28177,720575940616702465,LAL131b,central,right,114.3,118.6,88.8,118.2,False,False
99238,720575940630558316,LHAV4g1b,central,left,114.3,117.1,88.1,118.2,False,False
135285,720575940646582836,PAM08,central,right,114.3,118.6,88.8,118.2,False,False
42396,720575940620205147,CB3045,central,left,114.3,117.1,86.9,113.6,False,False
116072,720575940634792884,CB2842,central,right,114.3,114.3,83.8,113.6,False,False
4064,720575940606954114,KCg-m,central,right,114.3,118.6,89.4,118.2,False,False
58513,720575940623059080,KCg-m,central,right,114.3,118.6,90.0,118.2,False,False
16642,720575940613197608,KCg-m,central,left,114.3,118.6,90.6,122.7,False,False
113385,720575940633732448,KCab,central,left,114.3,117.1,87.5,118.2,False,False
53340,720575940622139613,CB1276,central,right,114.3,117.1,87.5,118.2,False,False
118447,720575940635656670,KCab,central,right,114.3,117.1,88.8,118.2,False,False
54245,720575940622295832,KCg-m,central,left,114.3,117.1,88.8,118.2,False,False
54318,720575940622307096,KCg-m,central,left,114.3,117.1,89.4,118.2,False,False
101221,720575940630914245,LHPV3c1,central,right,114.3,120.0,89.4,122.7,False,False
31866,720575940617684054,CB3013,central,right,114.3,115.7,89.4,113.6,False,False
1080,720575940604908972,KCg-m,central,left,114.3,118.6,88.8,118.2,False,False
77032,720575940626553993,ORN_VM6v,sensory,right,114.3,117.1,87.5,118.2,False,False
11980,720575940611686809,KCg-m,central,right,114.3,118.6,88.8,118.2,False,False
6102,720575940608524483,KCg-m,central,right,114.3,118.6,88.8,118.2,False,False
105592,720575940631792184,KCg-m,central,left,114.3,117.1,87.5,118.2,False,False
31249,720575940617534438,KCg-m,central,left,114.3,115.7,87.5,113.6,False,False
44369,720575940620603245,KCg-m,central,right,114.3,118.6,87.5,118.2,False,False
81215,720575940627235594,KCab,central,left,114.3,115.7,86.9,113.6,False,False
9424,720575940610562969,CB3077,central,right,114.3,120.0,89.4,122.7,False,False
100193,720575940630726085,KCg-m,central,left,114.3,118.6,88.8,118.2,False,False
70830,720575940625309882,KCg-m,central,left,114.3,115.7,86.2,113.6,False,False
85575,720575940627985402,KCab,central,left,114.3,115.7,88.1,113.6,False,False
30423,720575940617317305,KCg-m,central,left,114.3,117.1,88.8,118.2,False,False
19062,720575940614009827,M_adPNm7,central,left,114.3,118.6,88.1,118.2,False,False
100150,720575940630719173,CB1843,central,left,114.3,118.6,86.2,113.6,False,False
34140,720575940618210614,VP3+_l2PN,central,left,114.3,120.0,85.6,113.6,False,False
94026,720575940629522474,KCab,central,right,114.3,114.3,85.0,113.6,False,False
3845,720575940606773705,KCg-m,central,left,114.3,115.7,88.1,118.2,False,False
59565,720575940623229927,KCab,central,left,114.3,117.1,88.8,118.2,False,False
59692,720575940623253994,KCg-m,central,left,114.3,117.1,86.9,118.2,False,False
22776,720575940615133894,KCg-m,central,left,114.3,120.0,88.1,118.2,False,False
66567,720575940624473444,KCg-m,central,left,114.3,115.7,88.1,118.2,False,False
34868,720575940618379723,KCg-m,central,left,114.3,118.6,89.4,118.2,False,False
132886,720575940644157463,KCg-m,central,left,114.3,117.1,88.8,118.2,False,False
123284,720575940637756349,KCg-m,central,right,114.3,118.6,90.0,118.2,False,False
35839,720575940618609462,CB2589,central,left,114.3,117.1,86.9,118.2,False,False
113068,720575940633626594,CB2914,central,left,114.3,107.1,81.2,104.5,False,False
101963,720575940631048267,KCg-m,central,right,114.3,118.6,88.1,113.6,False,False
132898,720575940644170519,KCg-m,central,left,114.3,117.1,86.9,118.2,False,False
102785,720575940631203384,KCg-m,central,left,114.3,117.1,87.5,118.2,False,False
125271,720575940638642502,LHPD5a1,central,left,114.3,121.4,90.6,122.7,False,False
6670,720575940608956373,"LHAD1b2_a,LHAD1b2_c",central,left,112.9,117.1,86.2,113.6,False,False
6284,720575940608663765,KCg-m,central,left,112.9,111.4,83.8,113.6,False,False
128443,720575940640030592,LHPV4a9,central,right,112.9,110.0,85.0,113.6,False,False
63223,720575940623902727,CB2296,central,left,112.9,108.6,82.5,109.1,False,False
126866,720575940639328640,KCg-m,central,left,112.9,115.7,88.1,118.2,False,False
62573,720575940623786421,KCab,central,left,112.9,118.6,87.5,118.2,False,False
27832,720575940616589888,KCab,central,right,112.9,117.1,86.9,118.2,False,False
25459,720575940615931293,KCg-m,central,right,112.9,117.1,86.9,113.6,False,False
52829,720575940622064809,KCg-m,central,left,112.9,112.9,83.1,109.1,False,False
49228,720575940621436325,LHPV5d1,central,left,112.9,111.4,83.8,104.5,False,False
60620,720575940623419389,KCab,central,left,112.9,112.9,85.6,113.6,False,False
104663,720575940631576903,PAM07,central,right,112.9,120.0,89.4,118.2,False,False
104847,720575940631619409,CB2372,central,right,112.9,114.3,85.6,113.6,False,False
13439,720575940612231282,KCab,central,left,112.9,108.6,80.6,109.1,False,False
32597,720575940617871680,KCab,central,left,112.9,115.7,86.9,113.6,False,False
90957,720575940628920987,KCg-m,central,left,112.9,115.7,86.9,118.2,False,False
32405,720575940617825344,KCab,central,left,112.9,118.6,88.1,113.6,False,False
100422,720575940630764741,KCab,central,right,112.9,117.1,86.9,118.2,False,False
56860,720575940622762995,DA2_lPN,central,right,112.9,130.0,88.1,118.2,False,False
56754,720575940622742477,KCab,central,left,112.9,117.1,87.5,118.2,False,False
47202,720575940621083085,KCab,central,left,112.9,115.7,87.5,113.6,False,False
42225,720575940620172272,KCg-m,central,left,112.9,117.1,86.2,113.6,False,False
122397,720575940637389902,KCab,central,left,112.9,110.0,83.1,109.1,False,False
64434,720575940624107081,CB2133,central,right,112.9,115.7,86.9,118.2,False,False
10540,720575940611098595,v2LN34E,central,left,112.9,115.7,87.5,118.2,False,False
95605,720575940629852419,SMP116,central,right,112.9,111.4,80.0,109.1,False,False
51833,720575940621875068,LHAV4i1,central,left,112.9,112.9,85.0,113.6,False,False
135429,720575940646773044,KCg-m,central,left,112.9,112.9,85.0,113.6,False,False
23904,720575940615456985,KCab,central,right,112.9,111.4,84.4,113.6,False,False
9394,720575940610543257,KCab,central,left,112.9,117.1,88.1,118.2,False,False
115293,720575940634468197,KCab,central,right,112.9,114.3,85.6,113.6,False,False
115368,720575940634507639,KCab,central,left,112.9,115.7,86.9,118.2,False,False
6746,720575940608997571,KCg-m,central,left,112.9,111.4,83.8,113.6,False,False
23148,720575940615237170,KCg-m,central,left,112.9,112.9,83.8,113.6,False,False
43191,720575940620378246,KCg-m,central,left,112.9,117.1,86.9,113.6,False,False
110410,720575940632873645,KCab,central,left,112.9,115.7,88.1,118.2,False,False
19220,720575940614066483,CB2790,central,right,112.9,115.7,83.8,113.6,False,False
18513,720575940613793602,KCg-m,central,left,112.9,115.7,86.2,118.2,False,False
30451,720575940617324433,KCg-m,central,left,112.9,115.7,85.0,113.6,False,False
92274,720575940629172736,KCg-m,central,left,112.9,111.4,85.0,113.6,False,False
65572,720575940624297278,KCab,central,left,112.9,115.7,86.2,113.6,False,False
46153,720575940620904614,SMP568,central,right,112.9,117.1,88.8,118.2,False,False
126218,720575940639053776,KCab,central,left,112.9,115.7,86.9,113.6,False,False
110538,720575940632904043,KCg-m,central,left,112.9,115.7,88.1,113.6,False,False
126239,720575940639058109,KCg-m,central,left,112.9,115.7,88.1,118.2,False,False
85592,720575940627987974,CB3774,central,left,112.9,115.7,87.5,113.6,False,False
110633,720575940632929690,KCab,central,right,112.9,114.3,84.4,113.6,False,False
79357,720575940626951921,KCab,central,left,112.9,117.1,88.1,113.6,False,False
88156,720575940628413799,KCab,central,left,112.9,114.3,83.8,113.6,False,False
20010,720575940614325138,ORN_VM6v,sensory,left,112.9,115.7,86.9,118.2,False,False
25328,720575940615892966,KCab,central,left,112.9,114.3,86.2,113.6,False,False
73357,720575940625814274,ORN_VM6v,sensory,right,112.9,117.1,87.5,118.2,False,False
11702,720575940611586453,KCab,central,right,112.9,111.4,83.1,109.1,False,False
87198,720575940628265039,KCg-m,central,left,112.9,114.3,85.0,113.6,False,False
104237,720575940631490616,CB3248,central,left,112.9,115.7,86.2,113.6,False,False
30936,720575940617456798,KCab,central,right,112.9,111.4,85.6,113.6,False,False
124463,720575940638270080,KCab,central,left,112.9,112.9,85.6,109.1,False,False
133577,720575940644800535,KCab,central,left,112.9,114.3,85.0,113.6,False,False
67874,720575940624740878,KCab,central,left,112.9,115.7,86.2,118.2,False,False
68130,720575940624793272,KCab,central,left,112.9,114.3,85.0,118.2,False,False
50848,720575940621708638,KCab,central,left,112.9,114.3,85.6,113.6,False,False
114018,720575940633932569,CB2757,central,right,112.9,111.4,84.4,113.6,False,False
81125,720575940627221011,CB3009,central,left,112.9,112.9,85.0,113.6,False,False
80988,720575940627200010,KCg-m,central,left,112.9,114.3,84.4,109.1,False,False
114732,720575940634236015,KCab,central,left,112.9,117.1,86.9,113.6,False,False
24368,720575940615604363,KCg-m,central,left,112.9,117.1,86.2,113.6,False,False
84006,720575940627719184,CB3457,central,left,112.9,115.7,86.2,118.2,False,False
3913,720575940606833794,CB2141,central,right,112.9,115.7,86.9,113.6,False,False
49359,720575940621457577,KCg-m,central,left,112.9,111.4,86.2,118.2,False,False
45086,720575940620714921,ORN_VM6v,sensory,left,112.9,117.1,87.5,118.2,False,False
15328,720575940612817583,KCg-m,central,left,112.9,117.1,86.9,118.2,False,False
51147,720575940621761057,CB2678,central,left,112.9,117.1,86.2,113.6,False,False
53863,720575940622227381,KCab,central,left,112.9,115.7,87.5,118.2,False,False
75620,720575940626265084,KCg-m,central,left,112.9,115.7,86.9,113.6,False,False
133889,720575940645089059,KCg-m,central,left,112.9,117.1,87.5,118.2,False,False
123722,720575940637964772,KCg-m,central,left,112.9,115.7,87.5,118.2,False,False
8734,720575940610206387,KCg-m,central,right,112.9,118.6,87.5,118.2,False,False
43984,720575940620537839,KCg-m,central,left,112.9,115.7,86.9,118.2,False,False
51166,720575940621763767,KCg-m,central,right,112.9,117.1,86.9,118.2,False,False
90098,720575940628773675,KCg-m,central,left,112.9,118.6,88.1,113.6,False,False
98519,720575940630419364,KCab,central,right,112.9,111.4,83.8,109.1,False,False
120145,720575940636359275,CB0396,central,left,112.9,114.3,84.4,113.6,False,False
74538,720575940626033838,KCab,central,left,112.9,115.7,86.9,113.6,False,False
41240,720575940619971009,KCab,central,left,112.9,114.3,85.0,113.6,False,False
13103,720575940612104627,KCg-m,central,left,112.9,117.1,88.1,118.2,False,False
26186,720575940616121501,KCg-m,central,left,112.9,115.7,85.6,113.6,False,False
119921,720575940636261294,WEDPN2B,central,right,112.9,115.7,87.5,113.6,False,False
40408,720575940619777520,KCg-m,central,left,112.9,117.1,87.5,113.6,False,False
138082,720575940658539905,ORN_D,sensory,left,111.4,114.3,86.9,118.2,False,False
56083,720575940622633203,KCab,central,right,111.4,112.9,84.4,109.1,False,False
40245,720575940619742656,KCab,central,right,111.4,112.9,83.8,113.6,False,False
1555,720575940605309361,VM7v_adPN,central,right,111.4,115.7,86.9,113.6,False,False
39395,720575940619545905,LHAV4g1a,central,left,111.4,117.1,86.9,113.6,False,False
96784,720575940630067968,KCg-m,central,left,111.4,108.6,81.9,109.1,False,False
51926,720575940621892829,KCg-m,central,right,111.4,115.7,86.9,118.2,False,False
99552,720575940630612620,KCab,central,right,111.4,108.6,81.9,109.1,False,False
27780,720575940616578390,KCg-m,central,left,111.4,114.3,86.9,118.2,False,False
25332,720575940615894173,KCab,central,right,111.4,114.3,85.6,113.6,False,False
120440,720575940636510015,KCg-m,central,left,111.4,114.3,86.9,118.2,False,False
41552,720575940620032123,FB5AB,central,right,111.4,114.3,90.0,118.2,False,False
77677,720575940626669957,KCg-m,central,right,111.4,110.0,84.4,113.6,False,False
77537,720575940626647960,KCg-m,central,left,111.4,115.7,86.9,118.2,False,False
77562,720575940626650890,LAL114,central,left,111.4,112.9,86.2,122.7,False,False
21741,720575940614825622,KCg-m,central,left,111.4,112.9,83.1,113.6,False,False
104836,720575940631617347,5-HTPMPD01,central,left,111.4,117.1,88.1,118.2,False,False
4554,720575940607337155,KCab,central,right,111.4,115.7,85.0,109.1,False,False
88801,720575940628538112,KCg-m,central,left,111.4,115.7,85.0,113.6,False,False
127229,720575940639497789,KCab,central,left,111.4,114.3,86.9,113.6,False,False
61063,720575940623491069,KCg-m,central,left,111.4,115.7,87.5,118.2,False,False
68930,720575940624934787,LHAV4a4,central,left,111.4,115.7,86.9,118.2,False,False
83135,720575940627552680,KCab,central,right,111.4,112.9,85.0,113.6,False,False
3303,720575940606483467,KCab,central,right,111.4,114.3,85.6,113.6,False,False
16606,720575940613188319,KCg-m,central,right,111.4,114.3,85.6,113.6,False,False
123447,720575940637832937,LHAV2b7_b,central,right,111.4,115.7,86.2,113.6,False,False
82453,720575940627435592,KCab,central,left,111.4,108.6,81.9,104.5,False,False
36847,720575940618861504,KCab,central,left,111.4,115.7,85.6,118.2,False,False
37090,720575940618924965,KCg-m,central,left,111.4,112.9,85.6,109.1,False,False
43469,720575940620440559,KCg-m,central,left,111.4,114.3,85.0,113.6,False,False
94507,720575940629625210,KCg-m,central,left,111.4,114.3,86.2,118.2,False,False
98695,720575940630452495,KCg-m,central,left,111.4,115.7,86.9,113.6,False,False
54507,720575940622338269,PAM08,central,right,111.4,117.1,87.5,118.2,False,False
367,720575940603883232,KCg-m,central,left,111.4,115.7,88.1,118.2,False,False
9928,720575940610812258,KCab,central,left,111.4,115.7,86.9,113.6,False,False
121201,720575940636848710,KCab,central,left,111.4,111.4,83.1,109.1,False,False
42894,720575940620316766,KCab,central,left,111.4,110.0,83.8,109.1,False,False
64698,720575940624152357,KCab,central,left,111.4,112.9,84.4,109.1,False,False
25219,720575940615858644,KCg-m,central,left,111.4,114.3,85.6,113.6,False,False
91685,720575940629059943,KCab,central,left,111.4,111.4,85.0,113.6,False,False
64710,720575940624154632,KCg-m,central,left,111.4,112.9,86.2,118.2,False,False
7026,720575940609200708,KCab,central,left,111.4,110.0,81.9,109.1,False,False
126642,720575940639212632,KCab,central,left,111.4,112.9,84.4,118.2,False,False
132445,720575940643623328,KCab,central,left,111.4,111.4,82.5,113.6,False,False
132393,720575940643544224,KCg-m,central,left,111.4,115.7,84.4,109.1,False,False
24684,720575940615696070,KCab,central,right,111.4,112.9,83.1,109.1,False,False
8600,720575940610124868,ORN_D,sensory,left,111.4,115.7,86.2,113.6,False,False
50288,720575940621617286,PAM08,central,left,111.4,114.3,86.9,113.6,False,False
111711,720575940633221447,CB2596,central,left,111.4,114.3,85.0,113.6,False,False
44402,720575940620607982,KCg-m,central,right,111.4,114.3,85.0,113.6,False,False
93589,720575940629445758,KCab,central,left,111.4,108.6,81.9,109.1,False,False
101946,720575940631043896,KCab,central,left,111.4,115.7,86.2,118.2,False,False
18790,720575940613897890,KCg-m,central,left,111.4,114.3,86.2,113.6,False,False
65525,720575940624290539,KCg-m,central,left,111.4,114.3,86.2,113.6,False,False
7259,720575940609318446,KCg-m,central,left,111.4,115.7,87.5,113.6,False,False
45793,720575940620840368,M_lvPNm41,central,left,111.4,115.7,88.1,118.2,False,False
103345,720575940631305068,DP1l_vPN,central,left,111.4,112.9,84.4,113.6,False,False
93455,720575940629421159,DNp12,descending,right,111.4,115.7,86.9,113.6,False,False
23654,720575940615386324,KCg-m,central,right,111.4,115.7,86.2,113.6,False,False
115581,720575940634607511,KCab,central,left,111.4,115.7,86.9,113.6,False,False
70937,720575940625333822,KCg-m,central,right,111.4,114.3,85.6,113.6,False,False
123232,720575940637736006,PLP251,central,left,111.4,112.9,89.4,118.2,False,False
8124,720575940609836898,KCab,central,left,111.4,117.1,86.9,118.2,False,False
95365,720575940629804857,KCab,central,right,111.4,115.7,85.0,113.6,False,False
95937,720575940629913538,CB2923,central,left,111.4,114.3,86.2,113.6,False,False
14326,720575940612509337,CB2923,central,left,111.4,115.7,85.6,113.6,False,False
43028,720575940620342768,KCg-m,central,left,111.4,114.3,86.2,113.6,False,False
66333,720575940624425715,PLP067b,central,left,111.4,115.7,86.2,118.2,False,False
51264,720575940621777391,MBON21,central,right,111.4,111.4,87.5,118.2,False,False
57702,720575940622926104,CB1664,central,right,111.4,114.3,86.9,113.6,False,False
10104,720575940610906521,KCg-m,central,right,111.4,114.3,86.2,113.6,False,False
125236,720575940638633806,VES040,central,left,111.4,111.4,85.6,118.2,False,False
16760,720575940613237758,KCg-m,central,left,111.4,114.3,87.5,118.2,False,False
44607,720575940620642940,DNpe002,descending,right,111.4,117.1,83.8,118.2,False,False
112231,720575940633365473,LHAV1a3,central,right,111.4,112.9,85.6,113.6,False,False
51204,720575940621767977,KCab,central,left,111.4,110.0,83.1,109.1,False,False
58173,720575940623004685,KCab,central,left,111.4,110.0,81.2,113.6,False,False
15799,720575940612945266,LHAD2d1,central,left,111.4,115.7,84.4,113.6,False,False
114710,720575940634231653,LHPV4h1,central,right,111.4,118.6,87.5,118.2,False,False
20937,720575940614618683,v2LN34E,central,left,111.4,114.3,85.0,113.6,False,False
89443,720575940628651575,KCg-m,central,left,111.4,114.3,85.0,113.6,False,False
106650,720575940632031372,KCab,central,left,111.4,114.3,84.4,113.6,False,False
128352,720575940639996288,KCg-m,central,left,111.4,115.7,86.9,118.2,False,False
27043,720575940616368245,KCab,central,left,111.4,111.4,83.1,113.6,False,False
90406,720575940628818682,KCg-m,central,left,111.4,114.3,86.2,113.6,False,False
130337,720575940641015285,KCg-m,central,left,111.4,117.1,89.4,122.7,False,False
6282,720575940608662574,KCab,central,right,111.4,114.3,86.2,118.2,False,False
5879,720575940608344412,CB3728,central,left,111.4,114.3,86.2,113.6,False,False
63865,720575940624013309,KCg-m,central,left,111.4,115.7,85.6,113.6,False,False
129725,720575940640646864,KCg-m,central,right,111.4,115.7,85.6,113.6,False,False
62289,720575940623728647,CB3554,central,left,111.4,114.3,84.4,113.6,False,False
129941,720575940640759504,CB2770,central,right,111.4,115.7,85.6,113.6,False,False
96258,720575940629966710,KCg-m,central,left,111.4,114.3,85.0,113.6,False,False
99377,720575940630584079,VP1l+_lvPN,central,left,111.4,114.3,86.2,113.6,False,False
77745,720575940626682654,KCab,central,left,111.4,115.7,86.9,118.2,False,False
90061,720575940628766679,KCg-m,central,left,111.4,112.9,85.6,109.1,False,False
105874,720575940631868999,KCg-m,central,right,111.4,115.7,86.9,118.2,False,False
137423,720575940653313953,KCab,central,left,111.4,110.0,83.8,109.1,False,False
137272,720575940652799649,KCg-m,central,right,111.4,112.9,85.0,113.6,False,False
137025,720575940651425782,CB1454,central,left,111.4,114.3,86.2,113.6,False,False
11889,720575940611655288,KCg-m,central,left,111.4,114.3,86.2,113.6,False,False
47884,720575940621202608,KCg-m,central,left,111.4,114.3,86.2,113.6,False,False
105514,720575940631769145,KCg-m,central,left,111.4,118.6,87.5,113.6,False,False
98929,720575940630497142,KCg-m,central,left,111.4,111.4,83.1,109.1,False,False
52393,720575940621983777,KCab,central,right,111.4,114.3,86.9,113.6,False,False
26197,720575940616127931,SLP236,central,left,111.4,117.1,87.5,118.2,False,False
27398,720575940616471052,DNg13,descending,left,111.4,127.1,93.1,131.8,False,False
1094,720575940604924606,KCab,central,left,110.0,110.0,83.1,109.1,False,False
75140,720575940626161154,KCab,central,left,110.0,111.4,84.4,109.1,False,False
74542,720575940626034777,CB1454,central,right,110.0,112.9,84.4,113.6,False,False
98419,720575940630394424,KCg-m,central,left,110.0,114.3,85.6,113.6,False,False
74098,720575940625957800,KCab,central,left,110.0,112.9,83.8,109.1,False,False
120541,720575940636551086,KCg-m,central,right,110.0,111.4,83.1,109.1,False,False
76760,720575940626496275,KCab,central,right,110.0,112.9,86.2,113.6,False,False
11893,720575940611657881,KCab,central,left,110.0,110.0,83.8,109.1,False,False
47889,720575940621203376,KCab,central,right,110.0,108.6,81.9,109.1,False,False
105502,720575940631766339,CB1275,central,right,110.0,111.4,84.4,109.1,False,False
21121,720575940614667926,KCab,central,left,110.0,115.7,86.9,118.2,False,False
116196,720575940634842292,KCab,central,left,110.0,108.6,81.2,109.1,False,False
99841,720575940630667770,LHAV6a1,central,left,110.0,111.4,83.1,109.1,False,False
53789,720575940622217033,KCab,central,right,110.0,114.3,85.0,118.2,False,False
106262,720575940631957319,KCg-m,central,left,110.0,114.3,85.6,113.6,False,False
128337,720575940639989120,KCg-m,central,left,110.0,111.4,84.4,109.1,False,False
89874,720575940628732471,KCg-m,central,left,110.0,114.3,84.4,109.1,False,False
5240,720575940607896265,LHAV3g1,central,left,110.0,112.9,84.4,109.1,False,False
21489,720575940614755478,KCg-m,central,left,110.0,112.9,85.0,113.6,False,False
77920,720575940626712921,KCg-m,central,left,110.0,111.4,82.5,109.1,False,False
63598,720575940623969717,CB2725,central,right,110.0,117.1,86.9,118.2,False,False
21601,720575940614785130,KCg-m,central,left,110.0,115.7,86.9,113.6,False,False
34752,720575940618349703,KCab,central,left,110.0,114.3,85.6,113.6,False,False
2125,720575940605718449,CB3476,central,left,110.0,108.6,83.1,113.6,False,False
132720,720575940643973156,KCg-m,central,left,110.0,111.4,83.1,113.6,False,False
92858,720575940629298885,KCab,central,left,110.0,111.4,85.6,113.6,False,False
125657,720575940638818357,ORN_VM6v,sensory,left,110.0,111.4,84.4,113.6,False,False
114008,720575940633927359,CB2828,central,left,110.0,114.3,85.0,113.6,False,False
15692,720575940612920999,PAM11,central,left,110.0,112.9,86.2,118.2,False,False
63300,720575940623916071,M_lv2PN9t49b,central,right,110.0,111.4,84.4,109.1,False,False
106671,720575940632034700,KCg-m,central,left,110.0,111.4,83.1,113.6,False,False
89179,720575940628602471,CB3554,central,right,110.0,114.3,85.6,113.6,False,False
28192,720575940616707668,KCab,central,left,110.0,111.4,85.0,113.6,False,False
82526,720575940627449243,KCg-m,central,left,110.0,112.9,84.4,113.6,False,False
113309,720575940633710105,KCg-m,central,right,110.0,112.9,83.8,113.6,False,False
36188,720575940618696896,KCg-m,central,left,110.0,112.9,85.6,113.6,False,False
33009,720575940617972253,KCg-m,central,left,110.0,112.9,85.6,113.6,False,False
6150,720575940608564233,KCg-m,central,left,110.0,112.9,83.8,109.1,False,False
16949,720575940613301410,KCg-m,central,left,110.0,112.9,83.8,113.6,False,False
47273,720575940621094093,KCg-m,central,left,110.0,112.9,85.6,113.6,False,False
27785,720575940616579257,l2LN20,central,right,110.0,114.3,85.0,113.6,False,False
118489,720575940635670128,KCg-m,central,left,110.0,114.3,85.0,118.2,False,False
115282,720575940634463083,KCg-m,central,left,110.0,111.4,85.0,113.6,False,False
51735,720575940621853353,KCab,central,left,110.0,108.6,82.5,109.1,False,False
18523,720575940613796527,KCg-m,central,left,110.0,114.3,85.0,113.6,False,False
93912,720575940629502251,DNbe007,descending,right,110.0,108.6,86.9,113.6,False,False
18937,720575940613961522,CB2372,central,right,110.0,112.9,84.4,113.6,False,False
80206,720575940627086596,KCg-m,central,left,110.0,111.4,84.4,113.6,False,False
83745,720575940627673585,SMP541,central,left,110.0,115.7,86.2,113.6,False,False
114705,720575940634229402,CB1058,central,right,110.0,111.4,85.0,113.6,False,False
67492,720575940624668908,LHAV3i1,central,left,110.0,108.6,81.2,104.5,False,False
67388,720575940624644739,KCab,central,right,110.0,112.9,84.4,113.6,False,False
24764,720575940615717009,KCab,central,left,110.0,114.3,84.4,113.6,False,False
24493,720575940615638540,KCab,central,left,110.0,115.7,87.5,118.2,False,False
94591,720575940629646974,LHPV4a7a,central,left,110.0,114.3,83.1,113.6,False,False
133678,720575940644899095,LHAD1c2a,central,right,110.0,112.9,84.4,113.6,False,False
123648,720575940637932009,KCg-m,central,left,110.0,112.9,85.6,118.2,False,False
93810,720575940629486530,CB1275,central,left,110.0,111.4,85.0,113.6,False,False
3619,720575940606662322,KCg-m,central,left,110.0,111.4,83.1,113.6,False,False
19315,720575940614109506,KCab,central,left,110.0,111.4,84.4,109.1,False,False
109780,720575940632735021,KCg-m,central,right,110.0,112.9,85.6,118.2,False,False
18992,720575940613981905,LAL052,central,left,110.0,114.3,86.9,113.6,False,False
92413,720575940629201871,KCab,central,left,110.0,114.3,85.6,113.6,False,False
28934,720575940616911262,KCg-m,central,right,110.0,112.9,83.8,109.1,False,False
9161,720575940610430254,PAM07,central,right,110.0,114.3,85.6,113.6,False,False
100622,720575940630799042,LHAD4a1,central,left,110.0,112.9,85.6,113.6,False,False
121891,720575940637169636,KCg-m,central,left,110.0,112.9,84.4,113.6,False,False
42247,720575940620176237,KCg-m,central,right,110.0,114.3,85.6,113.6,False,False
69659,720575940625054589,KCab,central,right,110.0,112.9,84.4,113.6,False,False
26841,720575940616308597,KCab,central,right,110.0,114.3,85.6,113.6,False,False
26707,720575940616273631,M_lvPNm24,central,right,110.0,111.4,83.8,113.6,False,False
54849,720575940622392790,KCg-m,central,left,110.0,114.3,84.4,109.1,False,False
6763,720575940609006712,KCab,central,left,110.0,114.3,85.6,113.6,False,False
94536,720575940629633150,KCg-m,central,right,110.0,111.4,83.1,109.1,False,False
119839,720575940636224142,KCab,central,right,110.0,112.9,83.8,109.1,False,False
55657,720575940622548487,KCab,central,left,110.0,111.4,84.4,113.6,False,False
51863,720575940621882401,KCab,central,right,110.0,104.3,77.5,104.5,False,False
4959,720575940607687260,VM2_adPN,central,right,110.0,111.4,83.8,109.1,False,False
32882,720575940617941046,KCab,central,right,110.0,114.3,85.6,113.6,False,False
29418,720575940617034753,KCg-m,central,right,110.0,114.3,84.4,113.6,False,False
132357,720575940643504288,KCab,central,right,110.0,111.4,82.5,113.6,False,False
88258,720575940628431719,KCab,central,left,110.0,110.0,81.9,109.1,False,False
72956,720575940625741287,oviIN,central,right,110.0,112.9,85.6,109.1,False,False
100426,720575940630765253,CB1079,central,right,110.0,114.3,84.4,109.1,False,False
129811,720575940640697808,VM2_adPN,central,left,108.6,110.0,83.1,104.5,False,False
39227,720575940619488472,LHAV4g17,central,right,108.6,110.0,87.5,113.6,False,False
26432,720575940616189509,KCg-m,central,right,108.6,110.0,82.5,109.1,False,False
128317,720575940639979648,KCg-m,central,left,108.6,111.4,83.8,113.6,False,False
117644,720575940635353592,KCg-m,central,left,108.6,110.0,84.4,113.6,False,False
26231,720575940616134630,KCab,central,left,108.6,111.4,82.5,109.1,False,False
56291,720575940622669508,KCg-m,central,right,108.6,110.0,84.4,109.1,False,False
136251,720575940648206468,CB3206,central,right,108.6,112.9,83.8,113.6,False,False
31831,720575940617677784,KCab,central,left,108.6,110.0,80.6,109.1,False,False
97276,720575940630170967,KCg-m,central,left,108.6,108.6,80.6,109.1,False,False
70891,720575940625323326,KCg-m,central,right,108.6,112.9,83.1,113.6,False,False
58103,720575940622995080,KCg-m,central,left,108.6,108.6,83.1,109.1,False,False
94849,720575940629701737,CB0010,central,left,108.6,108.6,87.5,113.6,False,False
123318,720575940637769088,KCab,central,left,108.6,112.9,84.4,113.6,False,False
37807,720575940619090785,KCab,central,right,108.6,111.4,85.0,113.6,False,False
15162,720575940612765846,KCab,central,right,108.6,111.4,82.5,109.1,False,False
113007,720575940633611234,CB2133,central,right,108.6,111.4,84.4,109.1,False,False
83667,720575940627660968,KCg-m,central,left,108.6,110.0,82.5,109.1,False,False
101264,720575940630921027,SLP004,central,right,108.6,115.7,88.1,113.6,False,False
114462,720575940634127456,v2LN34E,central,right,108.6,110.0,83.1,109.1,False,False
93632,720575940629456146,KCab,central,left,108.6,111.4,85.0,113.6,False,False
92781,720575940629279544,VM5d_adPN,central,right,108.6,111.4,83.8,109.1,False,False
86173,720575940628085489,KCab,central,left,108.6,110.0,82.5,113.6,False,False
4072,720575940606963586,KCg-m,central,right,108.6,112.9,85.0,118.2,False,False
50782,720575940621696747,VA1v_adPN,central,right,108.6,112.9,84.4,109.1,False,False
86924,720575940628217899,KCg-m,central,left,108.6,112.9,83.8,113.6,False,False
101260,720575940630920479,KCab,central,left,108.6,111.4,81.9,109.1,False,False
58380,720575940623039672,M_VPNml66,central,left,108.6,112.9,83.8,113.6,False,False
29894,720575940617178717,KCg-m,central,left,108.6,110.0,85.0,113.6,False,False
43665,720575940620476075,CB0367,central,left,108.6,110.0,83.1,109.1,False,False
67380,720575940624642452,CB2596,central,right,108.6,110.0,83.1,109.1,False,False
112126,720575940633336727,KCab,central,left,108.6,112.9,85.0,113.6,False,False
81395,720575940627265274,VP2+VC5_l2PN,central,left,108.6,110.0,85.0,113.6,False,False
89337,720575940628634191,CB2678,central,right,108.6,114.3,82.5,109.1,False,False
66654,720575940624489964,"MBON25,MBON34",central,right,108.6,114.3,85.0,109.1,False,False
35049,720575940618422592,KCg-m,central,right,108.6,111.4,84.4,113.6,False,False
71728,720575940625490788,KCg-m,central,left,108.6,112.9,86.9,118.2,False,False
10226,720575940610960994,KCg-m,central,right,108.6,112.9,83.1,109.1,False,False
66345,720575940624428019,KCg-m,central,right,108.6,112.9,85.0,118.2,False,False
80136,720575940627077032,KCg-m,central,right,108.6,108.6,81.9,104.5,False,False
38128,720575940619169985,ORN_D,sensory,right,108.6,111.4,84.4,113.6,False,False
14996,720575940612717202,KCg-m,central,right,108.6,110.0,84.4,109.1,False,False
14966,720575940612706706,KCab,central,right,108.6,110.0,83.8,109.1,False,False
11385,720575940611471090,KCg-m,central,left,108.6,111.4,82.5,109.1,False,False
69398,720575940625014928,VA1v_adPN,central,right,108.6,111.4,82.5,109.1,False,False
38382,720575940619245648,KCg-m,central,left,108.6,112.9,83.1,109.1,False,False
72710,720575940625692560,KCg-m,central,left,108.6,112.9,83.8,113.6,False,False
38962,720575940619414132,KCab,central,right,108.6,112.9,83.8,113.6,False,False
38411,720575940619250785,KCab,central,left,108.6,110.0,83.8,113.6,False,False
46880,720575940621023041,KCg-m,central,right,108.6,111.4,83.8,109.1,False,False
46480,720575940620955149,KCab,central,right,108.6,107.1,79.4,104.5,False,False
24915,720575940615754613,KCg-m,central,left,108.6,115.7,85.0,113.6,False,False
109410,720575940632651932,KCab,central,left,108.6,112.9,85.0,113.6,False,False
126419,720575940639132605,SLP384,central,right,108.6,108.6,81.9,109.1,False,False
132322,720575940643448686,KCg-m,central,left,108.6,114.3,86.2,118.2,False,False
126385,720575940639117912,KCg-m,central,left,108.6,111.4,82.5,109.1,False,False
65134,720575940624221488,KCab,central,left,108.6,108.6,81.9,109.1,False,False
72998,720575940625749586,KCab,central,left,108.6,111.4,84.4,109.1,False,False
81923,720575940627343377,KCg-m,central,left,108.6,114.3,83.8,113.6,False,False
68326,720575940624830503,KCg-m,central,right,108.6,108.6,83.8,109.1,False,False
127353,720575940639556467,MBON10,central,right,108.6,112.9,84.4,113.6,False,False
108115,720575940632375891,,central,left,108.6,114.3,84.4,113.6,False,False
67968,720575940624758771,CB3728,central,right,108.6,112.9,82.5,113.6,False,False
83119,720575940627550214,KCg-m,central,right,108.6,110.0,83.8,113.6,False,False
29384,720575940617026305,KCg-m,central,left,108.6,112.9,84.4,113.6,False,False
134020,720575940645186868,KCg-m,central,left,108.6,112.9,85.6,113.6,False,False
91027,720575940628934403,CB1276,central,right,108.6,115.7,85.0,109.1,False,False
104655,720575940631575855,KCg-m,central,left,108.6,110.0,81.9,109.1,False,False
77452,720575940626632837,KCg-m,central,left,108.6,114.3,85.0,113.6,False,False
13782,720575940612337203,KCab,central,right,108.6,110.0,82.5,104.5,False,False
77600,720575940626658570,CB3290,central,left,108.6,111.4,83.8,109.1,False,False
88697,720575940628519020,KCab,central,right,108.6,111.4,82.5,113.6,False,False
138165,720575940659316609,KCg-m,central,right,108.6,111.4,84.4,113.6,False,False
53045,720575940622096589,KCg-m,central,right,108.6,112.9,83.8,109.1,False,False
53089,720575940622103974,KCg-m,central,left,108.6,111.4,82.5,109.1,False,False
12710,720575940611957427,LHPV2i1b,central,right,108.6,107.1,83.1,104.5,False,False
54517,720575940622339549,KCg-m,central,left,107.1,110.0,83.8,113.6,False,False
43169,720575940620370158,CB2819,central,right,107.1,111.4,83.1,109.1,False,False
136839,720575940650525430,LHPV5d1,central,right,107.1,110.0,81.9,109.1,False,False
105607,720575940631796803,LHAV3i1,central,right,107.1,101.4,76.2,100.0,False,False
137409,720575940653276833,KCg-m,central,left,107.1,111.4,81.9,109.1,False,False
75848,720575940626311623,KCab,central,left,107.1,107.1,80.6,104.5,False,False
80025,720575940627059460,KCg-m,central,left,107.1,111.4,83.1,109.1,False,False
28238,720575940616723549,KCg-m,central,right,107.1,104.3,77.5,104.5,False,False
131099,720575940641802971,SLP080,central,left,107.1,107.1,80.6,109.1,False,False
101015,720575940630878253,KCab,central,right,107.1,110.0,82.5,109.1,False,False
48079,720575940621241008,LHAV2f2_b,central,right,107.1,110.0,82.5,113.6,False,False
80652,720575940627155589,KCg-m,central,right,107.1,108.6,81.9,109.1,False,False
114199,720575940634001007,KCab,central,right,107.1,108.6,83.1,109.1,False,False
30982,720575940617470932,LHAV4e1_a,central,right,107.1,110.0,82.5,109.1,False,False
62051,720575940623679495,KCg-m,central,right,107.1,112.9,83.1,109.1,False,False
107328,720575940632189900,DNp31,descending,left,107.1,117.1,80.6,104.5,False,False
28839,720575940616887966,KCab,central,right,107.1,111.4,82.5,109.1,False,False
46989,720575940621044701,KCg-m,central,right,107.1,111.4,81.9,109.1,False,False
132069,720575940643055264,KCab,central,left,107.1,112.9,83.8,109.1,False,False
15709,720575940612924054,KCab,central,left,107.1,108.6,81.2,109.1,False,False
9244,720575940610476506,KCab,central,left,107.1,110.0,81.9,109.1,False,False
96279,720575940629971191,KCg-m,central,right,107.1,110.0,82.5,113.6,False,False
27822,720575940616588374,KCab,central,left,107.1,107.1,81.2,109.1,False,False
96250,720575940629965788,ORN_D,sensory,right,107.1,112.9,83.1,109.1,False,False
71375,720575940625422090,KCab,central,left,107.1,108.6,82.5,109.1,False,False
14593,720575940612590754,KCg-m,central,right,107.1,110.0,81.9,109.1,False,False
28451,720575940616790713,KCg-m,central,left,107.1,111.4,83.1,113.6,False,False
28494,720575940616800780,CB2161,central,left,107.1,110.0,83.1,109.1,False,False
1702,720575940605421442,DL2d_adPN,central,left,107.1,108.6,81.9,104.5,False,False
19763,720575940614252967,KCab,central,left,107.1,110.0,82.5,109.1,False,False
62121,720575940623691920,KCab,central,right,107.1,102.9,76.2,104.5,False,False
126888,720575940639341987,CB2711,central,left,107.1,110.0,83.1,113.6,False,False
63640,720575940623976521,KCg-m,central,left,107.1,110.0,83.1,109.1,False,False
33872,720575940618158160,KCab,central,left,107.1,110.0,82.5,109.1,False,False
7305,720575940609347448,KCab,central,left,107.1,111.4,83.1,109.1,False,False
14599,720575940612593361,CB2678,central,right,107.1,111.4,84.4,109.1,False,False
115934,720575940634733537,ORN_VM6v,sensory,left,107.1,110.0,82.5,113.6,False,False
67553,720575940624681520,LAL030c,central,right,107.1,108.6,81.9,104.5,False,False
67471,720575940624665068,CB2854,central,right,107.1,112.9,84.4,113.6,False,False
93294,720575940629388026,KCg-m,central,left,107.1,108.6,81.9,109.1,False,False
22123,720575940614952415,CRE076,central,right,107.1,114.3,82.5,109.1,False,False
39000,720575940619421505,KCab,central,left,107.1,108.6,82.5,109.1,False,False
83241,720575940627575464,KCg-m,central,left,107.1,110.0,83.8,109.1,False,False
16981,720575940613315309,KCab,central,left,107.1,108.6,80.0,104.5,False,False
122286,720575940637335518,KCab,central,left,107.1,110.0,82.5,109.1,False,False
113938,720575940633907607,KCg-m,central,left,107.1,110.0,83.1,109.1,False,False
124861,720575940638469309,KCg-m,central,left,107.1,110.0,83.8,113.6,False,False
8920,720575940610307374,KCg-m,central,left,107.1,110.0,81.9,109.1,False,False
8662,720575940610167987,KCab,central,right,107.1,108.6,80.6,109.1,False,False
82170,720575940627389256,KCg-m,central,left,107.1,111.4,81.9,109.1,False,False
36757,720575940618839942,KCg-m,central,left,107.1,110.0,82.5,109.1,False,False
19393,720575940614130482,KCab,central,left,107.1,110.0,83.8,109.1,False,False
109406,720575940632651091,"LHAD1a3,LHAD1f5",central,right,107.1,110.0,81.2,104.5,False,False
59740,720575940623262645,SLP381,central,left,107.1,110.0,83.1,113.6,False,False
124922,720575940638492349,KCg-m,central,left,107.1,111.4,84.4,113.6,False,False
111944,720575940633286068,v2LN47,central,left,107.1,108.6,81.9,104.5,False,False
25166,720575940615839581,KCg-m,central,left,107.1,112.9,83.8,109.1,False,False
95961,720575940629917228,KCg-m,central,right,107.1,108.6,82.5,109.1,False,False
11354,720575940611454833,KCg-m,central,left,107.1,110.0,81.9,104.5,False,False
117459,720575940635280632,CB1240,central,left,107.1,111.4,83.8,109.1,False,False
19425,720575940614143942,KCab,central,left,107.1,108.6,82.5,109.1,False,False
111369,720575940633146961,LHAV3k3,central,left,107.1,108.6,83.8,113.6,False,False
126340,720575940639094589,WEDPN10A,central,right,107.1,110.0,83.1,109.1,False,False
106205,720575940631943649,KCab,central,left,107.1,110.0,81.9,109.1,False,False
49400,720575940621467212,CB1454,central,right,107.1,112.9,81.9,109.1,False,False
93504,720575940629428215,DNpe002,descending,left,107.1,107.1,81.9,104.5,False,False
44436,720575940620612590,KCg-m,central,left,107.1,111.4,82.5,109.1,False,False
65952,720575940624357669,KCab,central,left,107.1,111.4,83.1,113.6,False,False
65790,720575940624331272,CB1210,central,right,107.1,110.0,81.2,109.1,False,False
11927,720575940611669674,KCab,central,left,107.1,110.0,83.8,113.6,False,False
31544,720575940617612578,KCab,central,right,107.1,108.6,80.6,109.1,False,False
77379,720575940626621498,KCab,central,right,107.1,111.4,82.5,109.1,False,False
119995,720575940636297700,KCg-m,central,left,107.1,110.0,81.9,113.6,False,False
73986,720575940625937173,KCab,central,left,107.1,111.4,84.4,109.1,False,False
27076,720575940616378769,LHPV2d1,central,right,107.1,111.4,82.5,109.1,False,False
1458,720575940605236866,KCab,central,left,107.1,108.6,81.2,109.1,False,False
13349,720575940612196589,KCab,central,left,107.1,110.0,82.5,109.1,False,False
125010,720575940638535296,KCg-m,central,left,107.1,108.6,82.5,109.1,False,False
41627,720575940620044190,LHAV4g1a,central,left,107.1,111.4,83.8,109.1,False,False
128302,720575940639974272,KCg-m,central,left,107.1,110.0,83.1,109.1,False,False
93950,720575940629508652,CB3575,central,left,107.1,108.6,82.5,109.1,False,False
21160,720575940614676626,CB1247,central,left,107.1,110.0,82.5,109.1,False,False
63870,720575940624014077,KCab,central,right,105.7,107.1,81.2,109.1,False,False
31226,720575940617529318,KCab,central,right,105.7,107.1,79.4,104.5,False,False
64076,720575940624046153,KCg-m,central,left,105.7,111.4,81.2,109.1,False,False
34187,720575940618223518,KCg-m,central,left,105.7,108.6,81.2,109.1,False,False
64431,720575940624106701,DP1l_vPN,central,right,105.7,108.6,81.2,109.1,False,False
34138,720575940618210251,KCab,central,right,105.7,107.1,81.2,109.1,False,False
79422,720575940626965002,KCg-m,central,left,105.7,107.1,81.9,104.5,False,False
13791,720575940612339370,KCg-m,central,right,105.7,108.6,80.6,109.1,False,False
116273,720575940634878047,KCg-m,central,right,105.7,110.0,81.9,109.1,False,False
39433,720575940619556437,KCg-m,central,right,105.7,110.0,81.2,109.1,False,False
79423,720575940626965258,LHAV4a4,central,left,105.7,107.1,80.6,104.5,False,False
65370,720575940624264462,KCg-m,central,left,105.7,110.0,82.5,109.1,False,False
21734,720575940614824095,KCg-m,central,left,105.7,108.6,82.5,109.1,False,False
61221,720575940623514638,CB2707,central,right,105.7,108.6,82.5,113.6,False,False
10202,720575940610951577,KCg-m,central,left,105.7,112.9,81.9,109.1,False,False
117728,720575940635386616,KCg-m,central,right,105.7,108.6,81.2,109.1,False,False
116922,720575940635114591,CB1237,central,left,105.7,110.0,82.5,109.1,False,False
120575,720575940636562921,KCg-m,central,left,105.7,108.6,82.5,109.1,False,False
117971,720575940635493044,KCg-m,central,left,105.7,110.0,81.2,109.1,False,False
29341,720575940617015750,KCg-m,central,left,105.7,108.6,81.9,109.1,False,False
15545,720575940612879341,KCg-m,central,left,105.7,108.6,82.5,109.1,False,False
69400,720575940625015070,KCab,central,right,105.7,111.4,82.5,109.1,False,False
80960,720575940627194501,PAM07,central,right,105.7,111.4,83.8,113.6,False,False
5619,720575940608176452,,central,left,105.7,110.0,81.9,109.1,False,False
106305,720575940631964620,KCg-m,central,left,105.7,108.6,82.5,113.6,False,False
62761,720575940623824106,ALON3,central,left,105.7,108.6,80.0,104.5,False,False
2415,720575940605882336,CB1860,central,left,105.7,105.7,81.2,109.1,False,False
6582,720575940608901333,LHAV4a4,central,left,105.7,108.6,80.0,104.5,False,False
28899,720575940616902374,KCg-m,central,left,105.7,112.9,83.1,109.1,False,False
32270,720575940617792596,KCg-m,central,left,105.7,108.6,81.9,109.1,False,False
131165,720575940641936584,KCg-m,central,right,105.7,110.0,80.6,109.1,False,False
138505,720575940660914561,ALON1,central,right,105.7,107.1,80.6,109.1,False,False
57361,720575940622861971,KCab,central,right,105.7,104.3,79.4,104.5,False,False
136755,720575940650260214,KCg-m,central,right,105.7,110.0,82.5,113.6,False,False
474,720575940604093984,KCg-m,central,left,105.7,107.1,80.0,104.5,False,False
27272,720575940616426869,KCg-m,central,left,105.7,110.0,82.5,109.1,False,False
120609,720575940636574388,OA-VPM4,central,left,105.7,112.9,83.1,113.6,False,False
89988,720575940628755023,KCg-m,central,left,105.7,108.6,80.6,109.1,False,False
41387,720575940620001958,SMP204,central,left,105.7,111.4,82.5,104.5,False,False
40242,720575940619742144,KCg-m,central,left,105.7,110.0,81.2,109.1,False,False
12647,720575940611936474,KCg-m,central,right,105.7,111.4,83.1,109.1,False,False
25869,720575940616032406,CB1276,central,left,105.7,108.6,81.2,109.1,False,False
133309,720575940644607854,KCg-m,central,right,105.7,111.4,83.8,113.6,False,False
66335,720575940624426533,KCab,central,right,105.7,108.6,81.2,104.5,False,False
49647,720575940621513165,KCab,central,left,105.7,107.1,81.9,109.1,False,False
11213,720575940611400050,KCg-m,central,left,105.7,108.6,80.6,109.1,False,False
109777,720575940632734253,KCg-m,central,left,105.7,108.6,81.2,109.1,False,False
92826,720575940629291564,KCab,central,left,105.7,107.1,79.4,104.5,False,False
39294,720575940619509925,KCg-m,central,left,105.7,110.0,81.2,109.1,False,False
100574,720575940630789071,KCg-m,central,left,105.7,110.0,82.5,113.6,False,False
133198,720575940644494752,DNbe007,descending,left,105.7,115.7,86.9,104.5,False,False
11135,720575940611370610,KCg-m,central,left,105.7,110.0,81.2,109.1,False,False
126233,720575940639057085,KCg-m,central,right,105.7,104.3,78.1,104.5,False,False
57169,720575940622821325,KCab,central,right,105.7,105.7,81.2,109.1,False,False
23518,720575940615346363,KCg-m,central,right,105.7,110.0,82.5,109.1,False,False
30300,720575940617291993,CB1237,central,right,105.7,108.6,81.2,104.5,False,False
65584,720575940624299412,CB1577,central,right,105.7,111.4,81.9,109.1,False,False
126598,720575940639197262,KCg-m,central,left,105.7,110.0,81.9,104.5,False,False
134067,720575940645221742,KCg-m,central,left,105.7,108.6,80.6,109.1,False,False
3647,720575940606675804,KCab,central,left,105.7,108.6,81.2,104.5,False,False
39036,720575940619430326,KCab,central,right,105.7,111.4,83.1,109.1,False,False
42428,720575940620211622,KCab,central,right,105.7,108.6,81.2,104.5,False,False
133300,720575940644597540,CB2534,central,left,105.7,108.6,82.5,109.1,False,False
124860,720575940638469190,KCab,central,left,105.7,108.6,80.6,109.1,False,False
123541,720575940637869284,KCg-m,central,left,105.7,108.6,83.1,109.1,False,False
126401,720575940639124533,KCg-m,central,left,105.7,108.6,81.2,104.5,False,False
126406,720575940639126325,KCab,central,left,105.7,105.7,80.6,109.1,False,False
50595,720575940621667568,CB2133,central,left,105.7,108.6,80.6,104.5,False,False
65597,720575940624300984,KCg-m,central,left,105.7,107.1,81.2,109.1,False,False
112865,720575940633569215,KCab,central,left,105.7,105.7,80.0,104.5,False,False
7861,720575940609694818,KCg-m,central,right,105.7,107.1,81.2,109.1,False,False
49846,720575940621549592,KCab,central,left,105.7,110.0,81.9,109.1,False,False
94696,720575940629669879,KCg-m,central,left,105.7,108.6,81.9,109.1,False,False
15606,720575940612896106,KCab,central,right,105.7,108.6,80.6,104.5,False,False
61334,720575940623533645,KCab,central,left,105.7,108.6,82.5,109.1,False,False
32890,720575940617942326,KCg-m,central,left,105.7,108.6,81.2,109.1,False,False
48176,720575940621259800,KCab,central,left,105.7,108.6,81.2,109.1,False,False
127786,720575940639749109,KCab,central,right,105.7,110.0,80.6,109.1,False,False
101552,720575940630972747,KCg-m,central,left,105.7,107.1,81.9,109.1,False,False
29366,720575940617021441,KCab,central,right,105.7,108.6,81.2,109.1,False,False
22622,720575940615094284,KCg-m,central,left,105.7,110.0,81.9,109.1,False,False
60439,720575940623386506,KCg-m,central,right,105.7,110.0,80.0,104.5,False,False
1937,720575940605619744,KCg-m,central,left,105.7,108.6,82.5,109.1,False,False
36389,720575940618744118,PAM01,central,left,105.7,110.0,82.5,109.1,False,False
94074,720575940629532542,KCab,central,left,105.7,107.1,82.5,109.1,False,False
308,720575940603751782,KCab,central,right,104.3,107.1,81.2,104.5,False,False
54110,720575940622272076,KCg-m,central,left,104.3,108.6,81.9,109.1,False,False
138078,720575940658497409,KCab,central,left,104.3,105.7,79.4,109.1,False,False
138230,720575940659780993,KCg-m,central,left,104.3,110.0,83.1,113.6,False,False
97792,720575940630269143,CB2151,central,left,104.3,107.1,80.0,109.1,False,False
94959,720575940629724354,KCg-m,central,left,104.3,107.1,80.6,109.1,False,False
106785,720575940632060641,KCab,central,left,104.3,104.3,80.6,109.1,False,False
106542,720575940632006481,KCg-m,central,left,104.3,108.6,82.5,109.1,False,False
48014,720575940621230430,KCg-m,central,right,104.3,107.1,81.2,109.1,False,False
32627,720575940617878080,KCab,central,right,104.3,107.1,80.6,109.1,False,False
20818,720575940614586418,KCab,central,left,104.3,105.7,78.8,104.5,False,False
123152,720575940637696858,LHAV2a3b,central,right,104.3,105.7,80.6,109.1,False,False
80999,720575940627202058,KCg-m,central,left,104.3,108.6,80.0,109.1,False,False
43633,720575940620472046,KCg-m,central,left,104.3,105.7,80.0,104.5,False,False
108895,720575940632530207,KCg-m,central,left,104.3,105.7,78.8,104.5,False,False
123423,720575940637822323,KCab,central,left,104.3,107.1,81.2,104.5,False,False
115058,720575940634362999,KCab,central,right,104.3,107.1,80.0,104.5,False,False
134631,720575940645759523,KCab,central,right,104.3,108.6,80.6,109.1,False,False
96789,720575940630069504,CB1860,central,right,104.3,105.7,80.6,104.5,False,False
96783,720575940630067816,KCab,central,right,104.3,105.7,78.8,104.5,False,False
77713,720575940626676120,KCab,central,right,104.3,105.7,78.8,104.5,False,False
37419,720575940618997297,KCg-m,central,right,104.3,108.6,80.0,104.5,False,False
88224,720575940628425990,CB0196,central,right,104.3,112.9,79.4,104.5,False,False
32963,720575940617957937,KCab,central,left,104.3,105.7,79.4,100.0,False,False
94328,720575940629585602,MBON10,central,right,104.3,110.0,81.9,109.1,False,False
5594,720575940608158300,KCg-m,central,left,104.3,107.1,80.0,104.5,False,False
87762,720575940628355843,KCg-m,central,left,104.3,104.3,78.8,104.5,False,False
32862,720575940617937437,KCg-m,central,right,104.3,105.7,80.0,109.1,False,False
63567,720575940623962516,KCg-m,central,left,104.3,107.1,79.4,104.5,False,False
21598,720575940614784918,KCg-m,central,left,104.3,108.6,80.0,104.5,False,False
96115,720575940629942844,KCg-m,central,right,104.3,108.6,80.0,104.5,False,False
96162,720575940629949751,KCg-m,central,right,104.3,107.1,79.4,104.5,False,False
70902,720575940625325630,KCg-m,central,left,104.3,107.1,81.9,109.1,False,False
70923,720575940625330494,KCg-m,central,left,104.3,107.1,80.6,109.1,False,False
40531,720575940619809263,KCg-m,central,left,104.3,107.1,80.0,109.1,False,False
57604,720575940622906867,KCg-m,central,left,104.3,108.6,81.2,109.1,False,False
107084,720575940632123439,KCg-m,central,right,104.3,108.6,80.6,104.5,False,False
126115,720575940639022243,KCg-m,central,right,104.3,107.1,80.0,109.1,False,False
120846,720575940636677190,KCab,central,right,104.3,102.9,76.9,104.5,False,False
82079,720575940627372284,KCab,central,left,104.3,102.9,77.5,100.0,False,False
107729,720575940632287057,LHPD4a1,central,left,104.3,107.1,80.6,109.1,False,False
87579,720575940628326417,CB1546,central,right,104.3,107.1,80.0,109.1,False,False
83231,720575940627572742,KCg-m,central,left,104.3,105.7,80.0,109.1,False,False
116503,720575940634962879,CRE076,central,left,104.3,107.1,80.6,109.1,False,False
134108,720575940645264750,SMP011b,central,left,104.3,107.1,80.0,109.1,False,False
124705,720575940638391384,KCg-m,central,left,104.3,107.1,79.4,104.5,False,False
50305,720575940621620229,M_vPNml65,central,left,104.3,105.7,80.0,109.1,False,False
60441,720575940623386762,KCg-m,central,left,104.3,108.6,81.2,109.1,False,False
57163,720575940622820330,KCg-m,central,left,104.3,107.1,80.0,100.0,False,False
110233,720575940632829485,CB1106,central,left,104.3,107.1,80.0,104.5,False,False
103072,720575940631256168,KCg-m,central,right,104.3,105.7,81.2,109.1,False,False
30488,720575940617334430,KCg-m,central,left,104.3,105.7,79.4,109.1,False,False
30598,720575940617366969,KCg-m,central,left,104.3,107.1,82.5,109.1,False,False
126282,720575940639071797,KCg-m,central,left,104.3,107.1,81.2,109.1,False,False
100588,720575940630792399,KCg-m,central,left,104.3,107.1,80.6,104.5,False,False
100525,720575940630780755,KCab,central,right,104.3,107.1,80.6,109.1,False,False
17380,720575940613441320,ATL001,central,left,104.3,110.0,83.8,113.6,False,False
132302,720575940643418391,KCab,central,left,104.3,105.7,78.1,104.5,False,False
11862,720575940611644825,KCab,central,left,104.3,105.7,81.2,109.1,False,False
39323,720575940619519909,KCg-m,central,right,104.3,105.7,79.4,104.5,False,False
77849,720575940626700889,KCg-m,central,right,104.3,107.1,81.2,109.1,False,False
77977,720575940626724946,KCg-m,central,left,104.3,104.3,80.0,104.5,False,False
2840,720575940606139308,CB2860,central,left,104.3,107.1,80.0,104.5,False,False
125365,720575940638683453,ORN_DC1,sensory,left,104.3,107.1,81.2,109.1,False,False
119985,720575940636291429,KCg-m,central,right,104.3,104.3,79.4,104.5,False,False
12897,720575940612031411,KCab,central,left,104.3,107.1,80.0,104.5,False,False
12164,720575940611760021,KCg-m,central,left,104.3,107.1,79.4,104.5,False,False
76414,720575940626423171,KCg-m,central,left,104.3,107.1,80.0,109.1,False,False
12772,720575940611982322,LHPV2c2b,central,right,104.3,104.3,78.8,104.5,False,False
75705,720575940626283838,CB1804,central,left,104.3,110.0,81.2,109.1,False,False
98565,720575940630427131,KCg-m,central,left,104.3,107.1,79.4,104.5,False,False
12932,720575940612044750,LHPD5d1,central,left,104.3,105.7,78.8,104.5,False,False
76766,720575940626497811,KCab,central,left,104.3,107.1,80.0,104.5,False,False
13271,720575940612167794,M_vPNml65,central,left,104.3,107.1,80.0,104.5,False,False
120081,720575940636335984,KCg-m,central,left,104.3,107.1,80.0,109.1,False,False
26598,720575940616235810,KCab,central,left,104.3,107.1,78.1,104.5,False,False
97920,720575940630292439,LHAV4a4,central,left,104.3,107.1,80.6,104.5,False,False
97861,720575940630281687,LHAV3g1,central,left,104.3,108.6,80.0,104.5,False,False
197,720575940603455846,M_VPNml66,central,right,102.9,104.3,78.8,109.1,False,False
98523,720575940630419983,KCg-m,central,left,102.9,104.3,78.8,104.5,False,False
5345,720575940607971908,KCab,central,right,102.9,105.7,80.0,104.5,False,False
89074,720575940628586283,CB0196,central,left,102.9,101.4,73.1,95.5,False,False
95822,720575940629892311,LHPV4h1,central,right,102.9,102.9,77.5,104.5,False,False
95625,720575940629856044,KCg-m,central,left,102.9,107.1,79.4,109.1,False,False
127641,720575940639686488,KCg-m,central,right,102.9,104.3,79.4,104.5,False,False
28635,720575940616836421,KCg-m,central,left,102.9,107.1,80.6,109.1,False,False
114167,720575940633989999,KCab,central,right,102.9,107.1,81.2,109.1,False,False
89645,720575940628689963,KCab,central,right,102.9,104.3,78.1,104.5,False,False
106658,720575940632032652,M_vPNml87,central,left,102.9,104.3,78.1,100.0,False,False
16110,720575940613022367,LHPV4h1,central,right,102.9,102.9,78.8,104.5,False,False
19058,720575940614008785,KCg-m,central,right,102.9,105.7,79.4,109.1,False,False
67096,720575940624586900,KCab,central,left,102.9,104.3,79.4,104.5,False,False
84472,720575940627796298,AVLP080,central,left,102.9,100.0,76.9,100.0,False,False
110967,720575940633021631,KCab,central,left,102.9,105.7,78.1,104.5,False,False
45294,720575940620746662,KCab,central,left,102.9,107.1,79.4,104.5,False,False
116379,720575940634916088,KCg-m,central,left,102.9,107.1,79.4,104.5,False,False
1559,720575940605312945,KCg-m,central,left,102.9,105.7,80.0,104.5,False,False
1611,720575940605362610,KCab,central,right,102.9,104.3,80.0,104.5,False,False
50798,720575940621700190,KCab,central,right,102.9,107.1,81.2,104.5,False,False
112871,720575940633570808,KCab,central,right,102.9,102.9,76.2,104.5,False,False
132703,720575940643950190,PAM07,central,right,102.9,108.6,81.2,109.1,False,False
21543,720575940614772383,KCab,central,right,102.9,108.6,81.2,109.1,False,False
96673,720575940630044985,KCg-m,central,left,102.9,107.1,79.4,104.5,False,False
64047,720575940624041545,KCab,central,left,102.9,104.3,78.1,104.5,False,False
106821,720575940632068383,KCab,central,right,102.9,101.4,78.1,104.5,False,False
32844,720575940617932189,LHPV4b1,central,left,102.9,104.3,77.5,100.0,False,False
85493,720575940627972860,CB2984,central,right,102.9,91.4,70.0,95.5,False,False
85590,720575940627987756,KCab,central,right,102.9,108.6,80.0,104.5,False,False
104582,720575940631562031,KCg-m,central,left,102.9,105.7,78.8,104.5,False,False
46333,720575940620931750,KCab,central,right,102.9,101.4,75.6,100.0,False,False
4077,720575940606967682,KCg-m,central,right,102.9,105.7,80.0,104.5,False,False
86136,720575940628079872,KCab,central,left,102.9,104.3,78.1,104.5,False,False
18703,720575940613864891,CB1296,central,left,102.9,104.3,78.8,104.5,False,False
60063,720575940623321226,KCg-m,central,left,102.9,108.6,80.6,109.1,False,False
112705,720575940633521588,KCab,central,right,102.9,104.3,78.8,104.5,False,False
78511,720575940626815120,CB0448,central,left,102.9,105.7,79.4,109.1,False,False
67992,720575940624763850,KCg-m,central,left,102.9,104.3,79.4,104.5,False,False
36453,720575940618758178,KCab,central,right,102.9,104.3,79.4,104.5,False,False
95270,720575940629787244,KCab,central,left,102.9,105.7,79.4,104.5,False,False
30766,720575940617411451,KCab,central,left,102.9,104.3,78.1,104.5,False,False
98774,720575940630465420,KCab,central,left,102.9,107.1,78.1,104.5,False,False
137106,720575940652063734,CB1673,central,right,102.9,105.7,79.4,109.1,False,False
40748,720575940619863174,KCab,central,right,102.9,97.1,74.4,100.0,False,False
52486,720575940622005025,KCab,central,right,102.9,101.4,74.4,100.0,False,False
138317,720575940660170881,CB2932,central,left,102.9,105.7,77.5,104.5,False,False
76806,720575940626506472,PAM11,central,left,102.9,107.1,80.6,109.1,False,False
18383,720575940613752999,KCg-m,central,left,102.9,104.3,78.8,104.5,False,False
71295,720575940625405744,KCg-m,central,left,102.9,105.7,78.1,100.0,False,False
71153,720575940625377688,KCab,central,right,102.9,105.7,80.0,109.1,False,False
125604,720575940638791843,CB1031,central,left,102.9,107.1,80.6,109.1,False,False
14821,720575940612664482,KCab,central,right,102.9,107.1,79.4,109.1,False,False
43112,720575940620356800,KCab,central,right,102.9,105.7,78.8,104.5,False,False
43306,720575940620407628,KCg-m,central,right,102.9,105.7,79.4,104.5,False,False
120895,720575940636698798,KCg-m,central,left,102.9,107.1,80.6,104.5,False,False
72650,720575940625681681,LHAV4a4,central,right,102.9,105.7,79.4,104.5,False,False
82787,720575940627493141,KCg-m,central,right,102.9,102.9,79.4,104.5,False,False
105242,720575940631705130,DNg111,descending,left,102.9,112.9,83.8,118.2,False,False
100821,720575940630833706,KCg-m,central,left,102.9,105.7,78.8,104.5,False,False
95499,720575940629832978,KCg-m,central,left,102.9,105.7,80.0,104.5,False,False
58005,720575940622976973,KCg-m,central,right,102.9,105.7,80.6,109.1,False,False
50342,720575940621626406,KCab,central,left,102.9,105.7,80.0,109.1,False,False
116246,720575940634867039,KCab,central,left,102.9,104.3,78.8,104.5,False,False
117799,720575940635422320,KCab,central,left,102.9,104.3,78.1,104.5,False,False
117036,720575940635146848,LAL045,central,right,102.9,107.1,78.8,100.0,False,False
91134,720575940628954344,CB2048,central,left,102.9,107.1,80.6,104.5,False,False
21838,720575940614854294,KCab,central,right,102.9,107.1,81.2,104.5,False,False
132284,720575940643398180,KCg-m,central,left,102.9,104.3,79.4,104.5,False,False
123347,720575940637784548,KCg-m,central,left,102.9,105.7,78.8,104.5,False,False
79586,720575940626986885,VC4_adPN,central,right,102.9,104.3,76.9,104.5,False,False
14989,720575940612714671,KCg-m,central,right,102.9,107.1,79.4,104.5,False,False
65543,720575940624292843,CB1237,central,right,102.9,104.3,78.8,104.5,False,False
95609,720575940629853292,KCg-m,central,left,102.9,105.7,77.5,100.0,False,False
28586,720575940616826001,KCg-m,central,left,102.9,107.1,79.4,104.5,False,False
115780,720575940634678895,KCg-m,central,left,102.9,105.7,80.6,109.1,False,False
115089,720575940634377327,KCab,central,left,102.9,104.3,78.1,104.5,False,False
111011,720575940633036369,M_lvPNm29,central,right,101.4,104.3,78.1,104.5,False,False
81376,720575940627263162,KCab,central,right,101.4,105.7,78.1,104.5,False,False
67228,720575940624609101,KCg-m,central,right,101.4,101.4,77.5,104.5,False,False
94881,720575940629706618,LHAV2a3b,central,left,101.4,104.3,78.1,104.5,False,False
128452,720575940640032896,DM5_lPN,central,left,101.4,102.9,77.5,100.0,False,False
28444,720575940616788409,KCg-m,central,left,101.4,100.0,77.5,104.5,False,False
105078,720575940631666243,KCg-m,central,left,101.4,104.3,78.1,104.5,False,False
120341,720575940636470373,LHPV5d1,central,right,101.4,97.1,73.1,95.5,False,False
40917,720575940619902598,VC3_adPN,central,left,101.4,102.9,76.9,104.5,False,False
1511,720575940605280201,PAM08,central,right,101.4,105.7,77.5,104.5,False,False
81517,720575940627284580,WEDPN2B,central,left,101.4,105.7,78.8,104.5,False,False
80801,720575940627174419,CB1860,central,right,101.4,105.7,78.1,100.0,False,False
41701,720575940620059045,KCg-m,central,right,101.4,105.7,79.4,104.5,False,False
95928,720575940629911084,KCg-m,central,left,101.4,104.3,79.4,104.5,False,False
41684,720575940620055790,KCg-m,central,right,101.4,101.4,75.0,100.0,False,False
88534,720575940628484396,KCg-m,central,left,101.4,104.3,77.5,104.5,False,False
26492,720575940616203637,CB2534,central,right,101.4,102.9,76.9,104.5,False,False
96824,720575940630080763,lLN13,central,left,101.4,104.3,77.5,104.5,False,False
106493,720575940631998023,KCab,central,right,101.4,100.0,75.0,100.0,False,False
83512,720575940627631893,CB1219,central,left,101.4,104.3,78.8,109.1,False,False
30485,720575940617334228,KCg-m,central,left,101.4,104.3,77.5,104.5,False,False
49350,720575940621456127,CB1966,central,left,101.4,102.9,76.9,100.0,False,False
102892,720575940631225871,LHPV5a1,central,left,101.4,102.9,76.9,104.5,False,False
56703,720575940622734835,DA2_lPN,central,left,101.4,112.9,78.1,104.5,False,False
135223,720575940646514740,ORN_D,sensory,right,101.4,102.9,77.5,104.5,False,False
83314,720575940627588593,KCg-m,central,left,101.4,104.3,78.1,104.5,False,False
36998,720575940618897693,CB2161,central,right,101.4,104.3,78.8,100.0,False,False
123683,720575940637945670,KCab,central,left,101.4,100.0,75.6,100.0,False,False
8615,720575940610137050,KCab,central,right,101.4,100.0,75.6,100.0,False,False
133504,720575940644747828,PAM08,central,right,101.4,104.3,78.8,104.5,False,False
51080,720575940621750465,LHAV2f2_b,central,left,101.4,104.3,76.9,104.5,False,False
39731,720575940619630207,KCab,central,right,101.4,104.3,77.5,104.5,False,False
135089,720575940646346548,KCg-m,central,left,101.4,102.9,76.9,100.0,False,False
96327,720575940629978666,KCg-m,central,right,101.4,104.3,76.2,104.5,False,False
99467,720575940630599161,LHAV3m1,central,left,101.4,104.3,78.8,100.0,False,False
134516,720575940645673508,CB3009,central,right,101.4,97.1,74.4,100.0,False,False
113478,720575940633763832,KCg-m,central,left,101.4,104.3,78.1,104.5,False,False
4065,720575940606954507,KCg-m,central,left,101.4,104.3,79.4,104.5,False,False
118094,720575940635538807,KCg-m,central,left,101.4,104.3,79.4,109.1,False,False
104598,720575940631565359,KCab,central,left,101.4,102.9,77.5,104.5,False,False
92088,720575940629141095,KCg-m,central,left,101.4,104.3,78.1,104.5,False,False
67311,720575940624626563,KCab,central,right,101.4,102.9,76.9,100.0,False,False
48962,720575940621391636,KCab,central,right,101.4,98.6,74.4,100.0,False,False
59978,720575940623307447,CB1321,central,left,101.4,105.7,79.4,109.1,False,False
59756,720575940623265258,ORN_D,sensory,left,101.4,104.3,78.8,104.5,False,False
7957,720575940609747780,KCg-m,central,left,101.4,102.9,78.8,104.5,False,False
85596,720575940627988474,KCab,central,left,101.4,104.3,78.8,104.5,False,False
65610,720575940624302520,KCg-m,central,left,101.4,104.3,77.5,104.5,False,False
46870,720575940621021892,CB2711,central,right,101.4,104.3,78.1,104.5,False,False
43944,720575940620530812,KCab,central,left,101.4,105.7,78.1,104.5,False,False
71559,720575940625457712,CB2854,central,right,101.4,105.7,81.9,109.1,False,False
18771,720575940613891442,OA-VUMa1,central,center,101.4,104.3,76.9,109.1,False,False
121644,720575940637050084,CB1106,central,right,101.4,102.9,77.5,104.5,False,False
38592,720575940619297073,KCg-m,central,left,101.4,102.9,76.9,104.5,False,False
10713,720575940611175118,CB2733,central,right,101.4,101.4,78.1,104.5,False,False
1193,720575940604997152,KCg-m,central,right,101.4,107.1,78.8,104.5,False,False
54206,720575940622288152,KCg-m,central,right,101.4,104.3,78.1,104.5,False,False
55879,720575940622595827,KCab,central,right,101.4,98.6,75.6,100.0,False,False
5947,720575940608383243,KCg-m,central,right,101.4,102.9,78.8,104.5,False,False
75231,720575940626179334,ORN_VM6v,sensory,left,101.4,104.3,78.8,104.5,False,False
118039,720575940635517876,CRE078,central,left,101.4,104.3,78.1,104.5,False,False
75414,720575940626220830,KCg-m,central,right,101.4,104.3,78.1,104.5,False,False
33658,720575940618110021,KCg-d,central,left,101.4,107.1,80.0,104.5,False,False
18888,720575940613941042,KCab,central,right,101.4,100.0,73.8,100.0,False,False
108899,720575940632531231,KCg-m,central,left,101.4,104.3,78.1,104.5,False,False
107355,720575940632195887,KCg-m,central,left,101.4,104.3,78.1,104.5,False,False
30622,720575940617372957,KCab,central,left,101.4,102.9,78.1,104.5,False,False
68400,720575940624846517,WED125,central,left,101.4,104.3,76.9,100.0,False,False
28297,720575940616744059,WED121,central,left,101.4,105.7,75.0,95.5,False,False
43033,720575940620343345,PLP095,central,left,101.4,105.7,77.5,100.0,False,False
55873,720575940622594601,KCg-m,central,right,101.4,101.4,76.2,104.5,False,False
95012,720575940629734442,KCab,central,left,101.4,102.9,76.9,100.0,False,False
57281,720575940622844003,KCg-m,central,right,101.4,101.4,76.2,104.5,False,False
51818,720575940621870886,CB1454,central,left,101.4,104.3,78.8,104.5,False,False
51777,720575940621862405,KCab,central,left,101.4,104.3,79.4,109.1,False,False
135307,720575940646606724,KCab,central,right,101.4,98.6,73.8,100.0,False,False
7414,720575940609405646,KCab,central,right,101.4,102.9,76.9,100.0,False,False
18716,720575940613867682,KCg-m,central,right,101.4,104.3,78.1,104.5,False,False
133635,720575940644869143,CB3040,central,right,101.4,104.3,79.4,104.5,False,False
105478,720575940631761183,KCg-m,central,left,101.4,104.3,77.5,104.5,False,False
25989,720575940616068539,KCg-m,central,left,101.4,105.7,78.8,100.0,False,False
119281,720575940635963503,CB2201,central,left,101.4,101.4,76.2,100.0,False,False
119067,720575940635884911,KCg-m,central,right,101.4,97.1,75.0,100.0,False,False
56504,720575940622703654,KCg-m,central,left,101.4,104.3,80.0,104.5,False,False
76821,720575940626510169,AVLP030,central,left,101.4,107.1,81.9,113.6,False,False
76534,720575940626449154,M_vPNml67,central,left,101.4,104.3,77.5,104.5,False,False
12840,720575940612009903,KCg-m,central,right,101.4,104.3,77.5,104.5,False,False
98276,720575940630367196,CB0994,central,left,100.0,101.4,75.0,104.5,False,False
31493,720575940617598182,KCg-m,central,left,100.0,101.4,73.8,100.0,False,False
119949,720575940636272862,KCab,central,left,100.0,102.9,76.2,100.0,False,False
97872,720575940630284306,ORN_D,sensory,right,100.0,102.9,78.1,104.5,False,False
75564,720575940626253318,KCab,central,right,100.0,98.6,73.8,95.5,False,False
119168,720575940635920814,KCg-m,central,left,100.0,102.9,76.2,104.5,False,False
74923,720575940626108689,CB1401,central,right,100.0,104.3,76.9,100.0,False,False
12129,720575940611748594,KCg-m,central,right,100.0,104.3,77.5,104.5,False,False
12293,720575940611810531,KCab,central,left,100.0,102.9,76.9,100.0,False,False
25892,720575940616039197,TRN_VP1m,sensory,left,100.0,105.7,78.8,104.5,False,False
99063,720575940630523151,,central,left,100.0,100.0,75.0,100.0,False,False
31907,720575940617692962,KCg-m,central,left,100.0,104.3,77.5,100.0,False,False
66813,720575940624527091,KCg-m,central,right,100.0,105.7,77.5,104.5,False,False
111072,720575940633056467,KCg-m,central,right,100.0,104.3,77.5,104.5,False,False
45707,720575940620823617,KCab,central,left,100.0,104.3,77.5,104.5,False,False
14685,720575940612623474,PAM08,central,right,100.0,105.7,78.1,104.5,False,False
14785,720575940612653937,CB3457,central,right,100.0,102.9,76.9,104.5,False,False
40106,720575940619713200,KCab,central,right,100.0,100.0,73.8,100.0,False,False
53159,720575940622112636,KCab,central,right,100.0,104.3,78.8,109.1,False,False
55692,720575940622557022,KCg-m,central,left,100.0,101.4,77.5,104.5,False,False
98786,720575940630467087,KCg-m,central,left,100.0,104.3,77.5,100.0,False,False
40580,720575940619823051,CB1375,central,left,100.0,97.1,73.8,95.5,False,False
75473,720575940626234626,KCg-m,central,left,100.0,104.3,77.5,104.5,False,False
91746,720575940629072999,KCg-m,central,left,100.0,102.9,78.1,104.5,False,False
126578,720575940639191017,LHPV4l1,central,left,100.0,100.0,73.1,104.5,False,False
33672,720575940618112459,KCab,central,left,100.0,102.9,78.1,100.0,False,False
46671,720575940620986022,LHPV1d1,central,left,100.0,102.9,75.0,104.5,False,False
65371,720575940624264718,KCab,central,left,100.0,104.3,77.5,100.0,False,False
7032,720575940609203268,KCg-m,central,left,100.0,104.3,76.9,100.0,False,False
33827,720575940618150736,KCab,central,left,100.0,102.9,77.5,104.5,False,False
79644,720575940626999114,KCg-m,central,left,100.0,105.7,76.9,104.5,False,False
10792,720575940611210865,KCg-m,central,right,100.0,101.4,75.6,104.5,False,False
67749,720575940624716581,KCg-m,central,left,100.0,102.9,78.1,104.5,False,False
112852,720575940633566690,KCg-m,central,left,100.0,97.1,75.6,100.0,False,False
57140,720575940622813418,KCg-m,central,left,100.0,102.9,76.2,100.0,False,False
72558,720575940625665564,KCab,central,right,100.0,100.0,75.6,100.0,False,False
38526,720575940619280705,VM2_adPN,central,right,100.0,102.9,76.9,100.0,False,False
72355,720575940625627023,VP1l+_lvPN,central,left,100.0,102.9,76.9,104.5,False,False
116458,720575940634948703,KCg-m,central,left,100.0,102.9,78.8,104.5,False,False
29580,720575940617079257,KCg-m,central,right,100.0,104.3,77.5,104.5,False,False
29771,720575940617137881,KCg-m,central,left,100.0,102.9,76.9,100.0,False,False
3258,720575940606454108,KCab,central,right,100.0,105.7,79.4,109.1,False,False
134118,720575940645277294,KCab,central,left,100.0,102.9,76.2,100.0,False,False
94076,720575940629532759,KCg-m,central,left,100.0,102.9,76.9,104.5,False,False
132348,720575940643495840,KCab,central,left,100.0,101.4,76.2,100.0,False,False
15712,720575940612924522,KCab,central,right,100.0,104.3,77.5,100.0,False,False
135134,720575940646412323,CB1664,central,left,100.0,104.3,78.1,104.5,False,False
31085,720575940617493222,KCab,central,left,100.0,100.0,75.0,100.0,False,False
104544,720575940631553164,KCab,central,right,100.0,102.9,78.1,104.5,False,False
116186,720575940634839743,KCab,central,left,100.0,104.3,77.5,100.0,False,False
117758,720575940635404724,LAL030a,central,left,100.0,101.4,76.9,100.0,False,False
99436,720575940630592460,KCab,central,right,100.0,100.0,75.6,100.0,False,False
62193,720575940623707656,KCg-m,central,left,100.0,104.3,77.5,104.5,False,False
127745,720575940639730851,KCab,central,left,100.0,102.9,77.5,104.5,False,False
21892,720575940614871402,KCg-m,central,left,100.0,104.3,76.9,104.5,False,False
44890,720575940620686761,KCg-m,central,right,100.0,102.9,76.9,104.5,False,False
92846,720575940629295916,KCg-m,central,left,100.0,101.4,75.6,100.0,False,False
126054,720575940638990397,KCg-m,central,left,100.0,101.4,76.2,100.0,False,False
59422,720575940623205303,KCg-m,central,left,100.0,102.9,77.5,104.5,False,False
3954,720575940606864341,KCab,central,right,100.0,95.7,71.2,90.9,False,False
35768,720575940618593600,LHAD1f3c,central,left,100.0,104.3,76.2,104.5,False,False
112003,720575940633300927,KCg-m,central,right,100.0,102.9,78.1,104.5,False,False
44430,720575940620611822,KCg-m,central,left,100.0,102.9,77.5,104.5,False,False
36050,720575940618667143,KCg-m,central,right,100.0,102.9,77.5,100.0,False,False
35899,720575940618627207,KCg-m,central,right,100.0,104.3,77.5,104.5,False,False
49273,720575940621444877,KCab,central,left,100.0,100.0,76.2,104.5,False,False
104446,720575940631531055,KCg-m,central,right,100.0,102.9,76.2,100.0,False,False
103098,720575940631260476,LHAV4a4,central,left,100.0,104.3,78.1,104.5,False,False
101860,720575940631024682,KCg-m,central,right,100.0,102.9,76.9,104.5,False,False
49602,720575940621505883,LHAV2b7_a,central,left,100.0,102.9,76.9,104.5,False,False
60497,720575940623396093,KCg-m,central,left,100.0,101.4,78.1,104.5,False,False
16827,720575940613257664,KCg-m,central,left,100.0,101.4,76.9,104.5,False,False
125819,720575940638888307,KCg-m,central,left,100.0,104.3,78.1,100.0,False,False
86110,720575940628076038,KCg-m,central,right,100.0,102.9,76.2,100.0,False,False
18526,720575940613797295,KCg-d,central,right,100.0,104.3,78.8,104.5,False,False
109839,720575940632745261,KCg-m,central,left,100.0,104.3,77.5,104.5,False,False
110291,720575940632841539,KCg-m,central,left,100.0,104.3,80.0,104.5,False,False
14066,720575940612429994,KCg-m,central,left,100.0,101.4,78.1,104.5,False,False
39194,720575940619477809,KCg-m,central,left,100.0,102.9,76.9,100.0,False,False
72913,720575940625732745,KCab,central,left,100.0,102.9,76.9,100.0,False,False
42024,720575940620128282,CB1966,central,left,100.0,102.9,76.9,100.0,False,False
28020,720575940616647990,KCab,central,right,100.0,102.9,76.9,104.5,False,False
95921,720575940629909815,KCg-m,central,left,100.0,102.9,78.8,109.1,False,False
125777,720575940638872629,ORN_D,sensory,left,100.0,101.4,76.9,100.0,False,False
90850,720575940628902764,KCab,central,left,100.0,101.4,76.2,100.0,False,False
101506,720575940630964421,CB2226,central,right,100.0,101.4,76.9,104.5,False,False
23945,720575940615465531,CB1664,central,left,100.0,102.9,76.2,100.0,False,False
114517,720575940634154140,KCg-m,central,right,100.0,100.0,75.0,100.0,False,False
37803,720575940619090529,KCab,central,right,100.0,102.9,76.2,100.0,False,False
100939,720575940630859791,LHAD1d1,central,right,100.0,102.9,78.1,104.5,False,False
114181,720575940633994391,LHAV4c1,central,right,100.0,101.4,75.0,100.0,False,False
106487,720575940631997101,CB1454,central,left,100.0,104.3,77.5,104.5,False,False
20518,720575940614484626,KCab,central,left,100.0,100.0,76.9,100.0,False,False
20339,720575940614423038,CB1524,central,left,100.0,100.0,75.6,100.0,False,False
126964,720575940639381363,KCab,central,left,100.0,102.9,77.5,104.5,False,False
131555,720575940642410020,M_vPNml64,central,right,100.0,104.3,76.2,100.0,False,False
107109,720575940632128908,CB3206,central,left,100.0,102.9,76.9,100.0,False,False
107222,720575940632164269,KCab,central,right,100.0,101.4,76.2,100.0,False,False
58306,720575940623025413,OA-AL2i3,visual_centrifugal,right,100.0,110.0,82.5,109.1,False,False
74746,720575940626080868,KCg-d,central,left,100.0,104.3,76.9,100.0,False,False
53086,720575940622103275,KCab,central,right,100.0,105.7,78.1,104.5,False,False
1147,720575940604963686,KCg-m,central,left,98.6,101.4,75.6,100.0,False,False
138225,720575940659760769,LHAV4a4,central,right,98.6,101.4,76.2,104.5,False,False
6017,720575940608437769,KCg-m,central,left,98.6,102.9,75.0,104.5,False,False
128129,720575940639892413,v2LN31,central,left,98.6,101.4,72.5,95.5,False,False
105481,720575940631761977,KCab,central,left,98.6,100.0,75.0,95.5,False,False
119856,720575940636230746,KCg-m,central,left,98.6,102.9,76.9,100.0,False,False
75865,720575940626315010,MBON13,central,right,98.6,105.7,78.8,104.5,False,False
80365,720575940627109202,CB1079,central,right,98.6,101.4,78.8,104.5,False,False
123061,720575940637664357,LHPV2b5,central,right,98.6,102.9,75.0,100.0,False,False
51271,720575940621778646,CB2571,central,right,98.6,100.0,75.6,100.0,False,False
38146,720575940619173592,CB2805,central,right,98.6,100.0,75.0,100.0,False,False
135692,720575940647165828,PAM07,central,right,98.6,104.3,77.5,104.5,False,False
38055,720575940619153749,KCg-m,central,left,98.6,102.9,76.2,100.0,False,False
14876,720575940612680818,KCg-m,central,left,98.6,100.0,75.0,100.0,False,False
123276,720575940637754019,KCab,central,right,98.6,101.4,74.4,100.0,False,False
70729,720575940625290003,KCab,central,right,98.6,101.4,75.6,100.0,False,False
15364,720575940612829863,KCg-m,central,left,98.6,101.4,77.5,104.5,False,False
58337,720575940623032004,KCg-m,central,left,98.6,101.4,75.6,100.0,False,False
24879,720575940615746316,PLP095,central,right,98.6,101.4,73.8,95.5,False,False
82439,720575940627431311,ORN_DC1,sensory,left,98.6,100.0,75.0,100.0,False,False
81844,720575940627332100,KCab,central,right,98.6,100.0,74.4,100.0,False,False
8660,720575940610167665,CB2357,central,right,98.6,102.9,78.1,104.5,False,False
122618,720575940637494837,HRN_VP4,sensory,right,98.6,101.4,75.6,100.0,False,False
57889,720575940622957064,CB3241,central,left,98.6,100.0,77.5,104.5,False,False
122896,720575940637611365,AVLP086,central,left,98.6,104.3,76.2,95.5,False,False
58161,720575940623003016,KCg-m,central,left,98.6,102.9,76.9,104.5,False,False
9107,720575940610406776,KCg-m,central,right,98.6,101.4,75.6,104.5,False,False
37394,720575940618992749,KCab,central,right,98.6,95.7,71.9,95.5,False,False
123402,720575940637810239,KCg-m,central,right,98.6,104.3,78.1,104.5,False,False
94484,720575940629620239,KCg-m,central,left,98.6,101.4,77.5,100.0,False,False
79288,720575940626941205,KCg-m,central,left,98.6,104.3,76.9,95.5,False,False
55625,720575940622540749,LHPV2c2b,central,left,98.6,101.4,76.2,100.0,False,False
35425,720575940618510868,KCab,central,left,98.6,105.7,77.5,104.5,False,False
17989,720575940613623961,LHAV3e2,central,left,98.6,100.0,74.4,100.0,False,False
50287,720575940621617067,CB1454,central,right,98.6,102.9,76.2,100.0,False,False
84517,720575940627802618,KCg-m,central,left,98.6,102.9,76.9,100.0,False,False
73223,720575940625793317,KCg-m,central,left,98.6,101.4,75.6,100.0,False,False
95855,720575940629899511,KCg-m,central,left,98.6,102.9,77.5,104.5,False,False
87055,720575940628239671,KCab,central,right,98.6,101.4,75.0,100.0,False,False
117221,720575940635202204,VES041,central,right,98.6,100.0,77.5,109.1,False,False
103333,720575940631302186,KCg-m,central,left,98.6,102.9,76.9,100.0,False,False
101736,720575940631003151,KCg-m,central,left,98.6,101.4,75.0,100.0,False,False
66638,720575940624487975,CB2761,central,right,98.6,102.9,77.5,104.5,False,False
18735,720575940613876447,KCg-m,central,left,98.6,100.0,76.2,100.0,False,False
36021,720575940618657950,KCg-m,central,right,98.6,97.1,71.2,95.5,False,False
83879,720575940627699712,LAL149,central,left,98.6,104.3,75.0,100.0,False,False
14460,720575940612549799,CB1454,central,right,98.6,102.9,75.0,100.0,False,False
72908,720575940625732042,"LHAD1b2_a,LHAD1b2_c",central,left,98.6,101.4,75.6,95.5,False,False
52144,720575940621935850,KCg-m,central,left,98.6,101.4,76.9,100.0,False,False
57075,720575940622803850,KCab,central,right,98.6,104.3,76.9,104.5,False,False
135298,720575940646598788,KCg-m,central,right,98.6,100.0,73.8,95.5,False,False
44354,720575940620600700,KCg-m,central,right,98.6,101.4,75.6,104.5,False,False
36028,720575940618660043,M_vPNml63,central,right,98.6,102.9,75.0,100.0,False,False
71765,720575940625497488,KCg-m,central,right,98.6,100.0,75.0,100.0,False,False
8768,720575940610218360,KCg-m,central,left,98.6,101.4,76.2,100.0,False,False
38787,720575940619358001,KCg-m,central,left,98.6,101.4,76.9,100.0,False,False
42669,720575940620263233,KCg-m,central,left,98.6,100.0,75.0,100.0,False,False
83313,720575940627588337,KCab,central,left,98.6,100.0,73.8,100.0,False,False
29881,720575940617174365,KCab,central,left,98.6,102.9,76.2,100.0,False,False
8952,720575940610323674,KCg-m,central,left,98.6,101.4,76.9,104.5,False,False
23807,720575940615429118,OA-AL2i3,visual_centrifugal,right,98.6,108.6,80.6,109.1,False,False
93857,720575940629494010,CB3138,central,left,98.6,100.0,73.1,95.5,False,False
138077,720575940658489473,KCab,central,left,98.6,101.4,77.5,104.5,False,False
40716,720575940619855696,KCg-m,central,left,98.6,100.0,76.2,100.0,False,False
136561,720575940649501817,KCg-m,central,left,98.6,101.4,76.2,100.0,False,False
60902,720575940623462072,KCg-m,central,left,98.6,102.9,76.9,104.5,False,False
62765,720575940623825077,KCg-m,central,left,98.6,100.0,75.6,100.0,False,False
128637,720575940640125568,CB2133,central,left,98.6,101.4,77.5,104.5,False,False
63368,720575940623928163,LHAD1b3,central,left,98.6,101.4,76.2,100.0,False,False
90466,720575940628829148,KCab,central,left,98.6,100.0,74.4,100.0,False,False
105010,720575940631650274,KCg-m,central,left,98.6,101.4,75.0,100.0,False,False
11790,720575940611615986,KCg-m,central,left,98.6,100.0,74.4,95.5,False,False
31048,720575940617485083,KCg-m,central,left,98.6,102.9,76.2,100.0,False,False
55917,720575940622604749,ORN_D,sensory,left,98.6,98.6,75.0,100.0,False,False
97523,720575940630219055,KCg-m,central,right,98.6,100.0,75.6,100.0,False,False
97687,720575940630250543,KCab,central,right,98.6,102.9,76.2,104.5,False,False
76898,720575940626525059,5-HTPMPD01,central,right,98.6,102.9,76.2,100.0,False,False
39887,720575940619668212,KCab,central,right,98.6,104.3,76.2,104.5,False,False
96178,720575940629952374,KCg-m,central,left,98.6,102.9,75.6,104.5,False,False
96767,720575940630063676,KCg-m,central,right,98.6,102.9,76.2,100.0,False,False
96566,720575940630025788,KCab,central,right,98.6,98.6,74.4,100.0,False,False
19528,720575940614183786,KCab,central,left,98.6,100.0,74.4,100.0,False,False
88054,720575940628400439,KCab,central,left,98.6,98.6,75.0,104.5,False,False
20157,720575940614368483,SMP568,central,left,98.6,101.4,75.0,104.5,False,False
47443,720575940621121206,KCg-m,central,right,98.6,101.4,76.9,104.5,False,False
4347,720575940607185074,KCg-m,central,left,98.6,100.0,73.8,95.5,False,False
7064,720575940609226702,KCg-m,central,right,98.6,100.0,76.2,100.0,False,False
19460,720575940614159010,CB3554,central,right,98.6,98.6,76.2,104.5,False,False
132306,720575940643424535,KCab,central,left,98.6,97.1,74.4,100.0,False,False
107504,720575940632233628,KCab,central,right,98.6,102.9,76.2,104.5,False,False
4329,720575940607177906,KCg-m,central,left,98.6,100.0,75.0,100.0,False,False
65462,720575940624280328,MBON33,central,right,98.6,104.3,78.1,100.0,False,False
46489,720575940620956173,KCab,central,right,98.6,97.1,73.1,95.5,False,False
137711,720575940654879137,KCg-m,central,left,98.6,102.9,78.1,100.0,False,False
63999,720575940624032264,KCg-m,central,right,98.6,101.4,76.9,100.0,False,False
63898,720575940624017812,LHAV4c1,central,left,98.6,100.0,75.0,100.0,False,False
107063,720575940632118343,MBON10,central,left,98.6,102.9,76.9,100.0,False,False
23159,720575940615243020,KCg-m,central,right,98.6,100.0,75.6,100.0,False,False
36908,720575940618876062,KCab,central,right,97.1,97.1,72.5,100.0,False,False
113433,720575940633748505,KCab,central,left,97.1,101.4,75.0,100.0,False,False
71688,720575940625485181,KCab,central,left,97.1,98.6,73.8,100.0,False,False
113642,720575940633808665,KCab,central,left,97.1,98.6,73.8,95.5,False,False
116212,720575940634847863,CB2889,central,left,97.1,101.4,74.4,100.0,False,False
10914,720575940611263090,KCab,central,left,97.1,101.4,73.8,95.5,False,False
94167,720575940629548794,CB1811,central,left,97.1,98.6,73.8,95.5,False,False
81313,720575940627252267,KCab,central,left,97.1,95.7,71.9,95.5,False,False
51470,720575940621807300,KCg-m,central,left,97.1,101.4,75.6,100.0,False,False
28488,720575940616798784,KCg-m,central,left,97.1,100.0,74.4,100.0,False,False
71550,720575940625454640,KCg-m,central,right,97.1,100.0,75.0,95.5,False,False
36759,720575940618840280,CB2772,central,left,97.1,100.0,75.6,95.5,False,False
94694,720575940629669623,CB2243,central,right,97.1,100.0,75.0,100.0,False,False
9995,720575940610856874,KCab,central,left,97.1,101.4,76.2,100.0,False,False
69463,720575940625023869,KCab,central,right,97.1,100.0,75.0,100.0,False,False
15024,720575940612725906,KCab,central,right,97.1,100.0,74.4,100.0,False,False
97528,720575940630219567,KCg-m,central,right,97.1,97.1,73.8,100.0,False,False
47743,720575940621174960,KCg-m,central,left,97.1,100.0,75.0,100.0,False,False
75496,720575940626239236,KCab,central,left,97.1,100.0,73.8,95.5,False,False
99119,720575940630537676,KCab,central,right,97.1,98.6,75.0,100.0,False,False
42765,720575940620286558,KCab,central,left,97.1,101.4,75.0,100.0,False,False
99064,720575940630523407,CB1454,central,left,97.1,101.4,76.2,100.0,False,False
25591,720575940615964884,KCab,central,right,97.1,102.9,77.5,104.5,False,False
80613,720575940627150090,KCg-m,central,right,97.1,101.4,75.0,104.5,False,False
57461,720575940622881805,KCab,central,left,97.1,98.6,73.8,100.0,False,False
38070,720575940619156565,KCab,central,right,97.1,98.6,75.0,100.0,False,False
37918,720575940619119782,KCg-m,central,left,97.1,101.4,74.4,95.5,False,False
10185,720575940610942066,KCg-m,central,left,97.1,98.6,73.1,95.5,False,False
58982,720575940623136499,KCab,central,right,97.1,100.0,75.0,100.0,False,False
58437,720575940623047660,KCg-m,central,left,97.1,101.4,75.0,100.0,False,False
16365,720575940613113238,KCg-m,central,left,97.1,100.0,74.4,100.0,False,False
93090,720575940629347319,LHAV4a4,central,left,97.1,98.6,74.4,100.0,False,False
101741,720575940631003410,KCg-m,central,left,97.1,101.4,75.6,100.0,False,False
11778,720575940611611378,KCg-m,central,right,97.1,100.0,75.0,100.0,False,False
14033,720575940612421290,KCg-m,central,right,97.1,100.0,73.8,95.5,False,False
56310,720575940622671640,"PLP041,PLP043",central,left,97.1,98.6,75.6,104.5,False,False
73149,720575940625777040,LHPV2c4,central,left,97.1,98.6,75.0,100.0,False,False
11728,720575940611597795,KCab,central,left,97.1,100.0,75.0,100.0,False,False
49816,720575940621545968,KCg-m,central,left,97.1,100.0,75.0,100.0,False,False
7561,720575940609496585,DL2d_vPN,central,right,97.1,100.0,75.6,95.5,False,False
66636,720575940624487572,KCg-m,central,right,97.1,101.4,75.0,100.0,False,False
45940,720575940620868432,CB3523,central,right,97.1,100.0,74.4,104.5,False,False
111537,720575940633188459,KCg-m,central,right,97.1,102.9,75.0,100.0,False,False
50040,720575940621581802,KCg-m,central,right,97.1,100.0,73.1,100.0,False,False
50524,720575940621655979,CB2552,central,left,97.1,98.6,71.9,100.0,False,False
93028,720575940629335115,KCab,central,right,97.1,102.9,76.2,100.0,False,False
125336,720575940638673478,LHAV4a4,central,right,97.1,100.0,75.6,104.5,False,False
30121,720575940617242841,PAM08,central,right,97.1,101.4,76.2,100.0,False,False
3324,720575940606498313,M_lvPNm41,central,right,97.1,100.0,73.8,100.0,False,False
133244,720575940644541640,KCab,central,left,97.1,98.6,74.4,100.0,False,False
82778,720575940627491861,KCg-m,central,left,97.1,100.0,74.4,100.0,False,False
71697,720575940625486692,KCg-m,central,right,97.1,100.0,74.4,100.0,False,False
121978,720575940637211462,KCab,central,right,97.1,100.0,74.4,95.5,False,False
67575,720575940624685290,CB1079,central,right,97.1,102.9,75.6,100.0,False,False
72666,720575940625685296,CB1293,central,left,97.1,100.0,75.0,95.5,False,False
44669,720575940620653377,KCg-m,central,left,97.1,101.4,75.6,100.0,False,False
35701,720575940618574749,DNg35,descending,left,97.1,100.0,76.2,104.5,False,False
83417,720575940627612675,KCab,central,left,97.1,98.6,73.8,100.0,False,False
67736,720575940624713660,KCg-m,central,left,97.1,100.0,75.6,104.5,False,False
68077,720575940624781555,CB2757,central,right,97.1,95.7,71.2,100.0,False,False
83334,720575940627592977,LHAV4c1,central,left,97.1,100.0,74.4,104.5,False,False
8759,720575940610215637,CB3190,central,right,97.1,100.0,76.2,100.0,False,False
110619,720575940632925409,KCg-m,central,left,97.1,100.0,75.0,100.0,False,False
34568,720575940618304670,CB1824,central,right,97.1,102.9,75.0,100.0,False,False
19401,720575940614132667,KCab,central,right,97.1,98.6,73.8,100.0,False,False
117050,720575940635150990,KCab,central,right,97.1,98.6,73.8,100.0,False,False
21970,720575940614902667,KCab,central,right,97.1,101.4,75.6,100.0,False,False
132208,720575940643272845,LHAV7a3,central,left,97.1,100.0,73.8,95.5,False,False
91968,720575940629119737,KCg-m,central,left,97.1,100.0,75.0,100.0,False,False
18835,720575940613920159,KCab,central,left,97.1,100.0,75.0,95.5,False,False
49294,720575940621447704,KCab,central,left,97.1,98.6,76.2,100.0,False,False
126392,720575940639121571,VM5d_adPN,central,right,97.1,100.0,75.0,100.0,False,False
104151,720575940631471185,KCg-m,central,left,97.1,97.1,73.8,100.0,False,False
65443,720575940624276784,KCg-m,central,left,97.1,97.1,73.1,95.5,False,False
107413,720575940632212039,FB5AB,central,left,97.1,101.4,76.9,100.0,False,False
19590,720575940614200426,KCg-m,central,right,97.1,100.0,74.4,100.0,False,False
48596,720575940621332574,KCab,central,left,97.1,100.0,73.8,100.0,False,False
127326,720575940639542691,mALD4,central,right,97.1,104.3,78.1,104.5,False,False
46948,720575940621038294,ATL032,central,left,97.1,100.0,76.2,104.5,False,False
108086,720575940632370719,KCg-m,central,left,97.1,97.1,74.4,100.0,False,False
27825,720575940616588683,KCab,central,right,97.1,100.0,75.6,100.0,False,False
32770,720575940617916061,CB3248,central,left,97.1,95.7,73.1,100.0,False,False
20774,720575940614573674,CB2018,central,right,97.1,101.4,76.2,100.0,False,False
127738,720575940639727067,KCab,central,right,97.1,95.7,71.2,100.0,False,False
31026,720575940617479202,CB2419,central,left,97.1,97.1,73.1,100.0,False,False
89584,720575940628678991,WED125,central,right,97.1,101.4,75.6,100.0,False,False
76843,720575940626513171,KCg-m,central,right,97.1,101.4,76.2,100.0,False,False
13234,720575940612151538,KCg-m,central,right,97.1,98.6,75.6,100.0,False,False
97771,720575940630265952,KCab,central,right,97.1,100.0,75.6,100.0,False,False
97208,720575940630158140,LHAV2b1,central,left,97.1,98.6,75.0,100.0,False,False
1409,720575940605184102,KCg-m,central,right,97.1,98.6,75.0,100.0,False,False
98028,720575940630312785,KCg-m,central,right,97.1,92.9,70.0,95.5,False,False
138167,720575940659323521,KCg-m,central,left,95.7,98.6,72.5,95.5,False,False
98410,720575940630392684,KCg-m,central,left,95.7,98.6,73.8,100.0,False,False
136596,720575940649691769,KCab,central,left,95.7,98.6,73.1,95.5,False,False
137638,720575940654483873,KCg-m,central,left,95.7,98.6,75.0,100.0,False,False
274,720575940603674656,KCab,central,right,95.7,97.1,73.1,95.5,False,False
126751,720575940639258613,KCg-m,central,right,95.7,97.1,73.1,100.0,False,False
86479,720575940628137478,KCg-m,central,left,95.7,100.0,74.4,100.0,False,False
33899,720575940618162773,LHAV4a4,central,right,95.7,98.6,73.1,95.5,False,False
126102,720575940639018147,KCg-m,central,left,95.7,98.6,75.0,100.0,False,False
6950,720575940609149394,KCg-m,central,right,95.7,98.6,74.4,100.0,False,False
125142,720575940638593102,KCg-m,central,left,95.7,100.0,73.8,100.0,False,False
7766,720575940609634571,KCab,central,right,95.7,97.1,73.1,95.5,False,False
16828,720575940613258221,CB0683,central,left,95.7,98.6,71.2,100.0,False,False
95363,720575940629804544,KCg-m,central,right,95.7,102.9,74.4,100.0,False,False
100126,720575940630715410,KCg-m,central,left,95.7,97.1,72.5,100.0,False,False
57334,720575940622857447,KCab,central,right,95.7,92.9,70.0,95.5,False,False
39821,720575940619652555,KCab,central,right,95.7,95.7,72.5,95.5,False,False
13131,720575940612111346,KCab,central,left,95.7,100.0,75.6,100.0,False,False
120154,720575940636364133,KCg-m,central,right,95.7,100.0,75.6,104.5,False,False
57149,720575940622816234,KCg-m,central,right,95.7,97.1,72.5,95.5,False,False
1846,720575940605541920,KCab,central,right,95.7,92.9,68.8,90.9,False,False
6409,720575940608772821,KCab,central,right,95.7,97.1,72.5,95.5,False,False
46932,720575940621033808,CRE042,central,left,95.7,98.6,74.4,95.5,False,False
124248,720575940638185048,KCab,central,left,95.7,98.6,75.6,100.0,False,False
89126,720575940628593884,KCab,central,left,95.7,97.1,74.4,100.0,False,False
112017,720575940633304913,LHAV4c1,central,right,95.7,98.6,73.8,100.0,False,False
35981,720575940618648955,WEDPN9,central,left,95.7,95.7,74.4,100.0,False,False
8733,720575940610205282,SMP568,central,right,95.7,100.0,73.8,100.0,False,False
127601,720575940639669592,M_lPNm11C,central,right,95.7,101.4,76.2,104.5,False,False
127607,720575940639673715,CB1363,central,left,95.7,97.1,73.8,95.5,False,False
63688,720575940623985189,KCg-m,central,right,95.7,98.6,74.4,95.5,False,False
6161,720575940608573193,CB1511,central,right,95.7,101.4,73.8,95.5,False,False
63476,720575940623946988,KCg-m,central,right,95.7,102.9,73.8,95.5,False,False
9628,720575940610668152,SLP072,central,left,95.7,95.7,70.6,95.5,False,False
63486,720575940623948617,KCab,central,left,95.7,98.6,73.8,95.5,False,False
63015,720575940623871928,LHPV4b3,central,left,95.7,101.4,75.6,100.0,False,False
16985,720575940613317738,KCab,central,left,95.7,98.6,73.8,100.0,False,False
32063,720575940617734603,KCab,central,right,95.7,91.4,70.0,90.9,False,False
100968,720575940630868013,KCg-m,central,right,95.7,100.0,73.8,100.0,False,False
24535,720575940615651014,KCab,central,right,95.7,100.0,75.0,100.0,False,False
133961,720575940645139508,KCab,central,left,95.7,95.7,71.9,95.5,False,False
11910,720575940611664281,KCab,central,right,95.7,100.0,74.4,100.0,False,False
119914,720575940636256319,LHAV4c1,central,left,95.7,97.1,73.8,100.0,False,False
74025,720575940625944266,KCg-m,central,left,95.7,98.6,74.4,100.0,False,False
100956,720575940630864170,CB1546,central,left,95.7,98.6,72.5,95.5,False,False
118098,720575940635539448,LHAV5e1,central,right,95.7,100.0,74.4,95.5,False,False
117806,720575940635425460,KCg-m,central,left,95.7,95.7,73.8,100.0,False,False
77669,720575940626668304,KCab,central,right,95.7,98.6,73.1,95.5,False,False
73811,720575940625901002,KCg-m,central,right,95.7,98.6,73.8,100.0,False,False
135015,720575940646229283,KCg-m,central,right,95.7,97.1,72.5,100.0,False,False
21569,720575940614778454,KCg-m,central,right,95.7,98.6,74.4,100.0,False,False
62610,720575940623791799,CB2945,central,right,95.7,101.4,75.6,100.0,False,False
62347,720575940623739076,VA1v_adPN,central,right,95.7,98.6,73.1,95.5,False,False
62515,720575940623776437,KCab,central,right,95.7,95.7,71.2,90.9,False,False
130008,720575940640789619,aMe17a1,visual_centrifugal,left,95.7,97.1,75.0,100.0,False,False
9008,720575940610358501,KCab,central,right,95.7,94.3,71.9,95.5,False,False
130678,720575940641369296,v2LN46a,central,left,95.7,98.6,73.8,100.0,False,False
82506,720575940627446415,LHAV2b9,central,left,95.7,98.6,73.1,95.5,False,False
21958,720575940614899851,KCab,central,right,95.7,101.4,75.0,100.0,False,False
21864,720575940614861941,KCab,central,left,95.7,98.6,73.8,95.5,False,False
70959,720575940625337546,ORN_D,sensory,left,95.7,100.0,73.8,100.0,False,False
70402,720575940625207019,DP1m_vPN,central,right,95.7,98.6,75.0,100.0,False,False
21066,720575940614652818,KCg-m,central,left,95.7,101.4,73.8,100.0,False,False
104691,720575940631584057,KCab,central,left,95.7,98.6,73.1,95.5,False,False
123148,720575940637695395,KCab,central,right,95.7,100.0,75.6,100.0,False,False
122937,720575940637624165,CB3013,central,left,95.7,98.6,73.8,95.5,False,False
80898,720575940627185767,KCab,central,right,95.7,101.4,74.4,100.0,False,False
80736,720575940627166522,KCg-m,central,right,95.7,92.9,70.0,90.9,False,False
15246,720575940612789219,KCg-m,central,left,95.7,97.1,73.8,95.5,False,False
122891,720575940637610566,LHAV8a1,central,right,95.7,97.1,73.1,95.5,False,False
122426,720575940637404750,KCg-m,central,right,95.7,100.0,74.4,95.5,False,False
104084,720575940631458371,KCg-m,central,right,95.7,100.0,73.8,100.0,False,False
22131,720575940614953878,CB3185,central,left,95.7,97.1,72.5,95.5,False,False
10187,720575940610943897,KCab,central,right,95.7,97.1,74.4,100.0,False,False
71457,720575940625440100,CB0356,central,right,95.7,101.4,76.9,104.5,False,False
80001,720575940627054725,KCg-m,central,left,95.7,98.6,73.1,95.5,False,False
14766,720575940612647282,KCg-m,central,right,95.7,98.6,75.0,100.0,False,False
42863,720575940620310625,KCg-m,central,right,95.7,100.0,73.8,100.0,False,False
49612,720575940621507475,KCab,central,right,95.7,94.3,71.2,95.5,False,False
60355,720575940623369412,KCg-m,central,right,95.7,98.6,73.8,95.5,False,False
77855,720575940626702232,KCg-m,central,right,95.7,97.1,73.8,95.5,False,False
39247,720575940619495664,KCg-m,central,right,95.7,98.6,75.0,100.0,False,False
50480,720575940621648008,KCg-m,central,right,95.7,97.1,72.5,95.5,False,False
101237,720575940630917293,KCab,central,right,95.7,98.6,74.4,100.0,False,False
11717,720575940611592154,KCab,central,left,95.7,98.6,75.0,100.0,False,False
73589,720575940625860026,KCg-m,central,left,95.7,98.6,73.1,100.0,False,False
73268,720575940625800741,KCg-m,central,right,95.7,98.6,74.4,100.0,False,False
3254,720575940606452681,KCab,central,right,95.7,95.7,70.6,100.0,False,False
58569,720575940623067389,LAL051,central,left,95.7,90.0,71.9,100.0,False,False
51033,720575940621742972,CB1200,central,right,95.7,100.0,75.6,100.0,False,False
79238,720575940626932501,KCab,central,left,95.7,100.0,75.0,100.0,False,False
121800,720575940637118174,KCg-m,central,right,95.7,100.0,75.0,100.0,False,False
38651,720575940619311286,KCab,central,left,95.7,98.6,72.5,95.5,False,False
10615,720575940611129571,KCg-m,central,right,95.7,94.3,71.2,95.5,False,False
50255,720575940621612765,v2LN47,central,right,95.7,100.0,74.4,100.0,False,False
22564,720575940615081099,CB2372,central,left,95.7,97.1,73.8,95.5,False,False
23508,720575940615344315,KCab,central,right,95.7,98.6,72.5,95.5,False,False
29073,720575940616946971,CB2293,central,left,95.7,100.0,74.4,100.0,False,False
93956,720575940629509829,KCab,central,left,95.7,98.6,73.1,95.5,False,False
79227,720575940626930206,CB1630,central,right,95.7,98.6,75.0,100.0,False,False
78829,720575940626864414,KCg-m,central,right,95.7,100.0,75.6,100.0,False,False
38959,720575940619412596,KCab,central,right,95.7,100.0,74.4,95.5,False,False
38825,720575940619369198,KCg-m,central,right,95.7,98.6,75.0,100.0,False,False
18288,720575940613713704,KCg-m,central,right,95.7,95.7,72.5,95.5,False,False
66318,720575940624422643,CB2845,central,right,95.7,98.6,73.1,100.0,False,False
8289,720575940609935310,KCg-m,central,right,95.7,97.1,73.1,95.5,False,False
110705,720575940632951266,KCab,central,right,95.7,92.9,70.6,95.5,False,False
86888,720575940628211399,CB0934,central,left,95.7,98.6,73.8,95.5,False,False
34711,720575940618339777,KCg-m,central,right,95.7,100.0,73.8,100.0,False,False
125381,720575940638691200,KCg-m,central,left,95.7,100.0,75.0,95.5,False,False
125455,720575940638724186,KCab,central,left,95.7,98.6,73.8,95.5,False,False
44912,720575940620689524,v2LN38,central,left,95.7,100.0,75.6,100.0,False,False
65620,720575940624304432,ORN_DL5,sensory,right,95.7,98.6,74.4,100.0,False,False
65515,720575940624288520,KCg-m,central,right,95.7,100.0,75.0,100.0,False,False
109824,720575940632741728,LHAV2b1,central,right,95.7,95.7,71.9,100.0,False,False
86980,720575940628226604,KCab,central,left,95.7,100.0,73.1,100.0,False,False
12788,720575940611987240,KCab,central,right,95.7,97.1,72.5,95.5,False,False
52316,720575940621966827,KCab,central,left,95.7,94.3,72.5,100.0,False,False
1167,720575940604974978,CB1988,central,left,95.7,97.1,74.4,95.5,False,False
25567,720575940615959252,KCg-m,central,left,95.7,100.0,75.6,104.5,False,False
98832,720575940630475513,KCg-m,central,right,95.7,95.7,72.5,95.5,False,False
1001,720575940604833196,KCab,central,left,95.7,97.1,73.8,95.5,False,False
137115,720575940652109046,KCab,central,left,94.3,100.0,74.4,100.0,False,False
84627,720575940627822647,CB2561,central,left,94.3,97.1,71.9,100.0,False,False
108024,720575940632357284,KCg-m,central,right,94.3,100.0,75.0,100.0,False,False
24061,720575940615503170,LHAV2g5,central,left,94.3,97.1,73.1,100.0,False,False
135444,720575940646789428,KCg-m,central,left,94.3,97.1,71.9,95.5,False,False
95830,720575940629894391,KCg-m,central,left,94.3,95.7,73.8,100.0,False,False
57179,720575940622822378,KCg-m,central,left,94.3,98.6,72.5,95.5,False,False
127065,720575940639421555,KCg-m,central,left,94.3,98.6,73.1,100.0,False,False
40031,720575940619695553,KCg-m,central,right,94.3,97.1,71.2,95.5,False,False
13085,720575940612099053,KCg-m,central,left,94.3,98.6,73.1,95.5,False,False
17356,720575940613434530,KCg-m,central,left,94.3,98.6,72.5,95.5,False,False
102655,720575940631177035,KCab,central,right,94.3,97.1,72.5,95.5,False,False
3305,720575940606483723,KCab,central,right,94.3,95.7,71.2,95.5,False,False
66359,720575940624430060,CB1079,central,right,94.3,100.0,70.6,90.9,False,False
92572,720575940629236291,CB1219,central,right,94.3,97.1,72.5,100.0,False,False
3526,720575940606621362,KCg-m,central,right,94.3,97.1,71.9,95.5,False,False
111085,720575940633059381,TRN_VP1m,sensory,right,94.3,95.7,73.8,100.0,False,False
59216,720575940623170055,KCab,central,left,94.3,97.1,73.1,100.0,False,False
38850,720575940619376767,CB3447,central,right,94.3,95.7,71.2,95.5,False,False
116472,720575940634953055,KCg-m,central,left,94.3,100.0,73.1,95.5,False,False
93754,720575940629477180,KCab,central,left,94.3,98.6,72.5,100.0,False,False
29576,720575940617078489,CB1721,central,left,94.3,97.1,73.1,95.5,False,False
29684,720575940617109772,M_vPNml86,central,right,94.3,97.1,73.1,95.5,False,False
74783,720575940626086244,KCg-m,central,right,94.3,97.1,73.1,95.5,False,False
93825,720575940629488902,OA-AL2i3,visual_centrifugal,left,94.3,107.1,76.2,104.5,False,False
14812,720575940612661782,KCg-m,central,left,94.3,95.7,72.5,95.5,False,False
77839,720575940626698377,KCg-m,central,left,94.3,98.6,73.1,95.5,False,False
42825,720575940620303040,KCab,central,right,94.3,92.9,70.0,95.5,False,False
78001,720575940626729515,KCg-m,central,right,94.3,97.1,73.8,100.0,False,False
94213,720575940629561338,LHAV3h1,central,right,94.3,80.0,61.2,77.3,False,False
73411,720575940625823656,CB2772,central,right,94.3,97.1,71.9,95.5,False,False
24260,720575940615569723,KCg-m,central,right,94.3,98.6,73.8,100.0,False,False
38630,720575940619305808,KCg-m,central,right,94.3,97.1,73.1,95.5,False,False
72441,720575940625645968,KCg-m,central,left,94.3,94.3,71.2,95.5,False,False
115289,720575940634464869,KCab,central,right,94.3,95.7,73.1,95.5,False,False
59659,720575940623248883,"CB1141,CB1285",central,left,94.3,100.0,73.8,100.0,False,False
79225,720575940626930186,KCg-m,central,left,94.3,97.1,72.5,95.5,False,False
71951,720575940625534986,CB2293,central,right,94.3,98.6,71.9,95.5,False,False
22606,720575940615090444,KCg-m,central,left,94.3,97.1,71.9,100.0,False,False
18442,720575940613773566,KCg-m,central,right,94.3,97.1,72.5,100.0,False,False
40624,720575940619834965,KCg-m,central,right,94.3,98.6,72.5,95.5,False,False
75387,720575940626216317,KCg-m,central,left,94.3,94.3,72.5,95.5,False,False
25484,720575940615941062,CB1300,central,right,94.3,97.1,71.9,95.5,False,False
944,720575940604783136,DNg56,descending,left,94.3,97.1,73.1,95.5,False,False
26691,720575940616270453,KCab,central,left,94.3,97.1,71.9,95.5,False,False
52236,720575940621952425,KCg-m,central,left,94.3,98.6,74.4,100.0,False,False
56489,720575940622701808,PAM11,central,right,94.3,97.1,73.1,95.5,False,False
135787,720575940647328900,MBON10,central,right,94.3,97.1,72.5,100.0,False,False
64721,720575940624155672,LHPV5e1,central,left,94.3,94.3,73.1,95.5,False,False
106993,720575940632102284,CB2790,central,left,94.3,95.7,71.9,95.5,False,False
85101,720575940627906536,KCg-m,central,left,94.3,97.1,71.9,95.5,False,False
7047,720575940609218258,M_VPNml66,central,left,94.3,98.6,73.1,95.5,False,False
90543,720575940628844187,KCg-m,central,left,94.3,97.1,73.8,95.5,False,False
105164,720575940631687844,KCab,central,left,94.3,97.1,72.5,95.5,False,False
43551,720575940620454849,KCg-m,central,left,94.3,97.1,73.1,100.0,False,False
82352,720575940627418856,CB2983,central,right,94.3,95.7,72.5,95.5,False,False
4172,720575940607040881,LHPV4h1,central,left,94.3,98.6,71.9,95.5,False,False
103805,720575940631403335,KCg-m,central,left,94.3,98.6,74.4,100.0,False,False
60569,720575940623407850,KCg-m,central,left,94.3,98.6,73.8,100.0,False,False
94734,720575940629675595,KCab,central,left,94.3,92.9,69.4,90.9,False,False
28008,720575940616642790,lLN13,central,left,94.3,97.1,72.5,100.0,False,False
57853,720575940622949837,LHPV2b5,central,left,94.3,94.3,70.6,95.5,False,False
4381,720575940607208882,CB2064,central,left,94.3,95.7,71.9,95.5,False,False
115875,720575940634710879,CB1401,central,right,94.3,97.1,73.1,100.0,False,False
114951,720575940634325087,VM5d_adPN,central,right,94.3,97.1,73.1,95.5,False,False
129320,720575940640414683,KCab,central,left,94.3,97.1,71.9,95.5,False,False
5360,720575940607984651,KCg-m,central,right,94.3,97.1,70.6,95.5,False,False
82707,720575940627479829,KCg-m,central,right,94.3,97.1,74.4,100.0,False,False
43600,720575940620464204,KCab,central,right,94.3,92.9,70.0,90.9,False,False
107009,720575940632105809,KCg-m,central,left,94.3,97.1,73.8,100.0,False,False
61367,720575940623538951,LHAV2b1,central,right,94.3,95.7,74.4,95.5,False,False
4690,720575940607451081,DNge101,descending,left,94.3,97.1,74.4,95.5,False,False
83500,720575940627630154,KCab,central,right,94.3,94.3,70.6,95.5,False,False
123970,720575940638075967,CB2097,central,left,94.3,95.7,72.5,95.5,False,False
8970,720575940610336610,KCab,central,right,94.3,92.9,67.5,90.9,False,False
89694,720575940628697982,KCg-m,central,right,94.3,97.1,73.1,95.5,False,False
5878,720575940608344331,KCg-m,central,left,94.3,97.1,72.5,95.5,False,False
20399,720575940614441834,LAL099,central,left,94.3,95.7,71.2,95.5,False,False
6406,720575940608768213,KCg-m,central,right,94.3,98.6,73.1,100.0,False,False
112693,720575940633516980,KCab,central,right,94.3,92.9,70.0,95.5,False,False
88335,720575940628447491,KCg-m,central,right,94.3,97.1,73.8,100.0,False,False
106475,720575940631994439,KCg-m,central,left,94.3,97.1,72.5,95.5,False,False
1827,720575940605528422,KCg-m,central,left,94.3,100.0,75.0,95.5,False,False
1849,720575940605544370,KCab,central,left,94.3,91.4,66.9,90.9,False,False
28096,720575940616672822,KCab,central,right,94.3,98.6,74.4,100.0,False,False
73311,720575940625807108,KCab,central,right,94.3,98.6,73.1,100.0,False,False
121437,720575940636946398,KCg-m,central,left,94.3,98.6,74.4,100.0,False,False
58849,720575940623116012,KCg-m,central,left,94.3,98.6,74.4,100.0,False,False
5981,720575940608407049,KCg-m,central,left,94.3,95.7,73.1,95.5,False,False
64812,720575940624169255,SMP031,central,right,94.3,97.1,71.9,95.5,False,False
100895,720575940630849311,KCab,central,left,94.3,98.6,74.4,100.0,False,False
119882,720575940636242039,KCg-m,central,right,94.3,95.7,73.1,100.0,False,False
55269,720575940622474165,KCab,central,left,94.3,95.7,72.5,100.0,False,False
53080,720575940622102763,KCab,central,right,94.3,95.7,72.5,95.5,False,False
1145,720575940604962918,KCg-m,central,right,94.3,98.6,73.1,100.0,False,False
137154,720575940652342006,KCg-m,central,right,94.3,98.6,72.5,100.0,False,False
20891,720575940614606738,KCg-m,central,right,94.3,100.0,73.8,100.0,False,False
16744,720575940613233891,CB1701,central,left,94.3,95.7,73.1,100.0,False,False
58394,720575940623041772,KCg-m,central,left,94.3,97.1,73.8,100.0,False,False
28304,720575940616746891,KCab,central,left,94.3,97.1,72.5,95.5,False,False
9501,720575940610609075,KCab,central,left,94.3,98.6,73.8,95.5,False,False
83102,720575940627547153,KCg-m,central,left,94.3,97.1,73.1,100.0,False,False
68826,720575940624917432,CB1258,central,left,94.3,97.1,72.5,95.5,False,False
29443,720575940617038849,KCg-m,central,left,92.9,87.1,65.6,90.9,False,False
115870,720575940634709143,KCab,central,left,92.9,95.7,73.1,95.5,False,False
94379,720575940629594998,CB3013,central,right,92.9,97.1,72.5,100.0,False,False
73170,720575940625781009,KCg-m,central,left,92.9,97.1,71.2,95.5,False,False
72972,720575940625744466,KCab,central,left,92.9,91.4,68.1,90.9,False,False
4114,720575940606999682,CB1183,central,right,92.9,97.1,71.9,95.5,False,False
101325,720575940630932943,CB1503,central,right,92.9,94.3,71.2,95.5,False,False
94537,720575940629633406,KCab,central,left,92.9,95.7,71.9,95.5,False,False
92776,720575940629277687,KCg-m,central,right,92.9,91.4,70.0,95.5,False,False
38252,720575940619210375,ORN_D,sensory,right,92.9,95.7,71.9,95.5,False,False
38446,720575940619259477,KCg-m,central,right,92.9,95.7,73.1,100.0,False,False
4000,720575940606909195,KCg-m,central,left,92.9,97.1,71.9,95.5,False,False
93064,720575940629342458,KCg-m,central,left,92.9,95.7,72.5,100.0,False,False
72695,720575940625690140,KCg-m,central,right,92.9,97.1,71.2,95.5,False,False
72580,720575940625669660,KCg-m,central,left,92.9,94.3,70.6,95.5,False,False
60402,720575940623379091,KCg-m,central,left,92.9,94.3,72.5,100.0,False,False
38066,720575940619155541,KCab,central,left,92.9,97.1,71.9,95.5,False,False
78604,720575940626831705,CB1247,central,right,92.9,97.1,71.9,95.5,False,False
58995,720575940623137741,M_lPNm11C,central,left,92.9,95.7,71.2,100.0,False,False
3622,720575940606663625,KCg-m,central,left,92.9,97.1,72.5,95.5,False,False
8339,720575940609963248,KCg-m,central,left,92.9,97.1,72.5,95.5,False,False
44723,720575940620660207,CB1245,central,right,92.9,95.7,73.1,90.9,False,False
19122,720575940614033932,KCab,central,left,92.9,92.9,68.8,95.5,False,False
47253,720575940621090659,KCab,central,right,92.9,97.1,70.6,95.5,False,False
6569,720575940608888277,CB2851,central,left,92.9,94.3,71.2,95.5,False,False
47045,720575940621056577,KCg-m,central,right,92.9,92.9,68.8,90.9,False,False
35272,720575940618473808,KCg-m,central,left,92.9,95.7,73.1,95.5,False,False
64062,720575940624043784,LHPD4a1,central,left,92.9,95.7,71.2,95.5,False,False
2408,720575940605877728,CB1701,central,left,92.9,95.7,73.1,95.5,False,False
28441,720575940616786833,KCg-m,central,left,92.9,95.7,72.5,95.5,False,False
95165,720575940629765451,KCab,central,left,92.9,95.7,71.2,90.9,False,False
76704,720575940626486409,KCg-m,central,left,92.9,97.1,72.5,95.5,False,False
76970,720575940626540042,KCg-m,central,left,92.9,95.7,70.6,90.9,False,False
110902,720575940633004383,KCab,central,right,92.9,92.9,69.4,90.9,False,False
102171,720575940631089935,KCg-m,central,right,92.9,94.3,68.8,90.9,False,False
23092,720575940615221811,MBON10,central,right,92.9,97.1,71.9,95.5,False,False
102238,720575940631100175,KCg-m,central,left,92.9,94.3,71.9,100.0,False,False
58920,720575940623128456,CB1247,central,right,92.9,97.1,70.6,95.5,False,False
125986,720575940638963875,KCg-m,central,left,92.9,95.7,71.9,95.5,False,False
124873,720575940638474112,KCg-m,central,left,92.9,94.3,71.2,95.5,False,False
59198,720575940623166471,KCab,central,right,92.9,92.9,70.0,95.5,False,False
92571,720575940629236242,KCab,central,right,92.9,92.9,70.0,90.9,False,False
86084,720575940628072721,KCg-m,central,left,92.9,98.6,71.9,95.5,False,False
30298,720575940617290713,CB1843,central,right,92.9,97.1,70.6,95.5,False,False
92406,720575940629200631,KCg-m,central,left,92.9,95.7,70.6,95.5,False,False
103724,720575940631385057,LHPV2c2b,central,right,92.9,94.3,70.0,90.9,False,False
103502,720575940631335417,KCg-m,central,left,92.9,97.1,72.5,95.5,False,False
79392,720575940626959134,DM3_vPN,central,left,92.9,95.7,71.2,90.9,False,False
72117,720575940625572240,KCg-m,central,left,92.9,95.7,71.9,100.0,False,False
123459,720575940637835839,KCg-m,central,right,92.9,94.3,71.2,95.5,False,False
123591,720575940637898429,KCg-d,central,left,92.9,92.9,70.6,90.9,False,False
9043,720575940610378865,KCab,central,left,92.9,95.7,73.8,100.0,False,False
43549,720575940620454790,CB2854,central,right,92.9,97.1,72.5,95.5,False,False
105588,720575940631791672,KCg-m,central,left,92.9,95.7,71.9,95.5,False,False
62139,720575940623696647,PAM05,central,left,92.9,97.1,72.5,95.5,False,False
99967,720575940630687827,KCab,central,right,92.9,92.9,71.2,95.5,False,False
58364,720575940623036903,KCab,central,left,92.9,94.3,71.9,95.5,False,False
122514,720575940637446453,KCab,central,left,92.9,94.3,73.1,100.0,False,False
49255,720575940621441494,v2LN33,central,right,92.9,97.1,71.2,95.5,False,False
43330,720575940620413355,KCab,central,right,92.9,95.7,71.9,95.5,False,False
91278,720575940628983963,KCg-m,central,right,92.9,97.1,74.4,100.0,False,False
114432,720575940634113687,ATL003,central,left,92.9,95.7,73.1,100.0,False,False
14502,720575940612563454,KCg-m,central,right,92.9,95.7,71.9,95.5,False,False
27856,720575940616598555,KCab,central,left,92.9,94.3,70.0,95.5,False,False
114827,720575940634276506,CB1363,central,left,92.9,95.7,70.6,90.9,False,False
89689,720575940628697538,CB1857,central,right,92.9,95.7,71.2,95.5,False,False
68135,720575940624794611,CB2064,central,left,92.9,97.1,71.9,95.5,False,False
36003,720575940618654016,CB1860,central,left,92.9,98.6,71.9,95.5,False,False
32525,720575940617853524,KCg-m,central,left,92.9,97.1,72.5,100.0,False,False
127490,720575940639624253,KCab,central,left,92.9,94.3,69.4,90.9,False,False
32610,720575940617873984,KCg-m,central,right,92.9,95.7,70.6,90.9,False,False
107260,720575940632172591,KCg-m,central,right,92.9,97.1,71.2,95.5,False,False
127312,720575940639534909,KCab,central,left,92.9,98.6,72.5,95.5,False,False
48761,720575940621358472,KCg-m,central,left,92.9,95.7,70.6,95.5,False,False
130631,720575940641323405,LHAV2b7_b,central,left,92.9,95.7,71.2,95.5,False,False
123226,720575940637733702,KCg-m,central,right,92.9,92.9,70.6,95.5,False,False
22040,720575940614925963,KCab,central,right,92.9,92.9,69.4,90.9,False,False
68968,720575940624940814,KCg-m,central,right,92.9,95.7,72.5,95.5,False,False
63293,720575940623914954,KCg-m,central,right,92.9,95.7,71.9,95.5,False,False
128714,720575940640154240,CB2782,central,left,92.9,94.3,71.9,95.5,False,False
123485,720575940637846618,KCab,central,right,92.9,95.7,71.2,90.9,False,False
98501,720575940630415268,KCab,central,right,92.9,90.0,68.8,90.9,False,False
137729,720575940654926497,CB1929,central,right,92.9,95.7,71.9,95.5,False,False
136762,720575940650270710,KCab,central,right,92.9,91.4,68.1,90.9,False,False
98857,720575940630482796,LHPV6k2,central,right,92.9,98.6,72.5,100.0,False,False
119991,720575940636294110,KCab,central,left,92.9,97.1,71.9,95.5,False,False
74489,720575940626024323,LAL030d,central,right,92.9,94.3,71.2,95.5,False,False
3106,720575940606341250,KCg-m,central,right,92.9,95.7,71.9,100.0,False,False
100971,720575940630868271,PAM11,central,right,92.9,94.3,71.9,95.5,False,False
47760,720575940621179230,KCg-m,central,left,92.9,95.7,71.9,95.5,False,False
128707,720575940640151741,LHAV6a1,central,left,92.9,92.9,70.6,95.5,False,False
89832,720575940628725455,KCg-m,central,right,92.9,94.3,71.9,100.0,False,False
32194,720575940617769217,KCg-m,central,right,92.9,97.1,71.2,100.0,False,False
43767,720575940620495484,KCab,central,left,92.9,91.4,66.9,90.9,False,False
47990,720575940621226917,CB1870,central,left,92.9,97.1,71.9,100.0,False,False
137640,720575940654491553,KCg-m,central,right,92.9,94.3,70.6,90.9,False,False
138164,720575940659314817,KCab,central,right,92.9,94.3,71.2,95.5,False,False
85356,720575940627947792,KCg-m,central,left,92.9,94.3,70.0,95.5,False,False
110343,720575940632854498,SLP071,central,left,92.9,94.3,71.9,95.5,False,False
65469,720575940624280979,KCg-m,central,left,92.9,90.0,68.1,90.9,False,False
1295,720575940605083838,KCg-m,central,right,92.9,94.3,70.0,95.5,False,False
64736,720575940624157675,KCg-m,central,right,92.9,95.7,71.9,95.5,False,False
87126,720575940628251907,CB1546,central,right,92.9,95.7,72.5,95.5,False,False
684,720575940604478176,KCg-m,central,right,92.9,97.1,71.2,95.5,False,False
138353,720575940660271745,PAM10,central,left,92.9,97.1,71.9,100.0,False,False
52315,720575940621966369,KCg-m,central,left,92.9,95.7,71.9,95.5,False,False
51923,720575940621892122,KCg-m,central,right,92.9,97.1,72.5,95.5,False,False
52080,720575940621922910,KCg-m,central,left,92.9,97.1,72.5,95.5,False,False
45059,720575940620710822,M_vPNml83,central,left,92.9,94.3,70.6,95.5,False,False
119121,720575940635903118,PLP197,central,right,92.9,95.7,68.8,95.5,False,False
56111,720575940622637804,KCab,central,right,92.9,94.3,69.4,90.9,False,False
97164,720575940630149829,CB2977,central,right,92.9,95.7,70.6,95.5,False,False
52181,720575940621944583,KCg-m,central,right,92.9,94.3,72.5,95.5,False,False
97382,720575940630190411,CB2035,central,left,91.4,95.7,71.2,95.5,False,False
97267,720575940630168892,CB1031,central,left,91.4,95.7,72.5,95.5,False,False
99041,720575940630519035,KCg-m,central,left,91.4,92.9,71.2,90.9,False,False
26005,720575940616072665,KCg-m,central,left,91.4,95.7,71.2,90.9,False,False
76364,720575940626410392,CB3248,central,left,91.4,92.9,70.6,95.5,False,False
76427,720575940626425682,LAL030b,central,left,91.4,92.9,70.0,90.9,False,False
75308,720575940626196732,FB4O,central,right,91.4,97.1,71.9,95.5,False,False
40915,720575940619902117,CB3248,central,right,91.4,92.9,70.6,90.9,False,False
99523,720575940630608492,LHPD3a5,central,right,91.4,94.3,71.9,95.5,False,False
110096,720575940632803212,"CB1141,CB1285",central,right,91.4,94.3,70.0,90.9,False,False
109792,720575940632736045,KCg-m,central,right,91.4,94.3,69.4,90.9,False,False
65132,720575940624220621,CB3012,central,left,91.4,94.3,70.0,90.9,False,False
65378,720575940624265572,KCg-m,central,right,91.4,95.7,70.6,95.5,False,False
87358,720575940628295242,KCg-m,central,right,91.4,94.3,70.0,90.9,False,False
126403,720575940639126069,KCg-m,central,left,91.4,95.7,71.9,95.5,False,False
138503,720575940660912001,M_lvPNm27,central,right,91.4,94.3,71.2,95.5,False,False
366,720575940603882720,KCg-m,central,left,91.4,92.9,70.6,95.5,False,False
52762,720575940622054340,KCab,central,left,91.4,94.3,71.2,95.5,False,False
27376,720575940616462987,CB0854,central,left,91.4,95.7,70.0,95.5,False,False
54138,720575940622276365,KCab,central,right,91.4,91.4,68.1,86.4,False,False
118093,720575940635538039,KCab,central,left,91.4,95.7,70.6,95.5,False,False
75667,720575940626274822,KCab,central,right,91.4,94.3,71.2,95.5,False,False
137070,720575940651816950,KCab,central,right,91.4,91.4,68.1,90.9,False,False
54818,720575940622387981,PAM08,central,left,91.4,95.7,71.9,95.5,False,False
39328,720575940619522974,CL200,central,left,91.4,94.3,71.2,95.5,False,False
120357,720575940636477541,CB1874,central,left,91.4,92.9,70.0,95.5,False,False
134211,720575940645377668,KCg-m,central,right,91.4,94.3,70.0,95.5,False,False
6028,720575940608452617,KCg-m,central,left,91.4,95.7,71.9,95.5,False,False
6036,720575940608456715,KCg-m,central,right,91.4,92.9,68.8,90.9,False,False
17228,720575940613400785,KCab,central,left,91.4,92.9,69.4,95.5,False,False
9520,720575940610618341,KCab,central,left,91.4,94.3,70.6,95.5,False,False
89010,720575940628574715,KCab,central,right,91.4,91.4,69.4,95.5,False,False
106511,720575940632000993,CB1546,central,left,91.4,94.3,70.6,95.5,False,False
113215,720575940633677538,SMP495a,central,left,91.4,97.1,71.9,95.5,False,False
123493,720575940637849151,KCg-m,central,right,91.4,94.3,70.6,90.9,False,False
9863,720575940610772337,LHPV2f2,central,right,91.4,97.1,71.2,95.5,False,False
90450,720575940628825594,LHPV4a9,central,right,91.4,90.0,69.4,90.9,False,False
21469,720575940614749883,KCab,central,left,91.4,94.3,70.6,90.9,False,False
30998,720575940617473748,KCg-m,central,right,91.4,94.3,70.6,90.9,False,False
105750,720575940631835673,KCab,central,right,91.4,91.4,70.0,95.5,False,False
57941,720575940622965944,KCab,central,right,91.4,95.7,71.2,95.5,False,False
3089,720575940606331996,KCab,central,right,91.4,97.1,71.9,95.5,False,False
3095,720575940606335106,KCg-m,central,left,91.4,94.3,71.2,100.0,False,False
122435,720575940637407209,KCg-m,central,right,91.4,97.1,73.1,95.5,False,False
71684,720575940625484602,KCg-m,central,left,91.4,90.0,70.6,95.5,False,False
121432,720575940636944966,M_vPNml84,central,left,91.4,92.9,70.6,95.5,False,False
91501,720575940629022875,KCab,central,right,91.4,95.7,70.0,90.9,False,False
30915,720575940617452689,KCg-m,central,right,91.4,95.7,71.2,95.5,False,False
61200,720575940623510762,KCg-m,central,left,91.4,94.3,71.2,95.5,False,False
60920,720575940623464316,MBON24,central,right,91.4,91.4,68.1,86.4,False,False
114442,720575940634117216,KCab,central,right,91.4,90.0,68.1,86.4,False,False
15684,720575940612918930,KCg-m,central,left,91.4,92.9,71.9,95.5,False,False
123115,720575940637683790,KCab,central,left,91.4,94.3,70.6,90.9,False,False
70921,720575940625329029,KCab,central,right,91.4,91.4,68.1,90.9,False,False
48767,720575940621359142,KCab,central,right,91.4,97.1,72.5,95.5,False,False
61051,720575940623488270,KCg-m,central,right,91.4,94.3,70.6,95.5,False,False
104865,720575940631621689,KCg-m,central,right,91.4,95.7,71.2,95.5,False,False
89691,720575940628697872,KCg-m,central,left,91.4,95.7,70.0,95.5,False,False
32447,720575940617834560,KCg-m,central,right,91.4,95.7,71.2,95.5,False,False
112832,720575940633560545,KCg-m,central,right,91.4,95.7,71.2,95.5,False,False
112795,720575940633551540,KCab,central,right,91.4,92.9,70.0,90.9,False,False
83769,720575940627677258,TRN_VP3a,sensory,right,91.4,94.3,71.2,95.5,False,False
124067,720575940638115817,CB1219,central,left,91.4,92.9,70.6,95.5,False,False
32691,720575940617893461,KCab,central,right,91.4,91.4,68.8,90.9,False,False
52065,720575940621920746,KCab,central,left,91.4,94.3,71.2,90.9,False,False
52077,720575940621922398,KCab,central,right,91.4,95.7,70.6,95.5,False,False
76842,720575940626513027,KCg-m,central,right,91.4,95.7,71.2,95.5,False,False
50962,720575940621730175,KCg-m,central,left,91.4,95.7,71.2,95.5,False,False
94276,720575940629574615,CB1006,central,left,91.4,94.3,70.6,90.9,False,False
42029,720575940620129415,LHAD2d1,central,right,91.4,92.9,70.0,100.0,False,False
39053,720575940619435399,KCab,central,right,91.4,95.7,72.5,95.5,False,False
78308,720575940626782845,KCg-m,central,left,91.4,95.7,71.9,95.5,False,False
78165,720575940626757209,KCab,central,left,91.4,94.3,71.9,95.5,False,False
39312,720575940619516144,KCab,central,right,91.4,95.7,70.6,95.5,False,False
49690,720575940621521663,KCg-m,central,left,91.4,95.7,71.9,95.5,False,False
38029,720575940619147349,KCab,central,right,91.4,94.3,68.8,90.9,False,False
43022,720575940620341931,PAM07,central,right,91.4,95.7,70.6,95.5,False,False
14577,720575940612586211,CB1515,central,right,91.4,92.9,70.0,95.5,False,False
72485,720575940625655088,KCg-m,central,left,91.4,97.1,71.9,95.5,False,False
116215,720575940634849375,KCg-m,central,right,91.4,92.9,70.0,90.9,False,False
116088,720575940634800282,KCab,central,right,91.4,92.9,70.0,90.9,False,False
122423,720575940637402995,KCg-m,central,left,91.4,98.6,73.1,100.0,False,False
72091,720575940625568186,PAM08,central,left,91.4,95.7,70.6,95.5,False,False
42516,720575940620229729,KCab,central,left,91.4,94.3,70.6,95.5,False,False
42485,720575940620225264,KCg-d,central,left,91.4,94.3,70.6,95.5,False,False
92697,720575940629261143,KCab,central,left,91.4,94.3,69.4,90.9,False,False
110636,720575940632930458,KCab,central,right,91.4,92.9,69.4,90.9,False,False
110577,720575940632913461,TRN_VP1m,sensory,right,91.4,94.3,67.5,95.5,False,False
66304,720575940624419820,KCg-m,central,left,91.4,88.6,67.5,90.9,False,False
111363,720575940633146007,KCg-m,central,right,91.4,95.7,70.0,95.5,False,False
111396,720575940633155226,KCab,central,left,91.4,94.3,70.6,95.5,False,False
111223,720575940633102361,KCg-m,central,left,91.4,95.7,72.5,95.5,False,False
3410,720575940606549961,KCab,central,right,91.4,91.4,69.4,95.5,False,False
49905,720575940621560052,KCg-m,central,right,91.4,94.3,71.9,95.5,False,False
22968,720575940615193100,KCg-m,central,right,91.4,92.9,71.2,95.5,False,False
116377,720575940634915691,DNg39,descending,right,91.4,95.7,71.2,95.5,False,False
38932,720575940619404982,KCab,central,right,91.4,92.9,69.4,95.5,False,False
39808,720575940619649109,KCab,central,left,91.4,92.9,70.6,90.9,False,False
119241,720575940635952782,CB0131,central,right,91.4,95.7,70.6,95.5,False,False
74816,720575940626091602,M_vPNml64,central,left,91.4,94.3,70.6,95.5,False,False
101026,720575940630881111,LHAV7a3,central,right,91.4,94.3,70.0,90.9,False,False
57467,720575940622882829,KCg-m,central,left,91.4,94.3,71.2,95.5,False,False
23842,720575940615438402,LHPV1c2,central,right,91.4,97.1,69.4,95.5,False,False
44564,720575940620634537,HRN_VP4,sensory,left,91.4,95.7,70.6,95.5,False,False
32975,720575940617963480,KCg-m,central,right,91.4,95.7,71.2,95.5,False,False
114,720575940603050668,KCab,central,right,91.4,91.4,68.8,95.5,False,False
1784,720575940605488416,KCg-m,central,right,90.0,92.9,70.0,90.9,False,False
423,720575940603984486,KCab,central,left,90.0,91.4,68.8,90.9,False,False
53285,720575940622132137,CB3304,central,left,90.0,94.3,70.0,95.5,False,False
96499,720575940630013228,CB1305,central,right,90.0,91.4,69.4,95.5,False,False
1325,720575940605113376,PAM08,central,right,90.0,94.3,71.2,95.5,False,False
57261,720575940622839956,KCg-m,central,left,90.0,92.9,68.8,95.5,False,False
499,720575940604131296,KCg-m,central,left,90.0,91.4,67.5,90.9,False,False
60594,720575940623413898,KCg-m,central,right,90.0,91.4,68.1,90.9,False,False
42581,720575940620244719,CB3036,central,right,90.0,92.9,70.0,90.9,False,False
133289,720575940644592494,KCg-m,central,right,90.0,91.4,69.4,90.9,False,False
115449,720575940634546807,KCg-m,central,left,90.0,92.9,69.4,95.5,False,False
49084,720575940621411822,KCab,central,left,90.0,91.4,69.4,90.9,False,False
30693,720575940617390036,KCg-m,central,right,90.0,92.9,69.4,95.5,False,False
113953,720575940633911959,KCg-m,central,right,90.0,94.3,70.6,95.5,False,False
30542,720575940617351057,KCg-m,central,left,90.0,92.9,69.4,95.5,False,False
113874,720575940633886765,KCab,central,right,90.0,92.9,69.4,95.5,False,False
25343,720575940615896989,KCab,central,right,90.0,88.6,67.5,90.9,False,False
125479,720575940638731427,lLN13,central,right,90.0,91.4,69.4,90.9,False,False
34359,720575940618258742,KCab,central,right,90.0,91.4,68.8,86.4,False,False
1919,720575940605606274,KCg-m,central,right,90.0,92.9,69.4,90.9,False,False
104046,720575940631451449,LHAD1a1,central,left,90.0,87.1,63.1,81.8,False,False
120132,720575940636353934,KCab,central,left,90.0,92.9,70.0,95.5,False,False
122858,720575940637594995,KCab,central,right,90.0,94.3,70.0,95.5,False,False
14626,720575940612602163,KCab,central,left,90.0,92.9,68.8,86.4,False,False
93124,720575940629356599,KCab,central,left,90.0,95.7,70.0,95.5,False,False
121837,720575940637143262,KCg-m,central,left,90.0,92.9,69.4,90.9,False,False
121686,720575940637067888,LHAV4a4,central,right,90.0,91.4,68.8,90.9,False,False
107927,720575940632335129,KCg-m,central,left,90.0,92.9,68.1,90.9,False,False
6454,720575940608806776,KCab,central,right,90.0,94.3,69.4,90.9,False,False
32536,720575940617855133,KCg-m,central,right,90.0,91.4,68.1,90.9,False,False
113711,720575940633831264,v2LN38,central,right,90.0,92.9,70.0,95.5,False,False
44368,720575940620603233,CB1799,central,right,90.0,92.9,68.8,90.9,False,False
1949,720575940605627057,KCab,central,right,90.0,91.4,68.1,90.9,False,False
95618,720575940629855340,KCg-m,central,right,90.0,92.9,70.6,90.9,False,False
28799,720575940616878238,KCab,central,right,90.0,91.4,68.1,86.4,False,False
23874,720575940615447764,KCg-m,central,right,90.0,92.9,69.4,90.9,False,False
84871,720575940627865644,CB1201,central,right,90.0,92.9,70.0,95.5,False,False
84735,720575940627842308,CB3048,central,left,90.0,91.4,68.1,95.5,False,False
18033,720575940613635737,OA-VUMa6,central,center,90.0,91.4,66.2,86.4,False,False
110892,720575940633002040,KCg-m,central,left,90.0,92.9,69.4,90.9,False,False
67320,720575940624629223,PAM07,central,left,90.0,94.3,70.0,95.5,False,False
67332,720575940624631700,CB1953,central,left,90.0,92.9,69.4,95.5,False,False
124998,720575940638528053,CB2151,central,right,90.0,95.7,70.6,95.5,False,False
65199,720575940624232974,KCab,central,right,90.0,87.1,65.0,86.4,False,False
108533,720575940632447827,KCg-m,central,left,90.0,88.6,68.8,90.9,False,False
107360,720575940632197935,KCg-m,central,right,90.0,94.3,69.4,90.9,False,False
34990,720575940618405848,LAL030c,central,left,90.0,95.7,68.8,90.9,False,False
87690,720575940628346194,VP1l+_lvPN,central,left,90.0,92.9,70.0,95.5,False,False
84446,720575940627790991,DNge138,descending,center,90.0,94.3,69.4,95.5,False,False
58168,720575940623004429,KCg-m,central,left,90.0,94.3,70.6,95.5,False,False
47246,720575940621089780,CB1546,central,left,90.0,91.4,68.8,90.9,False,False
130022,720575940640794483,CB1401,central,right,90.0,90.0,67.5,86.4,False,False
68973,720575940624941326,KCg-m,central,right,90.0,92.9,70.0,90.9,False,False
26853,720575940616311513,ORN_D,sensory,right,90.0,92.9,68.8,95.5,False,False
75544,720575940626250568,KCg-m,central,left,90.0,95.7,70.6,95.5,False,False
98245,720575940630359290,LHPV2i1b,central,left,90.0,94.3,69.4,100.0,False,False
56088,720575940622633716,DNge041,descending,left,90.0,95.7,71.9,100.0,False,False
138099,720575940658726785,KCg-m,central,left,90.0,91.4,70.6,90.9,False,False
138223,720575940659754625,KCg-m,central,left,90.0,91.4,67.5,90.9,False,False
99242,720575940630559225,KCg-m,central,left,90.0,91.4,70.0,95.5,False,False
28176,720575940616702262,KCg-m,central,right,90.0,92.9,70.6,95.5,False,False
28067,720575940616663769,KCab,central,left,90.0,91.4,68.1,90.9,False,False
100438,720575940630767703,KCg-m,central,left,90.0,91.4,70.6,95.5,False,False
57220,720575940622830856,KCg-m,central,left,90.0,94.3,71.2,95.5,False,False
44898,720575940620687832,CB2185,central,left,90.0,92.9,69.4,90.9,False,False
85963,720575940628050950,FB1H,central,left,90.0,94.3,69.4,95.5,False,False
76822,720575940626510211,KCab,central,right,90.0,92.9,70.0,90.9,False,False
117483,720575940635288943,KCg-m,central,right,90.0,92.9,70.0,95.5,False,False
1863,720575940605551038,KCg-m,central,left,90.0,92.9,68.8,90.9,False,False
55144,720575940622451273,KCg-m,central,right,90.0,92.9,70.0,95.5,False,False
45740,720575940620828912,KCg-m,central,right,90.0,91.4,69.4,90.9,False,False
67181,720575940624599939,KCab,central,right,90.0,90.0,66.2,90.9,False,False
66162,720575940624392220,KCab,central,right,90.0,94.3,69.4,90.9,False,False
118435,720575940635651735,KCg-m,central,left,90.0,92.9,68.8,90.9,False,False
119748,720575940636171383,KCg-m,central,left,90.0,92.9,68.8,90.9,False,False
40882,720575940619895329,KCg-m,central,right,90.0,92.9,70.6,95.5,False,False
36437,720575940618755494,CB1701,central,right,90.0,92.9,69.4,90.9,False,False
36264,720575940618714351,KCab,central,left,90.0,91.4,70.0,95.5,False,False
78362,720575940626792778,KCab,central,right,90.0,92.9,70.6,90.9,False,False
42226,720575940620172397,KCab,central,right,90.0,92.9,69.4,90.9,False,False
39083,720575940619443376,KCab,central,left,90.0,87.1,67.5,86.4,False,False
39761,720575940619637845,KCg-m,central,left,90.0,92.9,71.9,95.5,False,False
39542,720575940619587009,KCab,central,right,90.0,94.3,68.8,90.9,False,False
9513,720575940610614757,KCab,central,left,90.0,92.9,71.9,95.5,False,False
73071,720575940625763601,KCg-m,central,left,90.0,92.9,70.0,95.5,False,False
121255,720575940636877936,KCg-m,central,right,90.0,92.9,70.6,95.5,False,False
9870,720575940610774451,KCg-m,central,left,90.0,91.4,70.0,95.5,False,False
58567,720575940623067114,KCg-m,central,left,90.0,94.3,70.0,95.5,False,False
63084,720575940623881872,KCab,central,left,90.0,85.7,65.6,86.4,False,False
11145,720575940611373262,CB3061,central,right,90.0,97.1,71.2,95.5,False,False
83176,720575940627559759,KCab,central,left,90.0,91.4,68.8,90.9,False,False
105485,720575940631763257,KCg-m,central,left,90.0,92.9,69.4,90.9,False,False
12091,720575940611733997,KCg-m,central,right,90.0,94.3,70.6,95.5,False,False
16958,720575940613303471,LAL142,central,right,90.0,92.9,71.2,100.0,False,False
68429,720575940624851864,KCg-m,central,right,90.0,92.9,69.4,90.9,False,False
68372,720575940624839257,KCg-m,central,left,90.0,92.9,69.4,90.9,False,False
47749,720575940621176670,KCab,central,right,90.0,91.4,68.1,90.9,False,False
63613,720575940623972533,CB3185,central,right,90.0,94.3,68.8,95.5,False,False
113079,720575940633631396,OA-VUMa1,central,center,90.0,94.3,66.2,90.9,False,False
83428,720575940627615400,KCab,central,right,90.0,91.4,68.1,90.9,False,False
112796,720575940633552028,CB1321,central,left,90.0,94.3,71.9,95.5,False,False
89572,720575940628675644,KCab,central,left,90.0,92.9,69.4,90.9,False,False
6231,720575940608621614,KCab,central,right,90.0,92.9,70.0,90.9,False,False
68931,720575940624934800,KCg-m,central,left,90.0,91.4,68.1,90.9,False,False
116773,720575940635068255,CB1664,central,right,90.0,92.9,70.6,90.9,False,False
32378,720575940617819170,CB3408,central,left,90.0,91.4,68.8,90.9,False,False
90332,720575940628808186,KCg-m,central,left,90.0,94.3,70.6,95.5,False,False
67629,720575940624695566,CB1031,central,right,90.0,91.4,68.8,95.5,False,False
21876,720575940614866235,LHAV4i1,central,right,90.0,92.9,69.4,90.9,False,False
90268,720575940628798799,KCab,central,left,90.0,94.3,71.2,95.5,False,False
130667,720575940641362907,KCg-m,central,right,90.0,92.9,68.1,90.9,False,False
29219,720575940616984588,OA-AL2i3,visual_centrifugal,left,90.0,98.6,73.8,95.5,False,False
56153,720575940622647501,KCg-m,central,left,90.0,92.9,70.0,95.5,False,False
56129,720575940622641132,KCab,central,right,90.0,92.9,68.1,90.9,False,False
37095,720575940618926319,KCg-m,central,left,90.0,94.3,71.2,95.5,False,False
38415,720575940619251416,PAM08,central,left,90.0,94.3,70.6,95.5,False,False
38453,720575940619260737,KCab,central,left,90.0,90.0,66.9,86.4,False,False
47218,720575940621086134,KCg-m,central,right,88.6,90.0,67.5,90.9,False,False
93166,720575940629365804,KCab,central,right,88.6,91.4,68.1,90.9,False,False
30179,720575940617257985,AVLP086,central,right,88.6,94.3,71.2,100.0,False,False
78285,720575940626779722,KCg-m,central,left,88.6,92.9,69.4,90.9,False,False
28370,720575940616766294,CB1003,central,left,88.6,90.0,68.8,90.9,False,False
51789,720575940621864965,KCg-m,central,right,88.6,94.3,70.0,90.9,False,False
94794,720575940629688375,PLP067b,central,left,88.6,91.4,68.1,90.9,False,False
58164,720575940623003917,KCg-m,central,right,88.6,92.9,68.8,90.9,False,False
6444,720575940608801749,KCg-m,central,right,88.6,92.9,68.1,90.9,False,False
35593,720575940618551481,LHPV4m1,central,left,88.6,92.9,69.4,100.0,False,False
35434,720575940618512624,TRN_VP1m,sensory,left,88.6,92.9,71.2,95.5,False,False
95620,720575940629855596,KCg-m,central,right,88.6,92.9,69.4,90.9,False,False
46643,720575940620981072,SLP004,central,left,88.6,87.1,67.5,86.4,False,False
19109,720575940614027059,KCab,central,right,88.6,91.4,68.1,90.9,False,False
6955,720575940609153746,KCab,central,right,88.6,90.0,66.9,90.9,False,False
108490,720575940632437412,CB2064,central,left,88.6,91.4,68.8,90.9,False,False
84993,720575940627888144,VES001,central,left,88.6,97.1,72.5,100.0,False,False
454,720575940604050110,KCab,central,left,88.6,91.4,68.1,90.9,False,False
123907,720575940638053693,KCg-m,central,left,88.6,90.0,68.1,90.9,False,False
101171,720575940630906029,KCab,central,right,88.6,90.0,67.5,86.4,False,False
88279,720575940628436282,DNge075,descending,right,88.6,91.4,68.8,90.9,False,False
106859,720575940632077127,KCg-m,central,right,88.6,91.4,68.8,90.9,False,False
7849,720575940609684946,KCab,central,right,88.6,91.4,67.5,86.4,False,False
8398,720575940609999217,KCab,central,right,88.6,87.1,66.9,90.9,False,False
94552,720575940629638211,KCab,central,right,88.6,91.4,69.4,95.5,False,False
127431,720575940639594611,CB3228,central,left,88.6,91.4,67.5,90.9,False,False
84547,720575940627808122,CB2357,central,right,88.6,90.0,68.8,90.9,False,False
11480,720575940611502309,CB1031,central,right,88.6,90.0,68.1,86.4,False,False
87421,720575940628304113,KCg-m,central,left,88.6,92.9,68.1,90.9,False,False
33206,720575940618015773,KCg-m,central,right,88.6,90.0,67.5,90.9,False,False
87225,720575940628269391,KCg-m,central,right,88.6,91.4,68.1,90.9,False,False
124853,720575940638467200,KCab,central,left,88.6,88.6,66.9,90.9,False,False
71289,720575940625404197,KCab,central,left,88.6,90.0,68.1,86.4,False,False
80130,720575940627075977,CB2945,central,left,88.6,92.9,68.1,95.5,False,False
10350,720575940611013785,KCg-m,central,left,88.6,94.3,69.4,90.9,False,False
98639,720575940630440808,KCg-m,central,left,88.6,90.0,67.5,86.4,False,False
60351,720575940623368940,KCg-m,central,left,88.6,91.4,68.1,90.9,False,False
1678,720575940605407846,KCg-m,central,right,88.6,92.9,69.4,95.5,False,False
137740,720575940654970529,LHAV3g2,central,left,88.6,92.9,68.8,86.4,False,False
54091,720575940622269365,KCab,central,left,88.6,91.4,69.4,95.5,False,False
53962,720575940622245708,KCg-m,central,left,88.6,91.4,71.2,95.5,False,False
25817,720575940616020795,VM5d_adPN,central,right,88.6,92.9,66.9,86.4,False,False
138241,720575940659844225,"CB1141,CB1285",central,left,88.6,91.4,68.8,90.9,False,False
60209,720575940623344821,KCg-m,central,left,88.6,90.0,68.1,86.4,False,False
131302,720575940642106824,KCg-m,central,left,88.6,92.9,68.8,90.9,False,False
10196,720575940610946730,KCab,central,right,88.6,90.0,67.5,90.9,False,False
30614,720575940617370324,KCab,central,left,88.6,88.6,66.2,86.4,False,False
80126,720575940627075407,KCab,central,left,88.6,91.4,69.4,90.9,False,False
95785,720575940629884715,CB1513,central,left,88.6,91.4,69.4,90.9,False,False
8211,720575940609892932,CB1305,central,left,88.6,90.0,68.8,90.9,False,False
74720,720575940626075079,KCg-m,central,right,88.6,90.0,69.4,90.9,False,False
3796,720575940606747593,KCab,central,left,88.6,91.4,68.1,90.9,False,False
9725,720575940610711250,SMP114,central,right,88.6,95.7,70.6,100.0,False,False
91670,720575940629056411,CB1173,central,left,88.6,91.4,68.8,90.9,False,False
25300,720575940615885661,KCab,central,left,88.6,90.0,67.5,90.9,False,False
75145,720575940626161551,KCab,central,left,88.6,90.0,68.1,90.9,False,False
8338,720575940609962389,CB2703,central,left,88.6,92.9,68.1,90.9,False,False
84902,720575940627869928,KCg-m,central,left,88.6,91.4,66.9,90.9,False,False
51825,720575940621873246,KCg-m,central,right,88.6,90.0,68.8,90.9,False,False
133159,720575940644448292,KCg-m,central,left,88.6,91.4,70.6,95.5,False,False
79778,720575940627020933,KCab,central,right,88.6,90.0,68.1,90.9,False,False
82818,720575940627498152,CB1667,central,right,88.6,91.4,66.9,90.9,False,False
83215,720575940627568646,KCg-m,central,right,88.6,92.9,68.8,90.9,False,False
72167,720575940625584265,CB2819,central,left,88.6,92.9,67.5,90.9,False,False
116538,720575940634976174,CB3447,central,left,88.6,88.6,65.0,86.4,False,False
51182,720575940621765708,M_vPNml63,central,right,88.6,92.9,68.8,90.9,False,False
11561,720575940611532949,KCg-m,central,right,88.6,91.4,69.4,90.9,False,False
58786,720575940623104973,CB1210,central,left,88.6,91.4,68.8,90.9,False,False
120464,720575940636521573,CB3013,central,right,88.6,90.0,68.1,86.4,False,False
120893,720575940636698286,KCg-m,central,left,88.6,92.9,69.4,90.9,False,False
43396,720575940620424641,KCg-m,central,right,88.6,92.9,69.4,90.9,False,False
120548,720575940636553646,KCg-m,central,right,88.6,91.4,69.4,90.9,False,False
83353,720575940627595848,KCg-m,central,right,88.6,91.4,68.8,95.5,False,False
127735,720575940639726555,KCab,central,right,88.6,87.1,64.4,86.4,False,False
116970,720575940635128089,CB3205,central,left,88.6,92.9,68.8,95.5,False,False
106091,720575940631919756,KCg-m,central,left,88.6,90.0,67.5,86.4,False,False
70735,720575940625292606,KCg-m,central,right,88.6,91.4,69.4,90.9,False,False
131791,720575940642638024,KCg-m,central,left,88.6,91.4,67.5,90.9,False,False
16694,720575940613218344,KCg-m,central,left,88.6,92.9,68.8,95.5,False,False
38451,720575940619259886,KCg-m,central,left,88.6,90.0,68.1,90.9,False,False
79264,720575940626937347,KCg-d,central,right,88.6,91.4,68.8,90.9,False,False
36985,720575940618894246,KCab,central,right,88.6,85.7,63.1,86.4,False,False
49860,720575940621552116,KCg-m,central,right,88.6,94.3,70.0,90.9,False,False
3939,720575940606853250,KCg-m,central,left,88.6,91.4,67.5,90.9,False,False
132723,720575940643977508,KCg-m,central,left,88.6,94.3,68.8,90.9,False,False
48057,720575940621236596,LHAV3k6,central,left,88.6,81.4,61.9,81.8,False,False
128047,720575940639859840,KCg-m,central,left,88.6,92.9,69.4,95.5,False,False
67680,720575940624704002,KCab,central,right,88.6,90.0,65.6,86.4,False,False
9580,720575940610647416,MBON10,central,right,88.6,90.0,66.9,86.4,False,False
90478,720575940628831938,CB1106,central,right,88.6,85.7,64.4,81.8,False,False
43245,720575940620390848,LHAD1a4a,central,right,88.6,92.9,69.4,90.9,False,False
56625,720575940622723683,KCg-m,central,right,88.6,90.0,67.5,90.9,False,False
53008,720575940622089761,AVLP015,central,left,88.6,92.9,67.5,86.4,False,False
119720,720575940636159198,KCg-m,central,right,88.6,94.3,70.0,95.5,False,False
119683,720575940636148325,SLP391,central,right,88.6,94.3,69.4,90.9,False,False
26253,720575940616140475,LHPV2a5,central,left,88.6,91.4,67.5,86.4,False,False
137098,720575940652035830,KCg-m,central,left,88.6,88.6,68.8,90.9,False,False
1148,720575940604963942,KCg-m,central,right,88.6,91.4,67.5,90.9,False,False
53463,720575940622162505,KCg-m,central,right,88.6,91.4,68.1,90.9,False,False
31377,720575940617567390,KCg-m,central,left,88.6,91.4,68.8,90.9,False,False
37460,720575940619008192,KCab,central,left,88.6,91.4,69.4,90.9,False,False
31356,720575940617561669,ALON3,central,left,88.6,90.0,68.8,86.4,False,False
105170,720575940631688808,PAM01,central,left,88.6,91.4,68.1,90.9,False,False
47817,720575940621189637,KCab,central,right,88.6,91.4,67.5,90.9,False,False
5624,720575940608177929,CB3283,central,left,88.6,90.0,68.8,90.9,False,False
3634,720575940606667977,KCg-m,central,right,88.6,91.4,68.1,90.9,False,False
31713,720575940617648507,KCg-m,central,left,88.6,91.4,70.0,95.5,False,False
14358,720575940612521166,CB3185,central,right,88.6,90.0,68.8,90.9,False,False
29701,720575940617112123,KCab,central,left,88.6,88.6,67.5,90.9,False,False
72180,720575940625586122,M_smPNm1,central,left,88.6,92.9,70.6,100.0,False,False
23786,720575940615422786,CB3393,central,right,88.6,92.9,70.0,90.9,False,False
12429,720575940611856498,M_lvPNm41,central,right,88.6,88.6,68.8,90.9,False,False
67162,720575940624597228,KCg-m,central,right,88.6,92.9,69.4,95.5,False,False
66673,720575940624494373,KCg-m,central,right,88.6,91.4,69.4,90.9,False,False
8178,720575940609871253,KCab,central,right,88.6,91.4,68.8,90.9,False,False
45409,720575940620767709,KCab,central,left,88.6,91.4,70.0,90.9,False,False
76900,720575940626526218,KCab,central,right,88.6,90.0,67.5,90.9,False,False
117310,720575940635229591,AVLP594,central,right,88.6,94.3,68.8,90.9,False,False
13128,720575940612110042,CB2534,central,right,88.6,90.0,65.6,86.4,False,False
86219,720575940628094663,PAM07,central,left,88.6,91.4,68.8,95.5,False,False
76949,720575940626536714,KCg-m,central,right,88.6,91.4,69.4,90.9,False,False
124877,720575940638475573,ORN_D,sensory,right,88.6,91.4,68.8,90.9,False,False
135300,720575940646602372,KCg-m,central,right,88.6,91.4,68.8,90.9,False,False
120182,720575940636375653,KCab,central,right,87.1,88.6,66.9,90.9,False,False
44497,720575940620623201,KCg-m,central,left,87.1,91.4,68.1,90.9,False,False
44532,720575940620628463,CB2534,central,left,87.1,88.6,66.9,86.4,False,False
66986,720575940624565788,KCg-m,central,left,87.1,88.6,67.5,90.9,False,False
85630,720575940627996285,OA-AL2b2,visual_centrifugal,left,87.1,91.4,69.4,95.5,False,False
110759,720575940632964704,KCg-m,central,left,87.1,88.6,66.9,86.4,False,False
17441,720575940613463471,LAL114,central,right,87.1,90.0,68.8,90.9,False,False
126231,720575940639056061,KCg-m,central,right,87.1,90.0,66.2,86.4,False,False
115501,720575940634575796,LHPV5e2,central,right,87.1,87.1,66.9,90.9,False,False
52735,720575940622050186,KCg-m,central,right,87.1,90.0,66.9,90.9,False,False
56090,720575940622634973,CB2791,central,left,87.1,88.6,64.4,81.8,False,False
39846,720575940619658433,KCg-m,central,right,87.1,90.0,67.5,86.4,False,False
75427,720575940626223633,KCg-m,central,left,87.1,88.6,67.5,90.9,False,False
40668,720575940619844261,PAM08,central,left,87.1,90.0,68.1,90.9,False,False
56041,720575940622628104,KCab,central,left,87.1,91.4,66.9,90.9,False,False
27275,720575940616428917,KCg-m,central,left,87.1,90.0,66.2,90.9,False,False
98122,720575940630332278,LHPV2f2,central,right,87.1,92.9,69.4,95.5,False,False
54150,720575940622278157,KCg-m,central,left,87.1,88.6,65.0,86.4,False,False
76892,720575940626524056,ATL003,central,right,87.1,85.7,63.7,90.9,False,False
113450,720575940633754804,KCab,central,left,87.1,87.1,67.5,90.9,False,False
130860,720575940641560205,CRE017,central,left,87.1,91.4,66.9,90.9,False,False
81550,720575940627287306,CB2097,central,right,87.1,81.4,63.7,86.4,False,False
5952,720575940608386315,KCg-m,central,right,87.1,91.4,68.8,90.9,False,False
101812,720575940631017124,KCab,central,left,87.1,91.4,67.5,90.9,False,False
23993,720575940615481489,KCab,central,right,87.1,87.1,65.0,86.4,False,False
72170,720575940625584688,KCab,central,right,87.1,88.6,66.2,86.4,False,False
93940,720575940629507450,KCg-m,central,right,87.1,90.0,66.9,90.9,False,False
42253,720575940620177517,KCg-m,central,left,87.1,90.0,67.5,90.9,False,False
128380,720575940640007296,CB1296,central,left,87.1,87.1,65.0,86.4,False,False
83277,720575940627581700,KCab,central,left,87.1,90.0,67.5,90.9,False,False
28985,720575940616923195,,central,left,87.1,90.0,66.9,90.9,False,False
51067,720575940621749253,KCg-m,central,left,87.1,91.4,67.5,86.4,False,False
134065,720575940645220718,KCg-m,central,left,87.1,90.0,67.5,90.9,False,False
41696,720575940620058236,KCab,central,right,87.1,91.4,66.9,90.9,False,False
9966,720575940610833250,KCg-m,central,left,87.1,88.6,68.8,90.9,False,False
43482,720575940620442885,KCab,central,left,87.1,90.0,66.9,86.4,False,False
6122,720575940608537027,KCg-m,central,left,87.1,90.0,67.5,90.9,False,False
9672,720575940610690162,KCab,central,right,87.1,87.1,65.0,81.8,False,False
107264,720575940632173103,KCg-m,central,right,87.1,91.4,68.1,90.9,False,False
64020,720575940624036339,KCg-m,central,left,87.1,90.0,67.5,90.9,False,False
63669,720575940623981385,KCg-m,central,right,87.1,90.0,67.5,90.9,False,False
113022,720575940633613794,LHAV4g1b,central,right,87.1,87.1,65.6,86.4,False,False
67718,720575940624711610,LHPV1c1,central,right,87.1,88.6,67.5,90.9,False,False
62752,720575940623822261,KCg-m,central,right,87.1,90.0,67.5,90.9,False,False
15470,720575940612857878,PAM08,central,right,87.1,90.0,68.8,90.9,False,False
80979,720575940627197971,LHPV7a2,central,right,87.1,90.0,66.9,90.9,False,False
4994,720575940607715420,KCab,central,right,87.1,91.4,70.0,90.9,False,False
113213,720575940633676569,KCab,central,left,87.1,91.4,68.1,86.4,False,False
82482,720575940627441169,KCg-m,central,left,87.1,90.0,66.9,90.9,False,False
49593,720575940621504269,KCg-m,central,right,87.1,90.0,66.2,90.9,False,False
49867,720575940621553535,KCg-m,central,right,87.1,87.1,65.6,86.4,False,False
22734,720575940615125307,KCab,central,right,87.1,88.6,68.1,90.9,False,False
132873,720575940644145687,KCg-m,central,left,87.1,88.6,65.6,90.9,False,False
3851,720575940606775654,KCg-m,central,left,87.1,87.1,66.9,86.4,False,False
79260,720575940626936107,CB2692,central,right,87.1,90.0,68.1,90.9,False,False
93439,720575940629417728,KCab,central,right,87.1,92.9,69.4,90.9,False,False
71822,720575940625508733,KCg-m,central,left,87.1,88.6,68.1,90.9,False,False
44319,720575940620594415,KCg-m,central,left,87.1,90.0,68.8,90.9,False,False
47214,720575940621085622,PAM08,central,right,87.1,91.4,68.1,90.9,False,False
47129,720575940621071203,KCg-m,central,right,87.1,91.4,67.5,90.9,False,False
35448,720575940618517440,KCg-m,central,right,87.1,90.0,67.5,90.9,False,False
25098,720575940615816754,KCg-m,central,right,87.1,90.0,66.9,90.9,False,False
24975,720575940615775771,CB3447,central,right,87.1,88.6,66.2,86.4,False,False
99953,720575940630684943,PAM08,central,left,87.1,90.0,66.9,90.9,False,False
51557,720575940621819739,KCg-m,central,left,87.1,90.0,67.5,90.9,False,False
51313,720575940621784298,KCg-m,central,left,87.1,91.4,68.8,90.9,False,False
51356,720575940621791356,KCg-m,central,right,87.1,91.4,68.8,90.9,False,False
116170,720575940634834544,CB1296,central,left,87.1,87.1,65.6,86.4,False,False
78365,720575940626793502,KCab,central,left,87.1,88.6,67.5,90.9,False,False
78279,720575940626779398,KCg-m,central,right,87.1,90.0,68.1,90.9,False,False
1940,720575940605621024,KCg-m,central,left,87.1,90.0,67.5,90.9,False,False
67401,720575940624648067,KCab,central,right,87.1,91.4,67.5,90.9,False,False
19945,720575940614308758,v2LN38,central,left,87.1,90.0,66.9,90.9,False,False
6761,720575940609006200,KCab,central,left,87.1,91.4,68.8,95.5,False,False
65175,720575940624229322,KCab,central,left,87.1,90.0,69.4,95.5,False,False
64469,720575940624112058,KCab,central,right,87.1,91.4,68.1,90.9,False,False
108661,720575940632477348,CB3021,central,left,87.1,88.6,65.0,86.4,False,False
19600,720575940614204414,LHPV7a2,central,right,87.1,91.4,66.2,86.4,False,False
110585,720575940632915937,KCg-m,central,left,87.1,87.1,66.9,90.9,False,False
34110,720575940618203783,KCab,central,right,87.1,88.6,65.6,86.4,False,False
125987,720575940638964131,KCg-m,central,right,87.1,90.0,67.5,90.9,False,False
18696,720575940613863330,KCg-m,central,left,87.1,88.6,66.9,90.9,False,False
34200,720575940618225566,KCg-m,central,left,87.1,91.4,68.1,90.9,False,False
74795,720575940626087780,KCg-m,central,left,87.1,87.1,65.6,90.9,False,False
11518,720575940611514261,LHAV4c1,central,left,87.1,90.0,66.9,86.4,False,False
75174,720575940626167908,CB2812,central,right,87.1,87.1,66.2,86.4,False,False
30617,720575940617370909,KCg-m,central,right,87.1,91.4,67.5,90.9,False,False
131059,720575940641743501,KCg-m,central,left,87.1,90.0,68.8,90.9,False,False
60899,720575940623461134,KCab,central,left,87.1,91.4,67.5,90.9,False,False
80958,720575940627194426,KCg-m,central,right,87.1,87.1,66.2,86.4,False,False
114024,720575940633934772,KCg-m,central,left,87.1,90.0,66.9,86.4,False,False
71803,720575940625504868,KCg-m,central,left,87.1,88.6,68.1,86.4,False,False
102706,720575940631186861,KCab,central,left,87.1,90.0,67.5,86.4,False,False
38371,720575940619243691,ORN_DL5,sensory,left,87.1,90.0,67.5,86.4,False,False
75689,720575940626279486,CB0487,central,right,87.1,88.6,69.4,90.9,False,False
75671,720575940626275656,KCab,central,left,87.1,91.4,68.1,90.9,False,False
98912,720575940630493292,KCg-m,central,left,87.1,92.9,68.1,90.9,False,False
25826,720575940616023225,KCab,central,left,87.1,88.6,66.9,90.9,False,False
137172,720575940652449270,LHAD1b3,central,right,87.1,91.4,69.4,90.9,False,False
138227,720575940659765121,KCab,central,right,85.7,88.6,67.5,90.9,False,False
98654,720575940630443791,KCab,central,right,85.7,88.6,66.9,90.9,False,False
137119,720575940652128502,LHAV3e2,central,right,85.7,85.7,64.4,86.4,False,False
53459,720575940622161366,DNge054,descending,right,85.7,87.1,69.4,95.5,False,False
26080,720575940616094523,LHAV2b10,central,right,85.7,84.3,63.1,86.4,False,False
98694,720575940630452388,KCab,central,right,85.7,87.1,65.6,86.4,False,False
1429,720575940605197745,KCg-m,central,right,85.7,85.7,64.4,86.4,False,False
26973,720575940616345686,M_l2PN10t19b,central,left,85.7,87.1,66.9,90.9,False,False
40195,720575940619731392,KCab,central,right,85.7,84.3,61.9,81.8,False,False
119670,720575940636143679,KCg-m,central,right,85.7,88.6,66.9,90.9,False,False
76450,720575940626430339,KCg-m,central,right,85.7,88.6,66.9,90.9,False,False
37542,720575940619031572,KCab,central,left,85.7,87.1,66.2,90.9,False,False
37562,720575940619038061,KCg-m,central,right,85.7,88.6,64.4,86.4,False,False
104061,720575940631453763,KCg-m,central,right,85.7,90.0,66.9,90.9,False,False
104001,720575940631443304,PAM01,central,right,85.7,90.0,67.5,90.9,False,False
102609,720575940631167811,KCg-m,central,left,85.7,88.6,66.9,86.4,False,False
60026,720575940623315347,KCg-m,central,right,85.7,88.6,66.9,86.4,False,False
59876,720575940623289343,CB3341,central,left,85.7,88.6,65.6,86.4,False,False
22668,720575940615104927,M_vPNml63,central,right,85.7,88.6,65.6,86.4,False,False
60290,720575940623358645,KCg-m,central,right,85.7,88.6,66.9,90.9,False,False
80138,720575940627077714,CB2011,central,right,85.7,90.0,66.9,86.4,False,False
4047,720575940606941397,KCg-m,central,right,85.7,88.6,65.0,86.4,False,False
56106,720575940622637548,KCab,central,right,85.7,87.1,65.6,86.4,False,False
12595,720575940611918578,PAM08,central,right,85.7,88.6,67.5,90.9,False,False
132531,720575940643756704,LHAV6a3,central,left,85.7,80.0,62.5,81.8,False,False
49270,720575940621444777,KCg-m,central,left,85.7,84.3,63.1,81.8,False,False
23635,720575940615380530,ORN_DL5,sensory,right,85.7,88.6,66.2,90.9,False,False
30584,720575940617363156,KCg-m,central,left,85.7,88.6,66.2,86.4,False,False
42546,720575940620235968,KCg-m,central,right,85.7,87.1,65.0,86.4,False,False
38495,720575940619272920,KCab,central,left,85.7,88.6,66.2,86.4,False,False
29606,720575940617090082,KCab,central,right,85.7,90.0,66.9,86.4,False,False
93604,720575940629450106,LHPV9b1,central,right,85.7,90.0,66.2,86.4,False,False
101492,720575940630961464,KCg-m,central,left,85.7,90.0,67.5,90.9,False,False
133528,720575940644759319,KCg-m,central,right,85.7,87.1,66.9,90.9,False,False
49876,720575940621554968,KCg-m,central,right,85.7,88.6,66.2,86.4,False,False
20611,720575940614524127,KCg-m,central,right,85.7,88.6,66.9,86.4,False,False
90499,720575940628836412,PAM08,central,right,85.7,90.0,67.5,90.9,False,False
90516,720575940628839419,CB1219,central,right,85.7,88.6,65.6,81.8,False,False
48587,720575940621331621,KCg-m,central,left,85.7,84.3,64.4,86.4,False,False
91397,720575940629007230,TRN_VP1m,sensory,right,85.7,85.7,63.1,86.4,False,False
5352,720575940607981636,KCab,central,right,85.7,85.7,67.5,90.9,False,False
5381,720575940607993668,KCab,central,right,85.7,90.0,66.2,86.4,False,False
61585,720575940623582904,KCab,central,right,85.7,90.0,65.6,86.4,False,False
61600,720575940623586999,KCg-m,central,right,85.7,88.6,66.2,86.4,False,False
131485,720575940642347936,KCg-m,central,right,85.7,88.6,66.9,86.4,False,False
70476,720575940625227978,KCab,central,left,85.7,90.0,66.2,90.9,False,False
90993,720575940628928771,CB1363,central,right,85.7,88.6,67.5,90.9,False,False
133670,720575940644892963,KCab,central,left,85.7,85.7,64.4,86.4,False,False
30257,720575940617282009,CB3012,central,right,85.7,87.1,65.6,86.4,False,False
49423,720575940621471732,KCg-m,central,right,85.7,88.6,66.2,86.4,False,False
79779,720575940627021128,KCab,central,right,85.7,87.1,65.0,86.4,False,False
115196,720575940634429039,KCab,central,left,85.7,88.6,66.9,90.9,False,False
121813,720575940637126007,DNp56,descending,right,85.7,81.4,64.4,86.4,False,False
4410,720575940607227826,PVLP001,central,right,85.7,84.3,64.4,86.4,False,False
30633,720575940617374262,KCab,central,left,85.7,90.0,66.2,86.4,False,False
91749,720575940629074540,KCab,central,left,85.7,88.6,66.9,90.9,False,False
114731,720575940634235744,KCg-m,central,right,85.7,88.6,67.5,90.9,False,False
105161,720575940631687332,KCg-m,central,left,85.7,88.6,68.1,90.9,False,False
72711,720575940625692816,KCab,central,right,85.7,88.6,65.6,86.4,False,False
38979,720575940619417326,M_vPNml80,central,left,85.7,90.0,66.2,90.9,False,False
42162,720575940620156692,KCab,central,left,85.7,90.0,67.5,90.9,False,False
72443,720575940625646876,KCg-m,central,right,85.7,88.6,65.6,86.4,False,False
114469,720575940634131356,KCab,central,left,85.7,88.6,65.0,86.4,False,False
8440,720575940610029432,KCg-m,central,right,85.7,88.6,63.7,86.4,False,False
85479,720575940627969786,KCab,central,left,85.7,87.1,65.6,86.4,False,False
85330,720575940627944464,TRN_VP1m,sensory,left,85.7,91.4,71.2,95.5,False,False
85070,720575940627902440,KCg-m,central,left,85.7,88.6,65.6,90.9,False,False
46154,720575940620904780,KCab,central,right,85.7,87.1,64.4,86.4,False,False
2135,720575940605726385,LHPV2b5,central,left,85.7,87.1,65.6,86.4,False,False
57498,720575940622890509,KCg-m,central,right,85.7,88.6,66.2,86.4,False,False
126844,720575940639309902,KCg-m,central,left,85.7,90.0,67.5,90.9,False,False
107534,720575940632241828,KCg-m,central,left,85.7,88.6,66.2,90.9,False,False
137742,720575940654973089,CB2984,central,left,85.7,80.0,60.0,81.8,False,False
39913,720575940619673936,KCg-m,central,right,85.7,87.1,64.4,86.4,False,False
52068,720575940621921285,LHAV6g1,central,left,85.7,90.0,66.2,86.4,False,False
52078,720575940621922654,KCg-m,central,left,85.7,87.1,66.9,86.4,False,False
117489,720575940635291247,KCab,central,left,85.7,88.6,65.0,86.4,False,False
53679,720575940622201046,CB3554,central,left,85.7,88.6,65.6,86.4,False,False
99323,720575940630573260,KCab,central,right,85.7,90.0,68.1,90.9,False,False
99557,720575940630613835,KCab,central,right,85.7,90.0,67.5,90.9,False,False
27628,720575940616539419,KCab,central,left,85.7,88.6,65.6,86.4,False,False
110649,720575940632932506,KCab,central,right,85.7,88.6,66.2,86.4,False,False
45653,720575940620813989,LTe20,visual_projection,left,85.7,87.1,67.5,90.9,False,False
111651,720575940633209647,MBON10,central,left,85.7,88.6,67.5,90.9,False,False
74747,720575940626081176,KCg-m,central,right,85.7,88.6,68.1,90.9,False,False
40973,720575940619914837,CB1929,central,right,85.7,88.6,67.5,86.4,False,False
135344,720575940646646148,KCab,central,right,85.7,88.6,66.2,86.4,False,False
96169,720575940629951292,KCg-m,central,right,85.7,88.6,66.9,90.9,False,False
87750,720575940628353244,KCg-m,central,right,85.7,90.0,67.5,90.9,False,False
33065,720575940617982800,KCab,central,right,85.7,87.1,65.6,86.4,False,False
32392,720575940617820929,KCg-m,central,left,85.7,91.4,66.9,86.4,False,False
6252,720575940608633134,KCab,central,right,85.7,90.0,66.9,86.4,False,False
6117,720575940608532675,KCg-m,central,right,85.7,87.1,65.0,86.4,False,False
9458,720575940610585011,KCab,central,left,85.7,88.6,66.9,90.9,False,False
14140,720575940612453603,KCg-m,central,right,85.7,87.1,65.6,86.4,False,False
106870,720575940632078929,KCab,central,right,85.7,88.6,66.9,90.9,False,False
57814,720575940622944461,KCg-m,central,right,85.7,87.1,66.2,86.4,False,False
58038,720575940622981646,KCg-m,central,right,85.7,87.1,65.6,86.4,False,False
95590,720575940629849196,KCg-m,central,right,85.7,87.1,65.6,86.4,False,False
113707,720575940633830392,KCab,central,left,85.7,87.1,66.2,90.9,False,False
89047,720575940628581379,CB1079,central,left,85.7,88.6,66.9,86.4,False,False
108050,720575940632362015,KCab,central,left,85.7,87.1,66.2,86.4,False,False
134849,720575940646037783,v2LN47,central,left,85.7,88.6,66.9,86.4,False,False
13369,720575940612202419,CB2180,central,right,85.7,88.6,65.6,86.4,False,False
47301,720575940621097855,KCg-m,central,left,85.7,88.6,66.2,90.9,False,False
68346,720575940624834968,KCab,central,right,85.7,91.4,66.9,86.4,False,False
128119,720575940639889141,KCg-m,central,left,85.7,90.0,66.9,90.9,False,False
83293,720575940627585286,KCg-m,central,right,85.7,88.6,66.2,86.4,False,False
112880,720575940633572506,KCab,central,left,85.7,91.4,68.1,90.9,False,False
107046,720575940632115247,KCg-m,central,right,85.7,90.0,67.5,90.9,False,False
90326,720575940628806876,KCab,central,left,85.7,90.0,66.9,90.9,False,False
21008,720575940614636450,CB1258,central,left,85.7,88.6,67.5,90.9,False,False
43793,720575940620500417,KCg-m,central,right,85.7,88.6,66.2,86.4,False,False
51148,720575940621761263,LHAD2c3c,central,right,85.7,88.6,66.9,90.9,False,False
41352,720575940619994759,KCg-m,central,right,85.7,88.6,67.5,90.9,False,False
74385,720575940626007102,KCab,central,left,85.7,87.1,66.9,86.4,False,False
72832,720575940625715733,KCg-m,central,right,85.7,85.7,67.5,90.9,False,False
72661,720575940625684057,CB2661,central,left,85.7,87.1,65.6,86.4,False,False
11382,720575940611469006,CB2767,central,right,85.7,82.9,63.7,86.4,False,False
41757,720575940620073606,KCg-m,central,right,85.7,88.6,68.1,90.9,False,False
67460,720575940624663532,LHAV3k6,central,right,85.7,68.6,52.5,68.2,False,False
73687,720575940625879537,CB3228,central,right,84.3,88.6,65.6,90.9,False,False
31024,720575940617478961,KCab,central,left,84.3,84.3,64.4,81.8,False,False
31598,720575940617623632,KCg-m,central,left,84.3,87.1,63.7,86.4,False,False
62343,720575940623738807,KCab,central,left,84.3,87.1,65.6,86.4,False,False
62300,720575940623730509,KCg-m,central,left,84.3,84.3,64.4,81.8,False,False
48530,720575940621322534,KCg-m,central,right,84.3,87.1,66.2,86.4,False,False
21584,720575940614781546,KCg-m,central,left,84.3,87.1,64.4,86.4,False,False
116999,720575940635138911,LHPV2e1_a,central,left,84.3,84.3,64.4,81.8,False,False
43575,720575940620460108,KCab,central,right,84.3,88.6,66.2,86.4,False,False
116424,720575940634937951,KCg-m,central,right,84.3,88.6,66.2,86.4,False,False
114418,720575940634107292,KCg-m,central,left,84.3,88.6,65.0,86.4,False,False
38921,720575940619402576,PAM07,central,right,84.3,90.0,66.9,90.9,False,False
93862,720575940629494543,KCg-m,central,left,84.3,87.1,65.6,86.4,False,False
93610,720575940629451833,DL2d_vPN,central,right,84.3,85.7,64.4,86.4,False,False
123037,720575940637657189,KCab,central,right,84.3,88.6,65.6,90.9,False,False
21731,720575940614822742,KCg-m,central,right,84.3,87.1,64.4,86.4,False,False
81878,720575940627336209,KCg-m,central,right,84.3,85.7,63.1,81.8,False,False
29009,720575940616929766,KCg-m,central,left,84.3,85.7,65.0,81.8,False,False
82729,720575940627483413,KCg-m,central,right,84.3,85.7,65.0,86.4,False,False
30015,720575940617211348,CB2554,central,right,84.3,85.7,65.6,90.9,False,False
101902,720575940631034955,KCg-m,central,left,84.3,87.1,65.0,86.4,False,False
10783,720575940611208817,KCg-m,central,left,84.3,87.1,65.0,86.4,False,False
50283,720575940621616776,KCg-m,central,left,84.3,87.1,65.0,86.4,False,False
31134,720575940617502977,CB2707,central,right,84.3,87.1,64.4,86.4,False,False
77781,720575940626689176,KCab,central,left,84.3,84.3,63.7,86.4,False,False
61422,720575940623547882,CB1219,central,right,84.3,88.6,66.2,90.9,False,False
61411,720575940623546638,KCg-m,central,right,84.3,88.6,65.0,86.4,False,False
70179,720575940625156901,KCg-m,central,right,84.3,88.6,65.6,86.4,False,False
90937,720575940628917251,CB2379,central,right,84.3,84.3,64.4,81.8,False,False
113865,720575940633884333,M_adPNm7,central,right,84.3,85.7,64.4,86.4,False,False
92014,720575940629127936,KCg-m,central,left,84.3,85.7,65.0,90.9,False,False
119652,720575940636135799,KCg-m,central,right,84.3,87.1,65.0,81.8,False,False
118327,720575940635614942,KCg-m,central,right,84.3,88.6,65.6,86.4,False,False
60065,720575940623321638,CB1992,central,right,84.3,88.6,65.0,86.4,False,False
23251,720575940615262786,KCg-m,central,left,84.3,85.7,64.4,86.4,False,False
960,720575940604806345,KCab,central,right,84.3,87.1,65.0,86.4,False,False
75708,720575940626284157,KCg-m,central,right,84.3,87.1,65.6,90.9,False,False
12705,720575940611954801,KCg-m,central,left,84.3,87.1,65.6,81.8,False,False
118681,720575940635731063,LHAV4g1c,central,left,84.3,90.0,66.9,90.9,False,False
26084,720575940616095517,KCg-m,central,right,84.3,85.7,65.0,86.4,False,False
52922,720575940622078249,KCg-m,central,right,84.3,87.1,66.2,86.4,False,False
136906,720575940650751873,TRN_VP3a,sensory,right,84.3,85.7,65.6,86.4,False,False
54816,720575940622387677,KCg-m,central,right,84.3,87.1,65.6,90.9,False,False
1142,720575940604961894,KCg-m,central,left,84.3,87.1,66.2,90.9,False,False
40165,720575940619725551,"LHAD1b2_a,LHAD1b2_c",central,left,84.3,84.3,65.6,81.8,False,False
76108,720575940626364401,KCg-m,central,right,84.3,88.6,65.0,86.4,False,False
76605,720575940626464901,KCab,central,right,84.3,84.3,65.0,86.4,False,False
103734,720575940631387719,KCg-m,central,left,84.3,88.6,63.7,81.8,False,False
80175,720575940627082298,KCg-m,central,left,84.3,88.6,65.0,86.4,False,False
71912,720575940625525740,OA-AL2b2,visual_centrifugal,left,84.3,88.6,65.6,90.9,False,False
71942,720575940625532689,KCg-m,central,right,84.3,87.1,65.0,81.8,False,False
60579,720575940623409959,KCg-m,central,left,84.3,87.1,65.6,86.4,False,False
52589,720575940622023262,KCg-m,central,right,84.3,87.1,64.4,86.4,False,False
60347,720575940623368644,KCg-m,central,left,84.3,88.6,66.2,86.4,False,False
102479,720575940631143213,LHAV4a4,central,right,84.3,84.3,63.7,86.4,False,False
49214,720575940621434145,PAM04,central,left,84.3,87.1,66.2,86.4,False,False
104785,720575940631603768,KCg-m,central,right,84.3,85.7,65.6,86.4,False,False
31991,720575940617717917,KCab,central,left,84.3,87.1,65.6,86.4,False,False
31719,720575940617649969,KCab,central,right,84.3,84.3,65.6,90.9,False,False
106889,720575940632081479,KCab,central,left,84.3,87.1,65.6,86.4,False,False
105997,720575940631898472,LHAD1f1a,central,right,84.3,87.1,62.5,86.4,False,False
120387,720575940636488805,CB2784,central,right,84.3,87.1,65.6,86.4,False,False
11194,720575940611394019,KCg-m,central,left,84.3,85.7,64.4,86.4,False,False
44424,720575940620610217,M_vPNml84,central,left,84.3,85.7,64.4,81.8,False,False
123891,720575940638046948,LHAV2b1,central,left,84.3,90.0,66.2,86.4,False,False
123705,720575940637954532,KCg-m,central,right,84.3,87.1,66.9,86.4,False,False
88911,720575940628557527,KCab,central,left,84.3,87.1,65.0,86.4,False,False
127377,720575940639566406,PAM01,central,left,84.3,87.1,65.6,86.4,False,False
6560,720575940608884693,LHAV2f2_b,central,right,84.3,87.1,65.6,90.9,False,False
35408,720575940618506155,KCab,central,right,84.3,87.1,65.6,86.4,False,False
112409,720575940633422687,KCab,central,left,84.3,87.1,66.2,86.4,False,False
135058,720575940646289699,KCg-m,central,left,84.3,87.1,64.4,86.4,False,False
134379,720575940645544068,KCg-m,central,left,84.3,87.1,65.0,86.4,False,False
84773,720575940627849463,KCab,central,right,84.3,87.1,65.6,90.9,False,False
81967,720575940627351751,KCg-m,central,right,84.3,87.1,65.0,86.4,False,False
116849,720575940635092122,l2LN19,central,right,84.3,84.3,63.1,86.4,False,False
13743,720575940612327410,CB2060,central,left,84.3,85.7,65.0,86.4,False,False
57970,720575940622972365,KCg-m,central,right,84.3,87.1,65.6,90.9,False,False
135140,720575940646419235,KCg-m,central,right,84.3,85.7,64.4,86.4,False,False
68635,720575940624884920,KCg-m,central,right,84.3,84.3,63.1,81.8,False,False
74035,720575940625946430,ORN_D,sensory,left,84.3,88.6,66.2,90.9,False,False
134170,720575940645334126,KCg-m,central,left,84.3,87.1,65.0,86.4,False,False
134071,720575940645226862,KCg-m,central,left,84.3,88.6,65.6,86.4,False,False
58779,720575940623103487,KCg-m,central,left,84.3,87.1,65.0,86.4,False,False
73025,720575940625753621,KCg-m,central,right,84.3,88.6,65.6,86.4,False,False
94163,720575940629548282,CB2984,central,left,84.3,80.0,60.6,77.3,False,False
29144,720575940616964766,KCg-m,central,right,84.3,85.7,65.0,86.4,False,False
105452,720575940631754527,KCg-m,central,right,84.3,87.1,63.7,86.4,False,False
128159,720575940639903696,KCg-m,central,right,84.3,87.1,65.6,86.4,False,False
123823,720575940638013016,KCg-m,central,left,84.3,88.6,65.0,86.4,False,False
17217,720575940613397362,CB3138,central,right,84.3,80.0,60.6,77.3,False,False
57435,720575940622878477,KCg-m,central,left,84.3,87.1,65.0,86.4,False,False
101046,720575940630883831,CB2534,central,left,84.3,87.1,64.4,86.4,False,False
67654,720575940624699981,KCg-m,central,left,84.3,87.1,66.9,90.9,False,False
108003,720575940632353499,KCab,central,right,84.3,88.6,66.2,86.4,False,False
110116,720575940632805037,KCg-m,central,right,84.3,88.6,66.2,90.9,False,False
85239,720575940627930490,KCab,central,left,84.3,84.3,63.7,86.4,False,False
41198,720575940619965684,KCab,central,left,84.3,87.1,64.4,86.4,False,False
95751,720575940629878519,KCab,central,left,84.3,88.6,66.9,90.9,False,False
51625,720575940621832001,"CB1141,CB1285",central,right,84.3,85.7,65.6,86.4,False,False
57326,720575940622855629,CB3077,central,left,84.3,85.7,65.6,90.9,False,False
44190,720575940620573516,LHPD4a1,central,right,84.3,85.7,65.0,90.9,False,False
65033,720575940624204839,M_vPNml87,central,right,84.3,85.7,65.0,81.8,False,False
64149,720575940624060048,KCab,central,left,84.3,88.6,66.2,86.4,False,False
88157,720575940628413952,CB2781,central,right,84.3,88.6,65.0,90.9,False,False
64545,720575940624125626,KCab,central,right,84.3,85.7,63.7,86.4,False,False
64293,720575940624085739,KCg-m,central,left,84.3,87.1,64.4,81.8,False,False
108470,720575940632433828,KCg-m,central,right,84.3,88.6,66.2,90.9,False,False
155,720575940603317216,KCg-m,central,left,84.3,81.4,61.2,77.3,False,False
108892,720575940632529439,KCab,central,left,84.3,87.1,65.0,86.4,False,False
33227,720575940618022469,CB1804,central,right,84.3,88.6,65.6,86.4,False,False
110676,720575940632940442,KCab,central,right,84.3,87.1,64.4,86.4,False,False
85579,720575940627986220,KCab,central,right,84.3,84.3,63.1,86.4,False,False
86380,720575940628120655,KCg-m,central,right,84.3,87.1,64.4,86.4,False,False
86344,720575940628115185,KCab,central,left,84.3,85.7,65.6,86.4,False,False
111122,720575940633073760,KCab,central,right,84.3,85.7,65.0,86.4,False,False
17873,720575940613594783,CB2784,central,right,84.3,88.6,65.6,90.9,False,False
72,720575940602605536,KCab,central,right,84.3,85.7,64.4,86.4,False,False
84848,720575940627861736,KCg-m,central,right,84.3,84.3,63.1,81.8,False,False
108979,720575940632552343,KCg-m,central,right,84.3,85.7,66.9,90.9,False,False
96416,720575940629997561,KCab,central,right,84.3,88.6,66.2,86.4,False,False
52091,720575940621924615,KCab,central,right,84.3,85.7,64.4,86.4,False,False
96358,720575940629984579,KCab,central,left,84.3,88.6,66.9,90.9,False,False
1806,720575940605507249,KCab,central,right,84.3,84.3,63.1,81.8,False,False
25841,720575940616026262,CB2934,central,left,84.3,87.1,65.6,90.9,False,False
97266,720575940630168636,CB3212,central,right,84.3,88.6,64.4,86.4,False,False
53895,720575940622233235,KCab,central,left,84.3,87.1,65.0,86.4,False,False
138161,720575940659301249,KCab,central,left,82.9,82.9,60.6,81.8,False,False
137752,720575940655013281,CB0292,central,left,82.9,87.1,65.6,81.8,False,False
4581,720575940607352003,KCab,central,right,82.9,85.7,65.6,86.4,False,False
4579,720575940607351747,KCab,central,right,82.9,84.3,63.7,81.8,False,False
131350,720575940642193549,LAL030d,central,left,82.9,85.7,64.4,86.4,False,False
126353,720575940639100760,KCg-m,central,right,82.9,85.7,64.4,86.4,False,False
46842,720575940621017921,KCg-m,central,right,82.9,85.7,64.4,86.4,False,False
7993,720575940609768290,KCg-m,central,left,82.9,85.7,64.4,86.4,False,False
101248,720575940630918930,LHAD2c3c,central,left,82.9,84.3,62.5,81.8,False,False
89830,720575940628725242,CB2293,central,left,82.9,87.1,65.6,86.4,False,False
25634,720575940615974493,KCg-m,central,right,82.9,84.3,62.5,81.8,False,False
1046,720575940604884396,KCg-m,central,right,82.9,85.7,65.0,86.4,False,False
97797,720575940630269660,KCab,central,right,82.9,81.4,60.6,81.8,False,False
66650,720575940624489620,KCg-m,central,left,82.9,85.7,64.4,81.8,False,False
124175,720575940638154805,CB1804,central,right,82.9,84.3,63.1,81.8,False,False
45760,720575940620831949,KCab,central,right,82.9,75.7,56.2,72.7,False,False
9301,720575940610499779,CB2035,central,left,82.9,87.1,64.4,86.4,False,False
123728,720575940637966938,CB2984,central,right,82.9,70.0,51.2,68.2,False,False
66527,720575940624462740,KCab,central,left,82.9,85.7,65.0,86.4,False,False
123578,720575940637890650,KCab,central,left,82.9,85.7,63.7,86.4,False,False
9011,720575940610359650,KCg-m,central,left,82.9,85.7,63.7,86.4,False,False
123436,720575940637826623,KCg-m,central,right,82.9,85.7,63.7,86.4,False,False
66754,720575940624514535,KCg-m,central,left,82.9,85.7,63.1,81.8,False,False
45342,720575940620755126,CB1824,central,left,82.9,85.7,65.6,86.4,False,False
3790,720575940606745289,KCab,central,left,82.9,84.3,65.6,86.4,False,False
67857,720575940624738830,KCg-m,central,left,82.9,84.3,61.9,81.8,False,False
44225,720575940620578269,KCab,central,right,82.9,85.7,64.4,86.4,False,False
122408,720575940637395945,KCg-m,central,left,82.9,85.7,65.6,86.4,False,False
68038,720575940624773646,KCg-m,central,left,82.9,85.7,65.0,86.4,False,False
43889,720575940620519339,CB3592,central,right,82.9,82.9,65.0,95.5,False,False
51505,720575940621812006,KCg-m,central,left,82.9,85.7,63.7,86.4,False,False
119565,720575940636096948,M_lvPNm42,central,right,82.9,85.7,63.7,86.4,False,False
11998,720575940611694565,KCg-m,central,left,82.9,85.7,65.0,86.4,False,False
70842,720575940625312186,KCg-m,central,left,82.9,87.1,63.7,86.4,False,False
42732,720575940620276801,KCab,central,right,82.9,84.3,62.5,86.4,False,False
117899,720575940635465908,KCg-m,central,right,82.9,85.7,63.7,86.4,False,False
12408,720575940611849187,DA2_lPN,central,left,82.9,95.7,63.7,81.8,False,False
51536,720575940621817322,KCab,central,left,82.9,82.9,61.9,81.8,False,False
103582,720575940631353671,CB3369,central,left,82.9,84.3,62.5,86.4,False,False
87400,720575940628301303,KCab,central,left,82.9,84.3,63.7,86.4,False,False
136494,720575940649020025,KCg-m,central,right,82.9,85.7,63.1,86.4,False,False
136495,720575940649020537,KCg-m,central,left,82.9,82.9,63.1,86.4,False,False
101813,720575940631017258,PAM04,central,right,82.9,87.1,65.0,86.4,False,False
13818,720575940612347363,CB2387,central,right,82.9,84.3,62.5,81.8,False,False
116086,720575940634799295,KCg-m,central,left,82.9,84.3,64.4,81.8,False,False
14077,720575940612433614,M_adPNm8,central,left,82.9,82.9,64.4,86.4,False,False
41155,720575940619954112,"CB1141,CB1285",central,right,82.9,85.7,64.4,86.4,False,False
14394,720575940612532121,CB2914,central,right,82.9,67.1,49.4,63.6,False,False
74177,720575940625969640,KCab,central,right,82.9,85.7,65.6,86.4,False,False
40868,720575940619891041,ORN_D,sensory,left,82.9,84.3,63.7,86.4,False,False
57810,720575940622944038,CB2679,central,left,82.9,85.7,64.4,86.4,False,False
57486,720575940622888205,KCab,central,right,82.9,85.7,63.1,86.4,False,False
133422,720575940644688238,SLPpm3_P03,central,right,82.9,84.3,63.1,81.8,False,False
75249,720575940626182673,LHAV1d1,central,left,82.9,88.6,65.6,90.9,False,False
40320,720575940619759041,SMP208,central,left,82.9,87.1,65.0,90.9,False,False
76943,720575940626535434,KCg-m,central,right,82.9,84.3,64.4,86.4,False,False
16531,720575940613156067,KCab,central,right,82.9,84.3,63.7,86.4,False,False
17583,720575940613501855,KCab,central,right,82.9,84.3,64.4,86.4,False,False
110890,720575940633001645,LHPV4c4,central,left,82.9,85.7,63.7,86.4,False,False
38398,720575940619249318,KCab,central,left,82.9,85.7,63.1,81.8,False,False
79266,720575940626937617,DA2_lPN,central,left,82.9,92.9,63.7,86.4,False,False
110816,720575940632980378,KCg-m,central,right,82.9,85.7,64.4,90.9,False,False
81017,720575940627205386,KCg-m,central,right,82.9,85.7,63.1,86.4,False,False
80514,720575940627135306,TRN_VP3b,sensory,right,82.9,85.7,61.2,81.8,False,False
109768,720575940632732845,CB2357,central,right,82.9,87.1,63.7,86.4,False,False
56894,720575940622771338,KCg-m,central,left,82.9,85.7,64.4,86.4,False,False
134527,720575940645682211,KCg-m,central,left,82.9,85.7,65.0,86.4,False,False
36952,720575940618887151,KCab,central,left,82.9,87.1,64.4,81.8,False,False
81478,720575940627278235,KCg-m,central,left,82.9,87.1,66.2,90.9,False,False
81494,720575940627282002,KCg-m,central,right,82.9,87.1,63.7,81.8,False,False
35065,720575940618425246,KCg-m,central,left,82.9,87.1,65.0,86.4,False,False
35073,720575940618427712,KCab,central,left,82.9,88.6,65.0,86.4,False,False
56471,720575940622697196,KCg-m,central,right,82.9,84.3,63.1,81.8,False,False
21508,720575940614761026,KCab,central,left,82.9,87.1,65.0,86.4,False,False
84548,720575940627808232,KCg-m,central,left,82.9,85.7,62.5,86.4,False,False
86169,720575940628084224,KCab,central,left,82.9,85.7,64.4,81.8,False,False
34366,720575940618259766,CB2845,central,left,82.9,85.7,65.0,86.4,False,False
33329,720575940618043973,CB2159,central,left,82.9,85.7,63.7,86.4,False,False
86537,720575940628145411,KCg-m,central,left,82.9,85.7,63.1,81.8,False,False
86738,720575940628185538,M_vPNml75,central,left,82.9,85.7,64.4,86.4,False,False
20112,720575940614354619,KCab,central,left,82.9,85.7,63.7,86.4,False,False
107636,720575940632265503,CB1219,central,left,82.9,85.7,63.7,81.8,False,False
83285,720575940627584262,KCab,central,left,82.9,84.3,64.4,86.4,False,False
106605,720575940632019247,KCg-m,central,right,82.9,87.1,64.4,86.4,False,False
106029,720575940631905080,SLP382,central,right,82.9,85.7,63.7,86.4,False,False
51851,720575940621880541,KCg-m,central,left,82.9,87.1,63.7,81.8,False,False
60514,720575940623398397,KCg-m,central,left,82.9,87.1,65.0,86.4,False,False
62564,720575940623784428,CB1701,central,right,82.9,87.1,65.0,86.4,False,False
48470,720575940621312033,KCab,central,left,82.9,84.3,62.5,86.4,False,False
49380,720575940621462512,PAM01,central,right,82.9,87.1,65.0,86.4,False,False
97381,720575940630189911,KCg-m,central,left,82.9,82.9,63.1,86.4,False,False
96766,720575940630063671,KCg-m,central,right,82.9,85.7,64.4,86.4,False,False
94023,720575940629521914,LHAV2b1,central,left,82.9,85.7,65.0,86.4,False,False
27791,720575940616580182,KCab,central,left,82.9,85.7,64.4,86.4,False,False
28205,720575940616711254,KCg-m,central,left,82.9,88.6,63.7,81.8,False,False
95670,720575940629863737,KCab,central,right,82.9,85.7,63.7,86.4,False,False
93947,720575940629508358,SMP531,central,right,81.4,84.3,62.5,81.8,False,False
95986,720575940629921654,KCg-m,central,right,81.4,81.4,62.5,81.8,False,False
27303,720575940616438085,KCg-m,central,left,81.4,81.4,61.9,81.8,False,False
96149,720575940629947964,CB1079,central,right,81.4,85.7,63.7,81.8,False,False
49499,720575940621487088,KCg-m,central,left,81.4,85.7,65.0,86.4,False,False
131972,720575940642926628,KCg-m,central,left,81.4,85.7,63.7,81.8,False,False
4488,720575940607280306,KCg-m,central,right,81.4,84.3,62.5,86.4,False,False
126461,720575940639150013,"LHAD1a3,LHAD1f5",central,left,81.4,82.9,62.5,81.8,False,False
65646,720575940624308203,LHAV2b11,central,left,81.4,84.3,62.5,86.4,False,False
64150,720575940624060208,KCab,central,right,81.4,85.7,61.2,81.8,False,False
7740,720575940609619666,LHAD1a2,central,right,81.4,75.7,60.0,77.3,False,False
94916,720575940629714704,"ATL017,ATL018",central,left,81.4,82.9,61.2,81.8,False,False
96572,720575940630026600,KCab,central,right,81.4,81.4,62.5,86.4,False,False
136916,720575940650786294,KCab,central,left,81.4,81.4,63.1,86.4,False,False
98217,720575940630354169,CB3873,central,right,81.4,85.7,64.4,86.4,False,False
98812,720575940630471695,KCg-m,central,right,81.4,82.9,63.1,81.8,False,False
30774,720575940617413957,CB2357,central,left,81.4,84.3,65.6,90.9,False,False
135068,720575940646308148,KCab,central,right,81.4,84.3,63.7,81.8,False,False
83767,720575940627677017,M_lvPNm24,central,right,81.4,84.3,63.1,81.8,False,False
5082,720575940607793675,KCg-m,central,left,81.4,82.9,62.5,86.4,False,False
84086,720575940627731206,AVLP446,central,right,81.4,84.3,59.4,77.3,False,False
35584,720575940618548975,KCab,central,right,81.4,84.3,63.1,86.4,False,False
20995,720575940614634786,HRN_VP5,sensory,left,81.4,84.3,63.1,81.8,False,False
20883,720575940614605458,KCg-m,central,left,81.4,85.7,63.7,86.4,False,False
28016,720575940616646873,KCg-m,central,left,81.4,85.7,63.1,81.8,False,False
44403,720575940620608238,KCg-m,central,right,81.4,84.3,64.4,86.4,False,False
122484,720575940637434601,KCg-m,central,right,81.4,85.7,63.1,81.8,False,False
72540,720575940625662778,KCab,central,left,81.4,87.1,65.0,86.4,False,False
92839,720575940629294636,KCg-m,central,right,81.4,81.4,61.9,86.4,False,False
68932,720575940624934844,CB1577,central,right,81.4,88.6,64.4,90.9,False,False
66174,720575940624394790,OA-VUMa8,central,center,81.4,82.9,61.9,90.9,False,False
13344,720575940612195737,SLP069,central,left,81.4,84.3,64.4,86.4,False,False
72647,720575940625681171,KCab,central,left,81.4,82.9,61.9,86.4,False,False
9545,720575940610631544,KCg-m,central,left,81.4,81.4,60.0,77.3,False,False
132605,720575940643824072,KCab,central,left,81.4,84.3,64.4,86.4,False,False
67013,720575940624570917,KCg-m,central,left,81.4,84.3,62.5,86.4,False,False
79958,720575940627047185,SMP030,central,right,81.4,87.1,64.4,81.8,False,False
80178,720575940627082481,KCab,central,left,81.4,81.4,62.5,81.8,False,False
37708,720575940619069953,LHAD1b3,central,right,81.4,84.3,63.1,86.4,False,False
34529,720575940618294853,KCg-m,central,left,81.4,82.9,64.4,86.4,False,False
25662,720575940615980338,KCg-m,central,left,81.4,82.9,63.1,86.4,False,False
107033,720575940632111780,KCg-m,central,right,81.4,84.3,61.2,81.8,False,False
19942,720575940614308146,KCg-m,central,left,81.4,82.9,63.1,86.4,False,False
99317,720575940630572319,"PLP041,PLP043",central,right,81.4,82.9,63.1,81.8,False,False
123741,720575940637973225,KCg-m,central,left,81.4,81.4,60.0,77.3,False,False
4081,720575940606968962,KCg-m,central,right,81.4,82.9,63.1,81.8,False,False
107999,720575940632353228,LHPV2c4,central,right,81.4,82.9,63.7,81.8,False,False
108191,720575940632389028,CB0339,central,right,81.4,81.4,62.5,81.8,False,False
34031,720575940618190238,KCg-m,central,right,81.4,84.3,63.1,81.8,False,False
96555,720575940630023680,KCg-m,central,left,81.4,84.3,63.7,81.8,False,False
32395,720575940617821248,CB1363,central,left,81.4,82.9,61.2,81.8,False,False
8069,720575940609806712,CB2932,central,right,81.4,84.3,66.2,90.9,False,False
125920,720575940638932277,CB1515,central,left,81.4,81.4,60.6,77.3,False,False
6040,720575940608462684,CB1244,central,right,81.4,84.3,63.7,86.4,False,False
125259,720575940638639174,CB3248,central,right,81.4,82.9,63.7,86.4,False,False
6246,720575940608631765,CB2463,central,right,81.4,81.4,61.2,81.8,False,False
6120,720575940608535819,KCg-m,central,left,81.4,84.3,62.5,81.8,False,False
60644,720575940623423049,CB2922,central,left,81.4,82.9,61.9,86.4,False,False
47670,720575940621162416,KCg-m,central,right,81.4,81.4,61.9,77.3,False,False
23743,720575940615409625,KCab,central,right,81.4,78.6,60.0,77.3,False,False
89160,720575940628599555,KCg-m,central,left,81.4,84.3,63.7,86.4,False,False
18172,720575940613681458,KCab,central,right,81.4,84.3,65.0,81.8,False,False
23550,720575940615356347,KCg-m,central,right,81.4,84.3,63.7,81.8,False,False
79020,720575940626895442,KCg-m,central,left,81.4,85.7,63.7,86.4,False,False
58092,720575940622993800,KCg-m,central,left,81.4,84.3,63.1,81.8,False,False
14208,720575940612473128,KCab,central,left,81.4,82.9,63.1,86.4,False,False
111091,720575940633062335,LAL030b,central,right,81.4,81.4,60.0,81.8,False,False
120268,720575940636422372,KCg-m,central,right,81.4,85.7,64.4,86.4,False,False
50969,720575940621730687,KCg-m,central,right,81.4,82.9,61.9,81.8,False,False
88192,720575940628420106,LHAD1f1a,central,left,81.4,87.1,63.7,81.8,False,False
32571,720575940617865117,KCg-m,central,left,81.4,84.3,64.4,86.4,False,False
43433,720575940620434671,KCab,central,right,81.4,82.9,61.9,81.8,False,False
32734,720575940617908820,KCg-m,central,right,81.4,87.1,63.7,86.4,False,False
12683,720575940611946482,KCg-m,central,right,81.4,84.3,63.7,86.4,False,False
50872,720575940621712990,ATL042,central,right,81.4,85.7,61.9,81.8,False,False
102291,720575940631108179,KCg-m,central,left,81.4,82.9,61.9,81.8,False,False
41039,720575940619928485,"PLP041,PLP043",central,left,81.4,81.4,60.6,81.8,False,False
86302,720575940628107776,KCab,central,left,81.4,85.7,64.4,86.4,False,False
17293,720575940613421890,KCab,central,right,81.4,82.9,61.2,86.4,False,False
114493,720575940634141024,KCg-m,central,left,81.4,85.7,65.6,86.4,False,False
41269,720575940619978266,KCg-m,central,right,81.4,84.3,62.5,81.8,False,False
74784,720575940626086728,KCab,central,left,81.4,81.4,60.6,81.8,False,False
16649,720575940613200918,KCg-m,central,left,81.4,82.9,63.7,86.4,False,False
112387,720575940633413715,AVLP594,central,left,81.4,87.1,62.5,81.8,False,False
112042,720575940633312482,KCab,central,right,81.4,85.7,63.7,81.8,False,False
16872,720575940613272799,KCab,central,right,81.4,84.3,63.1,81.8,False,False
79502,720575940626975899,KCab,central,right,81.4,84.3,61.2,81.8,False,False
77880,720575940626705937,LAL148,central,right,81.4,87.1,62.5,81.8,False,False
78358,720575940626792209,KCg-m,central,right,81.4,84.3,63.1,86.4,False,False
17532,720575940613487597,LHAV7a3,central,left,81.4,85.7,63.1,81.8,False,False
124939,720575940638496896,KCg-m,central,left,81.4,82.9,63.1,81.8,False,False
4296,720575940607146162,KCg-m,central,left,81.4,85.7,61.9,77.3,False,False
52840,720575940622066390,CB0292,central,right,81.4,81.4,65.6,86.4,False,False
8353,720575940609970801,KCab,central,right,81.4,85.7,63.1,81.8,False,False
8369,720575940609979610,SMP208,central,left,81.4,84.3,63.1,81.8,False,False
52827,720575940622064041,KCab,central,left,81.4,84.3,62.5,86.4,False,False
89678,720575940628695414,KCab,central,right,81.4,80.0,60.6,81.8,False,False
22869,720575940615160239,OA-VUMa6,central,center,81.4,81.4,62.5,77.3,False,False
40504,720575940619802539,KCab,central,right,81.4,84.3,65.0,86.4,False,False
73131,720575940625773605,KCab,central,left,81.4,82.9,62.5,81.8,False,False
13218,720575940612146129,CB2293,central,right,81.4,84.3,63.1,86.4,False,False
6477,720575940608823509,KCg-m,central,right,81.4,85.7,62.5,81.8,False,False
63140,720575940623890890,KCg-m,central,right,81.4,84.3,61.2,81.8,False,False
128024,720575940639846488,KCg-m,central,right,81.4,82.9,62.5,86.4,False,False
96991,720575940630114108,KCg-m,central,right,81.4,84.3,62.5,81.8,False,False
48298,720575940621280545,KCg-m,central,left,81.4,84.3,63.1,81.8,False,False
5945,720575940608379915,SMP531,central,left,81.4,82.9,61.2,86.4,False,False
114532,720575940634163552,KCg-m,central,left,81.4,82.9,61.9,77.3,False,False
3744,720575940606725833,CB3061,central,left,81.4,82.9,61.9,81.8,False,False
63536,720575940623957173,PVLP010,central,left,81.4,81.4,62.5,86.4,False,False
73095,720575940625767568,CB2679,central,right,81.4,87.1,63.7,86.4,False,False
127030,720575940639409315,KCg-m,central,right,81.4,82.9,61.9,81.8,False,False
126842,720575940639309390,KCg-m,central,left,81.4,84.3,63.1,81.8,False,False
23556,720575940615358038,KCab,central,left,81.4,82.9,63.1,86.4,False,False
32814,720575940617924432,KCab,central,right,81.4,80.0,60.6,81.8,False,False
33740,720575940618130625,CRE017,central,left,81.4,84.3,64.4,86.4,False,False
133275,720575940644583534,KCg-m,central,right,81.4,85.7,62.5,81.8,False,False
103271,720575940631292202,KCg-m,central,left,81.4,80.0,60.0,77.3,False,False
23294,720575940615274838,KCg-m,central,left,81.4,87.1,65.0,86.4,False,False
58775,720575940623102396,KCg-m,central,right,80.0,81.4,62.5,81.8,False,False
18535,720575940613799436,KCab,central,right,80.0,81.4,61.2,81.8,False,False
8633,720575940610147826,KCab,central,right,80.0,84.3,63.1,86.4,False,False
44866,720575940620684014,KCg-s2,central,left,80.0,84.3,64.4,90.9,False,False
27236,720575940616417364,KCab,central,left,80.0,81.4,61.2,77.3,False,False
94052,720575940629528570,CB2889,central,right,80.0,82.9,63.1,81.8,False,False
126272,720575940639069493,KCg-m,central,right,80.0,85.7,62.5,86.4,False,False
93992,720575940629515306,KCg-m,central,right,80.0,82.9,61.2,81.8,False,False
27051,720575940616370065,LAL030b,central,right,80.0,80.0,59.4,81.8,False,False
1529,720575940605290441,KCg-m,central,right,80.0,82.9,63.1,81.8,False,False
93241,720575940629380034,ORN_DC1,sensory,right,80.0,81.4,61.2,81.8,False,False
29378,720575940617024769,KCab,central,left,80.0,82.9,61.2,81.8,False,False
46801,720575940621010804,KCg-m,central,right,80.0,84.3,61.9,86.4,False,False
64119,720575940624054675,KCab,central,right,80.0,80.0,60.0,81.8,False,False
60482,720575940623393038,KCg-m,central,left,80.0,85.7,61.9,81.8,False,False
51896,720575940621888169,KCg-m,central,right,80.0,81.4,61.2,81.8,False,False
132572,720575940643797408,CB1799,central,left,80.0,82.9,63.1,81.8,False,False
19339,720575940614115515,KCab,central,right,80.0,82.9,63.1,81.8,False,False
135384,720575940646697780,KCg-m,central,right,80.0,81.4,61.2,81.8,False,False
20695,720575940614549906,KCg-m,central,left,80.0,82.9,61.2,77.3,False,False
106149,720575940631931183,ORN_D,sensory,right,80.0,82.9,62.5,86.4,False,False
35791,720575940618599478,LHPV6a10,central,left,80.0,90.0,65.0,90.9,False,False
1948,720575940605625958,CB1870,central,right,80.0,80.0,61.2,86.4,False,False
5081,720575940607792139,KCg-m,central,right,80.0,82.9,61.2,81.8,False,False
47737,720575940621174192,KCab,central,right,80.0,80.0,58.8,81.8,False,False
28739,720575940616859259,KCg-m,central,right,80.0,84.3,61.2,81.8,False,False
35738,720575940618586459,KCab,central,right,80.0,77.1,57.5,77.3,False,False
83784,720575940627680516,PAM07,central,left,80.0,81.4,63.1,81.8,False,False
21528,720575940614768278,KCg-m,central,right,80.0,84.3,61.9,81.8,False,False
20280,720575940614404288,KCab,central,left,80.0,80.0,61.2,81.8,False,False
34386,720575940618263365,LAL182,central,right,80.0,78.6,63.7,81.8,False,False
104704,720575940631586924,LHAV4c1,central,right,80.0,81.4,60.6,77.3,False,False
105106,720575940631673484,SMP182,central,right,80.0,82.9,62.5,86.4,False,False
4527,720575940607310531,KCab,central,right,80.0,82.9,61.2,81.8,False,False
792,720575940604626912,KCab,central,left,80.0,82.9,63.7,81.8,False,False
431,720575940604008672,KCg-m,central,right,80.0,84.3,61.9,81.8,False,False
42345,720575940620196336,KCg-m,central,left,80.0,82.9,63.1,86.4,False,False
44493,720575940620622691,CB3457,central,right,80.0,81.4,61.2,81.8,False,False
30053,720575940617221403,KCg-m,central,left,80.0,82.9,61.2,86.4,False,False
132370,720575940643517038,CB2761,central,right,80.0,84.3,61.9,81.8,False,False
46089,720575940620892877,KCab,central,right,80.0,84.3,63.1,86.4,False,False
68431,720575940624852120,KCab,central,right,80.0,81.4,61.9,81.8,False,False
12426,720575940611855729,KCg-m,central,right,80.0,82.9,62.5,81.8,False,False
121647,720575940637050933,KCg-m,central,right,80.0,81.4,60.6,81.8,False,False
51774,720575940621861637,PAM09,central,right,80.0,82.9,62.5,81.8,False,False
41236,720575940619970586,KCg-m,central,right,80.0,81.4,61.9,81.8,False,False
88936,720575940628561111,KCg-m,central,left,80.0,81.4,61.9,81.8,False,False
136489,720575940648993145,KCg-m,central,left,80.0,82.9,61.9,77.3,False,False
58209,720575940623010253,KCg-m,central,right,80.0,84.3,61.9,81.8,False,False
42753,720575940620283227,KCg-m,central,left,80.0,82.9,63.1,81.8,False,False
58248,720575940623016644,KCg-m,central,right,80.0,82.9,61.2,81.8,False,False
39130,720575940619455448,LHAV2b1,central,right,80.0,80.0,61.2,77.3,False,False
77459,720575940626633960,KCg-m,central,left,80.0,82.9,62.5,86.4,False,False
39880,720575940619667041,KCab,central,left,80.0,81.4,61.9,81.8,False,False
76649,720575940626474889,KCab,central,right,80.0,78.6,57.5,81.8,False,False
57280,720575940622843747,PLP144,central,right,80.0,78.6,58.1,77.3,False,False
134261,720575940645431075,ORN_D,sensory,left,80.0,81.4,63.1,81.8,False,False
42185,720575940620159659,CB1354,central,right,80.0,81.4,61.2,81.8,False,False
17354,720575940613434178,KCab,central,right,80.0,81.4,62.5,81.8,False,False
33812,720575940618146619,CB2561,central,left,80.0,82.9,61.2,81.8,False,False
40597,720575940619828359,KCg-m,central,right,80.0,78.6,60.0,81.8,False,False
1745,720575940605451552,KCab,central,right,80.0,82.9,61.2,81.8,False,False
115868,720575940634708705,ATL012,central,right,80.0,81.4,61.2,86.4,False,False
14590,720575940612590102,KCg-m,central,left,80.0,82.9,63.1,81.8,False,False
41631,720575940620045061,KCg-m,central,left,80.0,84.3,61.9,81.8,False,False
41409,720575940620007457,KCg-m,central,right,80.0,81.4,60.6,77.3,False,False
75411,720575940626220574,KCg-m,central,left,80.0,80.0,58.8,77.3,False,False
1478,720575940605252041,KCg-m,central,right,80.0,82.9,61.9,81.8,False,False
32945,720575940617954075,KCg-m,central,left,80.0,84.3,63.1,86.4,False,False
22694,720575940615113867,KCg-m,central,left,80.0,84.3,63.1,86.4,False,False
88166,720575940628415079,KCg-m,central,right,80.0,82.9,61.9,81.8,False,False
88066,720575940628401681,CB2877,central,left,80.0,84.3,61.9,81.8,False,False
101994,720575940631054540,KCab,central,right,80.0,82.9,62.5,81.8,False,False
51169,720575940621764385,KCg-m,central,left,80.0,81.4,61.9,81.8,False,False
136836,720575940650519542,KCab,central,left,80.0,77.1,59.4,81.8,False,False
62029,720575940623673802,CB1321,central,right,80.0,82.9,60.0,77.3,False,False
32530,720575940617854036,KCg-m,central,left,80.0,84.3,61.9,81.8,False,False
22049,720575940614928234,CB3198,central,left,80.0,80.0,61.2,81.8,False,False
2860,720575940606149321,AVLP076,central,right,80.0,85.7,65.0,90.9,False,False
51317,720575940621784926,KCg-m,central,left,80.0,82.9,61.2,81.8,False,False
23177,720575940615247923,LHPV4b1,central,right,80.0,81.4,62.5,81.8,False,False
116637,720575940635016048,KCab,central,right,80.0,81.4,61.2,81.8,False,False
72773,720575940625702949,KCab,central,right,80.0,81.4,61.9,81.8,False,False
72547,720575940625663674,KCg-m,central,right,80.0,82.9,61.9,81.8,False,False
100761,720575940630823239,KCab,central,left,80.0,85.7,63.1,81.8,False,False
90120,720575940628777948,KCg-m,central,left,80.0,84.3,60.6,77.3,False,False
89983,720575940628753999,CB2776,central,right,80.0,82.9,62.5,81.8,False,False
125904,720575940638925877,KCg-m,central,right,80.0,82.9,60.0,77.3,False,False
8229,720575940609903602,M_VPNml66,central,right,80.0,81.4,62.5,86.4,False,False
48609,720575940621334980,KCg-m,central,right,80.0,81.4,60.6,81.8,False,False
48658,720575940621341300,CB3240,central,left,80.0,82.9,61.9,81.8,False,False
61116,720575940623498634,CB1512,central,right,80.0,75.7,56.9,77.3,False,False
65669,720575940624311787,LHPD4a1,central,left,80.0,80.0,61.9,86.4,False,False
8299,720575940609940373,KCab,central,right,80.0,84.3,63.1,81.8,False,False
90841,720575940628901246,KCg-m,central,left,80.0,84.3,62.5,81.8,False,False
65528,720575940624290855,KCab,central,left,80.0,82.9,61.9,81.8,False,False
27783,720575940616578646,KCg-m,central,right,80.0,82.9,61.9,86.4,False,False
65545,720575940624293048,KCg-m,central,right,80.0,82.9,62.5,86.4,False,False
27826,720575940616589142,KCg-m,central,left,80.0,80.0,61.2,81.8,False,False
132386,720575940643536919,CB1962,central,left,80.0,82.9,61.2,81.8,False,False
93756,720575940629477674,KCg-m,central,right,78.6,82.9,61.2,86.4,False,False
29809,720575940617147321,CB0939,central,left,78.6,78.6,60.0,81.8,False,False
96754,720575940630060539,KCg-m,central,left,78.6,81.4,62.5,86.4,False,False
65606,720575940624302008,KCg-m,central,right,78.6,80.0,60.6,81.8,False,False
23844,720575940615438495,LHPV3c1,central,left,78.6,81.4,62.5,81.8,False,False
32410,720575940617825949,SMP568,central,right,78.6,81.4,61.9,81.8,False,False
24073,720575940615506242,LHAV2k13,central,right,78.6,81.4,60.6,77.3,False,False
101336,720575940630935570,KCg-m,central,right,78.6,81.4,61.9,81.8,False,False
25345,720575940615897501,KCab,central,right,78.6,81.4,61.9,81.8,False,False
99531,720575940630610042,DNp32,descending,right,78.6,87.1,60.6,81.8,False,False
31002,720575940617474629,KCg-m,central,right,78.6,81.4,60.0,81.8,False,False
30105,720575940617238457,KCab,central,right,78.6,81.4,60.6,77.3,False,False
30605,720575940617369017,KCg-m,central,left,78.6,84.3,62.5,81.8,False,False
125852,720575940638900713,PVLP011,central,right,78.6,80.0,63.1,86.4,False,False
128336,720575940639988352,KCg-m,central,right,78.6,84.3,61.2,81.8,False,False
129654,720575940640608219,LAL113,central,left,78.6,84.3,61.9,86.4,False,False
48943,720575940621388301,KCab,central,left,78.6,81.4,60.6,77.3,False,False
6109,720575940608527150,KCg-m,central,right,78.6,80.0,60.6,81.8,False,False
6024,720575940608447241,KCab,central,right,78.6,82.9,61.2,81.8,False,False
127192,720575940639483125,KCg-m,central,left,78.6,82.9,63.1,81.8,False,False
96818,720575940630078348,KCg-m,central,right,78.6,81.4,61.2,81.8,False,False
40478,720575940619794512,KCg-m,central,right,78.6,80.0,60.0,81.8,False,False
2915,720575940606185858,SMP495a,central,right,78.6,78.6,58.8,81.8,False,False
72915,720575940625733351,DNc02,descending,right,78.6,81.4,60.6,81.8,False,False
22245,720575940614991221,PAM08,central,left,78.6,81.4,61.9,81.8,False,False
58107,720575940622996104,KCg-m,central,right,78.6,80.0,60.0,81.8,False,False
58203,720575940623009416,KCg-m,central,right,78.6,82.9,61.2,81.8,False,False
88366,720575940628453690,LAL001,central,left,78.6,80.0,61.2,81.8,False,False
33104,720575940617991195,CL053,central,left,78.6,82.9,61.2,86.4,False,False
43325,720575940620411841,KCg-m,central,right,78.6,80.0,60.0,81.8,False,False
120547,720575940636553390,KCab,central,right,78.6,77.1,58.1,72.7,False,False
70170,720575940625155877,KCg-m,central,right,78.6,78.6,59.4,77.3,False,False
121027,720575940636769343,KCg-m,central,right,78.6,80.0,60.6,81.8,False,False
121878,720575940637164260,KCg-m,central,right,78.6,81.4,61.2,81.8,False,False
58300,720575940623023544,KCab,central,right,78.6,77.1,60.0,77.3,False,False
50850,720575940621709132,KCg-m,central,right,78.6,77.1,57.5,72.7,False,False
58221,720575940623011720,KCg-m,central,right,78.6,82.9,61.2,81.8,False,False
51483,720575940621809246,KCg-m,central,right,78.6,78.6,58.8,77.3,False,False
12018,720575940611702165,KCg-m,central,left,78.6,80.0,61.2,81.8,False,False
70986,720575940625343640,KCab,central,right,78.6,81.4,61.2,81.8,False,False
120307,720575940636447630,KCab,central,right,78.6,81.4,61.2,81.8,False,False
11433,720575940611489010,KCg-m,central,left,78.6,81.4,61.2,81.8,False,False
72423,720575940625642340,KCab,central,right,78.6,78.6,59.4,77.3,False,False
72502,720575940625656980,PVLP151,central,left,78.6,80.0,63.1,81.8,False,False
17865,720575940613593503,KCab,central,right,78.6,80.0,60.0,81.8,False,False
111362,720575940633145996,PAM01,central,left,78.6,82.9,61.2,81.8,False,False
41147,720575940619953172,CB1237,central,right,78.6,77.1,56.9,72.7,False,False
14133,720575940612450730,KCg-m,central,right,78.6,81.4,61.9,81.8,False,False
40916,720575940619902343,KCab,central,left,78.6,82.9,61.2,81.8,False,False
75000,720575940626125626,HRN_VP5,sensory,right,78.6,82.9,60.6,77.3,False,False
41094,720575940619938998,KCab,central,right,78.6,81.4,61.9,81.8,False,False
39851,720575940619659969,KCg-m,central,left,78.6,81.4,61.9,81.8,False,False
40469,720575940619793012,KCab,central,left,78.6,82.9,62.5,81.8,False,False
1684,720575940605411104,LHPV2f2,central,left,78.6,80.0,61.2,81.8,False,False
86222,720575940628095488,KCab,central,left,78.6,80.0,61.2,81.8,False,False
34007,720575940618184839,KCg-m,central,right,78.6,81.4,61.2,81.8,False,False
113257,720575940633691161,KCg-m,central,left,78.6,78.6,57.5,77.3,False,False
113503,720575940633771256,KCab,central,left,78.6,81.4,60.6,81.8,False,False
39884,720575940619668053,KCg-m,central,right,78.6,80.0,60.6,81.8,False,False
78050,720575940626738438,CB3036,central,left,78.6,80.0,59.4,77.3,False,False
78306,720575940626782507,KCg-m,central,right,78.6,81.4,60.6,81.8,False,False
77517,720575940626643944,KCg-m,central,left,78.6,80.0,61.2,81.8,False,False
133818,720575940645023598,CB0952,central,left,78.6,80.0,58.8,77.3,False,False
3116,720575940606347394,KCg-m,central,right,78.6,81.4,61.2,81.8,False,False
77778,720575940626688893,KCg-m,central,right,78.6,81.4,61.2,81.8,False,False
110621,720575940632927405,KCg-m,central,right,78.6,82.9,62.5,81.8,False,False
117523,720575940635307256,CB2379,central,left,78.6,78.6,58.8,77.3,False,False
123988,720575940638083647,CB2053,central,left,78.6,82.9,61.9,81.8,False,False
124685,720575940638379598,LAL030b,central,left,78.6,82.9,61.9,81.8,False,False
136931,720575940650844150,CB1117,central,right,78.6,81.4,60.0,77.3,False,False
92973,720575940629322746,KCab,central,left,78.6,81.4,60.6,81.8,False,False
66231,720575940624405235,CB2534,central,right,78.6,80.0,62.5,81.8,False,False
8672,720575940610175218,KCab,central,right,78.6,72.9,55.6,77.3,False,False
44361,720575940620602236,HRN_VP4,sensory,right,78.6,80.0,60.0,81.8,False,False
58744,720575940623096870,LAL101,central,left,78.6,82.9,60.6,86.4,False,False
5089,720575940607804939,KCab,central,right,78.6,81.4,61.2,81.8,False,False
60522,720575940623400445,KCg-m,central,right,78.6,82.9,60.6,81.8,False,False
52021,720575940621911813,CB2011,central,left,78.6,80.0,60.0,77.3,False,False
51876,720575940621885191,KCab,central,right,78.6,78.6,60.0,81.8,False,False
108733,720575940632495052,KCg-m,central,right,78.6,81.4,63.1,81.8,False,False
79953,720575940627046693,LHAD1f3b,central,left,78.6,82.9,60.6,86.4,False,False
110164,720575940632816301,LHAV4a6,central,right,78.6,78.6,60.6,77.3,False,False
21158,720575940614676447,ORN_DC1,sensory,left,78.6,80.0,60.0,77.3,False,False
34940,720575940618396399,KCab,central,right,78.6,80.0,61.2,81.8,False,False
34788,720575940618359745,KCab,central,right,78.6,80.0,59.4,81.8,False,False
105492,720575940631764281,KCg-m,central,right,78.6,81.4,61.2,81.8,False,False
19851,720575940614282238,KCg-m,central,right,78.6,81.4,63.1,81.8,False,False
85988,720575940628056375,KCab,central,right,78.6,81.4,61.9,86.4,False,False
85148,720575940627915280,KCg-m,central,left,78.6,81.4,60.6,81.8,False,False
52208,720575940621948810,KCab,central,right,78.6,80.0,60.6,81.8,False,False
30763,720575940617410705,KCg-m,central,left,78.6,80.0,60.6,81.8,False,False
20497,720575940614476434,LHPV2i2a,central,right,78.6,80.0,60.6,77.3,False,False
20019,720575940614327202,KCg-m,central,right,78.6,80.0,61.2,81.8,False,False
82407,720575940627426837,KCg-m,central,right,78.6,81.4,60.6,77.3,False,False
56656,720575940622727572,KCab,central,right,78.6,81.4,61.9,81.8,False,False
52458,720575940621999044,KCg-m,central,right,78.6,82.9,60.0,77.3,False,False
84046,720575940627724431,CB1238,central,right,78.6,78.6,59.4,77.3,False,False
83306,720575940627587078,KCab,central,right,78.6,78.6,58.8,77.3,False,False
1896,720575940605583136,FB4Y,central,left,78.6,84.3,65.0,81.8,False,False
105623,720575940631801631,KCg-m,central,right,78.6,81.4,59.4,81.8,False,False
20958,720575940614625211,KCab,central,left,78.6,81.4,60.6,81.8,False,False
9793,720575940610739930,KCg-m,central,left,78.6,81.4,60.0,77.3,False,False
44163,720575940620570025,CB2781,central,left,78.6,81.4,61.2,81.8,False,False
44178,720575940620572125,KCab,central,right,78.6,78.6,60.0,81.8,False,False
10155,720575940610929778,KCab,central,left,78.6,82.9,60.6,77.3,False,False
4439,720575940607249365,CRE080a,central,right,78.6,82.9,60.6,81.8,False,False
482,720575940604103200,KCg-m,central,left,78.6,81.4,60.0,81.8,False,False
47159,720575940621076429,KCab,central,left,78.6,81.4,60.0,81.8,False,False
4491,720575940607280818,KCg-m,central,right,78.6,81.4,61.9,81.8,False,False
125982,720575940638962851,KCab,central,left,78.6,80.0,60.0,81.8,False,False
126541,720575940639173173,LHAD1a2,central,right,78.6,77.1,57.5,77.3,False,False
65626,720575940624305643,CB3048,central,left,78.6,80.0,60.6,81.8,False,False
93732,720575940629474090,KCab,central,right,78.6,81.4,61.9,81.8,False,False
96268,720575940629969111,LAL148,central,left,78.6,78.6,60.6,81.8,False,False
94449,720575940629611794,KCab,central,left,78.6,81.4,61.2,81.8,False,False
26986,720575940616350011,KCab,central,right,78.6,81.4,61.2,81.8,False,False
54237,720575940622294808,KCg-m,central,right,78.6,81.4,59.4,77.3,False,False
298,720575940603721248,KCab,central,right,78.6,78.6,59.4,77.3,False,False
116536,720575940634975851,KCg-m,central,right,77.1,81.4,58.8,77.3,False,False
27747,720575940616569227,KCg-m,central,right,77.1,80.0,60.0,77.3,False,False
116541,720575940634977893,KCab,central,right,77.1,78.6,57.5,77.3,False,False
14089,720575940612436264,KCab,central,left,77.1,78.6,59.4,81.8,False,False
58197,720575940623008440,KCg-m,central,right,77.1,77.1,58.1,77.3,False,False
93914,720575940629502506,KCg-m,central,right,77.1,77.1,57.5,77.3,False,False
29786,720575940617141789,ORN_DC1,sensory,right,77.1,80.0,60.0,77.3,False,False
60691,720575940623431571,DNge008,descending,right,77.1,80.0,60.6,77.3,False,False
29550,720575940617071321,KCab,central,right,77.1,77.1,58.8,77.3,False,False
120004,720575940636301431,CB2677,central,left,77.1,77.1,59.4,77.3,False,False
120342,720575940636470629,WEDPN2B,central,left,77.1,75.7,57.5,77.3,False,False
76131,720575940626368168,LHAV2a3c,central,left,77.1,80.0,60.6,77.3,False,False
51326,720575940621786295,KCab,central,right,77.1,77.1,57.5,77.3,False,False
74810,720575940626090340,KCg-m,central,right,77.1,78.6,59.4,81.8,False,False
75321,720575940626199580,KCg-m,central,left,77.1,80.0,60.6,81.8,False,False
12024,720575940611704813,KCab,central,right,77.1,80.0,60.0,81.8,False,False
40570,720575940619821392,SMP081,central,left,77.1,78.6,60.6,81.8,False,False
38377,720575940619245016,PPL107,central,right,77.1,81.4,55.6,68.2,False,False
111350,720575940633142170,KCg-m,central,left,77.1,78.6,58.8,77.3,False,False
61254,720575940623521806,KCab,central,right,77.1,80.0,59.4,77.3,False,False
38716,720575940619332944,DNg99,descending,right,77.1,77.1,59.4,77.3,False,False
1119,720575940604941234,CB2828,central,right,77.1,81.4,61.2,77.3,False,False
121892,720575940637169998,KCg-m,central,right,77.1,82.9,58.8,81.8,False,False
121929,720575940637186638,KCab,central,right,77.1,77.1,59.4,77.3,False,False
122127,720575940637277117,KCab,central,right,77.1,80.0,60.0,81.8,False,False
110594,720575940632919265,KCg-m,central,right,77.1,80.0,60.0,81.8,False,False
79806,720575940627025039,KCg-m,central,left,77.1,80.0,58.8,77.3,False,False
1371,720575940605154988,AN_GNG_40,ascending,right,77.1,81.4,58.1,77.3,False,False
27439,720575940616482363,ORN_DC1,sensory,right,77.1,78.6,59.4,77.3,False,False
76283,720575940626397565,KCg-m,central,right,77.1,80.0,60.6,81.8,False,False
71294,720575940625405072,KCab,central,left,77.1,78.6,58.1,77.3,False,False
43040,720575940620344837,KCg-m,central,right,77.1,80.0,60.6,77.3,False,False
121897,720575940637171684,KCab,central,left,77.1,82.9,61.2,81.8,False,False
120568,720575940636561636,KCg-m,central,left,77.1,81.4,60.0,81.8,False,False
111767,720575940633231827,KCg-m,central,left,77.1,81.4,60.0,77.3,False,False
18474,720575940613782796,KCg-m,central,right,77.1,80.0,58.8,77.3,False,False
2508,720575940605934001,KCg-m,central,right,77.1,78.6,59.4,77.3,False,False
43308,720575940620408353,CB2554,central,right,77.1,70.0,52.5,68.2,False,False
77705,720575940626674707,ORN_DC1,sensory,left,77.1,80.0,60.0,81.8,False,False
95989,720575940629922166,KCg-m,central,right,77.1,80.0,58.8,77.3,False,False
138104,720575940658795137,KCg-m,central,right,77.1,80.0,60.6,81.8,False,False
53874,720575940622228812,KCg-m,central,right,77.1,80.0,60.6,81.8,False,False
52934,720575940622081057,CB2919,central,left,77.1,78.6,60.6,81.8,False,False
32324,720575940617807517,KCg-m,central,right,77.1,80.0,58.1,77.3,False,False
32148,720575940617756450,KCg-m,central,right,77.1,77.1,57.5,77.3,False,False
24807,720575940615728102,KCab,central,right,77.1,75.7,56.9,77.3,False,False
24285,720575940615577542,KCg-m,central,left,77.1,81.4,60.0,81.8,False,False
63399,720575940623934100,KCab,central,left,77.1,82.9,60.6,81.8,False,False
63597,720575940623969684,KCg-m,central,left,77.1,80.0,60.6,81.8,False,False
94766,720575940629681278,LHPV10c1,central,right,77.1,78.6,59.4,77.3,False,False
83132,720575940627552168,KCg-m,central,right,77.1,81.4,61.2,81.8,False,False
82717,720575940627480853,KCg-m,central,right,77.1,81.4,60.0,81.8,False,False
83461,720575940627621626,KCab,central,right,77.1,77.1,58.1,77.3,False,False
123921,720575940638056164,CB2920,central,left,77.1,78.6,59.4,81.8,False,False
105473,720575940631759161,KCab,central,right,77.1,77.1,56.9,77.3,False,False
45162,720575940620725720,M_lvPNm41,central,left,77.1,80.0,60.6,81.8,False,False
91111,720575940628951119,M_vPNml69,central,left,77.1,80.0,60.0,81.8,False,False
90811,720575940628895831,KCab,central,right,77.1,78.6,60.0,77.3,False,False
21449,720575940614744991,KCab,central,right,77.1,75.7,58.1,77.3,False,False
86328,720575940628111997,CB3012,central,right,77.1,78.6,58.8,77.3,False,False
85629,720575940627996156,CB3584,central,right,77.1,82.9,61.2,81.8,False,False
31174,720575940617514653,ORN_DA4m,sensory,right,77.1,80.0,60.0,81.8,False,False
31100,720575940617496209,CB3374,central,left,77.1,78.6,59.4,77.3,False,False
124296,720575940638204132,DNge053,descending,left,77.1,75.7,58.1,81.8,False,False
36967,720575940618889387,KCab,central,left,77.1,80.0,59.4,77.3,False,False
108477,720575940632434340,KCg-m,central,right,77.1,80.0,59.4,81.8,False,False
129144,720575940640340725,KCab,central,left,77.1,78.6,59.4,77.3,False,False
98719,720575940630456996,KCab,central,right,77.1,78.6,59.4,77.3,False,False
98516,720575940630418937,KCg-m,central,left,77.1,82.9,60.6,81.8,False,False
91753,720575940629075191,ORN_VM1,sensory,right,77.1,80.0,58.8,77.3,False,False
92589,720575940629240263,DNge041,descending,right,77.1,72.9,58.8,77.3,False,False
3984,720575940606892162,KCab,central,right,77.1,77.1,56.9,72.7,False,False
108908,720575940632532511,KCg-m,central,left,77.1,78.6,59.4,77.3,False,False
50471,720575940621646728,KCab,central,left,77.1,80.0,60.6,81.8,False,False
81267,720575940627245585,VP4_vPN,central,left,77.1,78.6,60.0,77.3,False,False
37372,720575940618989421,KCab,central,right,77.1,78.6,59.4,81.8,False,False
9356,720575940610523746,PAM04,central,right,77.1,80.0,60.6,77.3,False,False
18823,720575940613914774,HRN_VP4,sensory,right,77.1,81.4,60.0,81.8,False,False
109248,720575940632617164,KCg-m,central,right,77.1,80.0,61.2,81.8,False,False
19010,720575940613987730,KCg-m,central,right,77.1,80.0,61.2,81.8,False,False
67708,720575940624709925,KCg-m,central,left,77.1,80.0,60.0,77.3,False,False
116374,720575940634914552,KCg-m,central,right,77.1,81.4,61.2,86.4,False,False
95154,720575940629763575,SMP182,central,left,77.1,80.0,60.0,81.8,False,False
138255,720575940659879041,KCg-m,central,left,77.1,80.0,60.0,77.3,False,False
23717,720575940615405378,KCg-m,central,left,77.1,78.6,59.4,81.8,False,False
100022,720575940630696901,ORN_DL5,sensory,left,77.1,80.0,59.4,77.3,False,False
103605,720575940631360429,KCab,central,left,77.1,78.6,59.4,77.3,False,False
32962,720575940617957915,KCab,central,left,77.1,77.1,58.8,77.3,False,False
103843,720575940631408610,KCab,central,right,77.1,78.6,58.8,77.3,False,False
126119,720575940639022755,KCg-m,central,left,77.1,81.4,60.6,81.8,False,False
33223,720575940618021147,KCg-m,central,left,77.1,80.0,60.6,81.8,False,False
784,720575940604620512,KCab,central,left,77.1,80.0,58.8,77.3,False,False
62644,720575940623799335,ORN_DC1,sensory,left,77.1,80.0,59.4,77.3,False,False
6405,720575940608767957,KCg-m,central,left,77.1,78.6,58.1,77.3,False,False
48135,720575940621251818,CB1545,central,left,77.1,78.6,60.0,81.8,False,False
99743,720575940630650711,KCg-m,central,right,77.1,78.6,59.4,81.8,False,False
88233,720575940628427369,PAM09,central,left,77.1,81.4,60.0,81.8,False,False
87703,720575940628347654,CB2122,central,right,77.1,77.1,58.1,77.3,False,False
126236,720575940639057853,KCab,central,left,77.1,80.0,61.2,81.8,False,False
102280,720575940631106319,KCg-m,central,left,77.1,81.4,60.6,81.8,False,False
86742,720575940628186667,KCg-m,central,left,77.1,80.0,61.2,81.8,False,False
34098,720575940618201620,KCg-m,central,right,77.1,80.0,60.6,81.8,False,False
64742,720575940624158650,KCab,central,right,77.1,80.0,60.0,81.8,False,False
34405,720575940618266747,KCg-m,central,right,77.1,81.4,60.6,81.8,False,False
86009,720575940628059948,CB1296,central,right,77.1,75.7,58.1,77.3,False,False
7368,720575940609378424,KCg-m,central,left,77.1,78.6,58.8,72.7,False,False
120694,720575940636607886,CB3728,central,right,75.7,80.0,59.4,81.8,False,False
11831,720575940611631333,CB2559,central,left,75.7,77.1,58.1,77.3,False,False
92885,720575940629304364,KCg-m,central,left,75.7,80.0,60.0,81.8,False,False
5625,720575940608177988,KCab,central,left,75.7,75.7,58.1,77.3,False,False
69919,720575940625102224,AVLP079,central,right,75.7,77.1,58.1,72.7,False,False
76739,720575940626492059,LHPV4a1,central,right,75.7,77.1,58.1,77.3,False,False
77158,720575940626578161,KCab,central,left,75.7,78.6,60.0,81.8,False,False
131128,720575940641866912,KCab,central,right,75.7,75.7,56.2,77.3,False,False
14094,720575940612437674,CRE043,central,right,75.7,80.0,60.0,77.3,False,False
96226,720575940629960955,KCg-m,central,left,75.7,78.6,58.8,77.3,False,False
49589,720575940621503220,CB3873,central,left,75.7,80.0,58.8,77.3,False,False
131074,720575940641773472,v2LN39a,central,left,75.7,77.1,58.1,77.3,False,False
27725,720575940616564853,CB1527,central,right,75.7,78.6,59.4,77.3,False,False
116524,720575940634970559,CB1363,central,left,75.7,77.1,58.1,77.3,False,False
72958,720575940625741455,KCg-m,central,right,75.7,78.6,60.6,81.8,False,False
14083,720575940612434661,CB3108,central,left,75.7,78.6,58.8,77.3,False,False
14084,720575940612435198,KCab,central,right,75.7,77.1,58.1,77.3,False,False
39444,720575940619559815,IB092,central,right,75.7,77.1,58.1,77.3,False,False
112904,720575940633580024,KCg-m,central,right,75.7,78.6,59.4,77.3,False,False
77806,720575940626693130,PS057,central,right,75.7,68.6,52.5,72.7,False,False
69146,720575940624974010,KCg-m,central,right,75.7,78.6,58.8,77.3,False,False
134087,720575940645248878,KCg-m,central,right,75.7,78.6,59.4,77.3,False,False
42346,720575940620196628,M_vPNml60,central,left,75.7,77.1,58.1,77.3,False,False
119651,720575940636135543,KCg-m,central,right,75.7,77.1,59.4,81.8,False,False
133503,720575940644747572,KCab,central,right,75.7,80.0,60.0,81.8,False,False
12362,720575940611835098,LHPD4a1,central,left,75.7,77.1,58.1,77.3,False,False
119065,720575940635884143,KCg-m,central,right,75.7,75.7,58.1,77.3,False,False
72629,720575940625678613,KCg-m,central,right,75.7,80.0,58.8,77.3,False,False
74015,720575940625942590,KCg-m,central,right,75.7,78.6,59.4,81.8,False,False
73560,720575940625853989,KCg-m,central,left,75.7,78.6,59.4,81.8,False,False
115596,720575940634612654,CB1200,central,right,75.7,78.6,59.4,81.8,False,False
117531,720575940635309304,KCg-m,central,right,75.7,78.6,58.1,77.3,False,False
117159,720575940635180956,v2LN34E,central,right,75.7,78.6,59.4,77.3,False,False
11943,720575940611673586,LHPV2a5,central,left,75.7,75.7,57.5,77.3,False,False
96641,720575940630039547,KCg-m,central,right,75.7,78.6,58.8,81.8,False,False
70894,720575940625323795,KCg-m,central,right,75.7,78.6,58.1,81.8,False,False
132865,720575940644136983,KCg-m,central,right,75.7,78.6,58.8,77.3,False,False
120042,720575940636316137,KCab,central,left,75.7,77.1,57.5,77.3,False,False
77004,720575940626548234,KCg-m,central,right,75.7,77.1,59.4,81.8,False,False
68871,720575940624923324,LHAD1d1,central,left,75.7,78.6,57.5,77.3,False,False
79325,720575940626948485,KCg-m,central,right,75.7,80.0,60.6,81.8,False,False
54881,720575940622398728,KCab,central,right,75.7,77.1,58.1,77.3,False,False
8368,720575940609979505,KCab,central,right,75.7,72.9,55.6,72.7,False,False
25361,720575940615901597,KCab,central,right,75.7,80.0,59.4,81.8,False,False
85349,720575940627946261,DNa10,descending,right,75.7,78.6,61.9,77.3,False,False
99472,720575940630600775,"ATL017,ATL018",central,right,75.7,80.0,58.8,81.8,False,False
31080,720575940617492805,KCab,central,right,75.7,77.1,58.8,81.8,False,False
65865,720575940624344328,LHPV2h1,central,right,75.7,80.0,58.1,77.3,False,False
20501,720575940614478230,LHPD3a5,central,left,75.7,78.6,58.1,77.3,False,False
66756,720575940624514599,LHAV2g2_a,central,left,75.7,78.6,58.1,77.3,False,False
83637,720575940627656281,LHAD1b3,central,left,75.7,78.6,59.4,77.3,False,False
66594,720575940624480148,KCg-m,central,right,75.7,80.0,59.4,77.3,False,False
135273,720575940646564916,PAM08,central,left,75.7,78.6,58.1,77.3,False,False
20645,720575940614533226,KCg-m,central,left,75.7,77.1,56.9,77.3,False,False
105460,720575940631756136,KCg-m,central,right,75.7,80.0,58.8,77.3,False,False
36494,720575940618765528,KCg-m,central,right,75.7,80.0,58.1,77.3,False,False
106454,720575940631990343,CB1079,central,left,75.7,78.6,60.6,81.8,False,False
58787,720575940623105023,KCg-m,central,right,75.7,78.6,58.8,77.3,False,False
58754,720575940623099085,CB3294,central,right,75.7,78.6,60.0,77.3,False,False
37507,720575940619021958,KCab,central,left,75.7,80.0,58.8,77.3,False,False
122859,720575940637595507,KCab,central,right,75.7,75.7,56.2,72.7,False,False
58795,720575940623106952,CB2701,central,right,75.7,77.1,58.1,77.3,False,False
80980,720575940627198085,KCg-m,central,left,75.7,77.1,58.1,77.3,False,False
92504,720575940629222759,KCg-m,central,right,75.7,78.6,60.0,81.8,False,False
128180,720575940639911888,KCab,central,left,75.7,80.0,58.8,77.3,False,False
9423,720575940610562713,KCg-m,central,left,75.7,77.1,59.4,81.8,False,False
91823,720575940629088450,KCg-m,central,right,75.7,78.6,57.5,77.3,False,False
67397,720575940624647299,KCab,central,right,75.7,78.6,58.1,77.3,False,False
56910,720575940622773784,KCg-m,central,right,75.7,78.6,58.8,81.8,False,False
134621,720575940645747747,KCg-m,central,left,75.7,77.1,57.5,72.7,False,False
57245,720575940622837482,KCg-m,central,right,75.7,78.6,58.1,81.8,False,False
108906,720575940632532255,KCg-m,central,right,75.7,81.4,59.4,81.8,False,False
124965,720575940638509952,HRN_VP4,sensory,left,75.7,78.6,58.1,77.3,False,False
30831,720575940617427713,KCg-m,central,right,75.7,78.6,58.8,77.3,False,False
91618,720575940629044862,CB1503,central,right,75.7,77.1,57.5,77.3,False,False
131781,720575940642624987,CB1079,central,left,75.7,78.6,57.5,77.3,False,False
4999,720575940607721923,KCab,central,left,75.7,78.6,60.0,81.8,False,False
30990,720575940617473051,KCg-m,central,right,75.7,74.3,55.6,72.7,False,False
22654,720575940615101452,KCg-m,central,right,75.7,80.0,58.8,77.3,False,False
64935,720575940624188413,CB2813,central,left,75.7,78.6,57.5,77.3,False,False
104555,720575940631555128,KCg-m,central,left,75.7,78.6,59.4,77.3,False,False
46288,720575940620925643,CB2667,central,left,75.7,78.6,58.8,77.3,False,False
90329,720575940628807503,KCg-m,central,right,75.7,80.0,59.4,77.3,False,False
6832,720575940609060420,SLP381,central,right,75.7,77.1,55.6,77.3,False,False
7011,720575940609190866,KCab,central,right,75.7,78.6,59.4,77.3,False,False
32819,720575940617926198,KCab,central,right,75.7,77.1,58.1,77.3,False,False
63726,720575940623991333,KCab,central,right,75.7,77.1,57.5,81.8,False,False
23841,720575940615437983,CB1375,central,right,75.7,71.4,53.1,68.2,False,False
101532,720575940630969555,KCab,central,right,75.7,75.7,56.9,77.3,False,False
101519,720575940630966840,KCg-m,central,right,75.7,80.0,58.8,77.3,False,False
49997,720575940621574026,KCg-m,central,right,75.7,78.6,58.1,81.8,False,False
89214,720575940628610012,KCab,central,left,75.7,78.6,58.1,77.3,False,False
89236,720575940628615683,PAM01,central,left,75.7,78.6,59.4,81.8,False,False
47740,720575940621174704,KCg-m,central,right,75.7,77.1,58.8,77.3,False,False
101406,720575940630947395,KCab,central,right,75.7,75.7,58.1,77.3,False,False
95486,720575940629830700,CB1454,central,left,75.7,77.1,58.8,77.3,False,False
53833,720575940622222921,KCab,central,right,75.7,74.3,55.0,68.2,False,False
94984,720575940629728811,mALB5,central,left,75.7,75.7,57.5,77.3,False,False
54053,720575940622263510,KCg-m,central,right,75.7,77.1,58.8,77.3,False,False
137642,720575940654500257,ORN_D,sensory,right,75.7,78.6,59.4,77.3,False,False
28175,720575940616701657,KCg-m,central,left,75.7,78.6,59.4,81.8,False,False
94221,720575940629563006,KCg-m,central,right,75.7,78.6,59.4,81.8,False,False
266,720575940603642982,KCab,central,right,75.7,77.1,58.1,81.8,False,False
59883,720575940623289831,KCab,central,left,74.3,77.1,56.2,77.3,False,False
137692,720575940654808225,KCab,central,left,74.3,77.1,57.5,77.3,False,False
28155,720575940616693531,ATL023,central,left,74.3,77.1,58.1,77.3,False,False
73172,720575940625781029,KCg-m,central,left,74.3,77.1,58.8,77.3,False,False
73557,720575940625853477,KCg-m,central,left,74.3,77.1,60.0,81.8,False,False
28928,720575940616910310,KCg-m,central,right,74.3,77.1,58.1,77.3,False,False
53882,720575940622229836,KCab,central,left,74.3,77.1,57.5,77.3,False,False
54598,720575940622352055,CB1363,central,right,74.3,77.1,58.8,77.3,False,False
132683,720575940643919908,LAL099,central,right,74.3,78.6,57.5,81.8,False,False
9378,720575940610535890,KCab,central,left,74.3,77.1,56.2,72.7,False,False
98499,720575940630414700,KCg-m,central,right,74.3,75.7,56.9,72.7,False,False
98208,720575940630351903,KCg-m,central,right,74.3,77.1,58.1,81.8,False,False
26572,720575940616229410,KCab,central,left,74.3,77.1,58.1,77.3,False,False
67445,720575940624659943,"MBON25,MBON34",central,left,74.3,78.6,58.1,81.8,False,False
19653,720575940614218346,KCg-m,central,left,74.3,78.6,58.1,77.3,False,False
106567,720575940632010567,KCg-m,central,right,74.3,75.7,58.1,77.3,False,False
98836,720575940630477305,KCg-m,central,right,74.3,78.6,58.8,77.3,False,False
48285,720575940621277445,CB2846,central,left,74.3,77.1,58.1,77.3,False,False
20208,720575940614383978,ATL014,central,left,74.3,75.7,57.5,77.3,False,False
136490,720575940648995705,KCab,central,right,74.3,74.3,56.2,72.7,False,False
88761,720575940628531308,KCab,central,right,74.3,75.7,56.2,72.7,False,False
31621,720575940617628962,KCg-m,central,right,74.3,75.7,58.1,77.3,False,False
119503,720575940636069751,KCab,central,right,74.3,77.1,58.1,77.3,False,False
31034,720575940617480934,KCg-m,central,left,74.3,78.6,58.8,77.3,False,False
115677,720575940634638990,KCab,central,right,74.3,72.9,55.6,77.3,False,False
42309,720575940620187305,KCab,central,right,74.3,71.4,54.4,72.7,False,False
58562,720575940623066406,KCab,central,left,74.3,77.1,57.5,77.3,False,False
81917,720575940627342674,KCab,central,left,74.3,77.1,58.8,77.3,False,False
8991,720575940610347929,KCab,central,right,74.3,77.1,57.5,77.3,False,False
135098,720575940646354211,KCg-m,central,left,74.3,78.6,59.4,81.8,False,False
59222,720575940623171268,KCab,central,left,74.3,78.6,60.6,81.8,False,False
135024,720575940646250275,KCg-m,central,left,74.3,75.7,58.1,77.3,False,False
19009,720575940613987635,KCg-m,central,right,74.3,75.7,56.9,77.3,False,False
124216,720575940638168804,KCab,central,left,74.3,75.7,58.1,77.3,False,False
35487,720575940618526912,KCab,central,right,74.3,75.7,56.9,72.7,False,False
35494,720575940618529044,KCab,central,left,74.3,75.7,57.5,77.3,False,False
10561,720575940611108676,DNge138,descending,center,74.3,77.1,56.9,77.3,False,False
122601,720575940637487293,KCg-m,central,left,74.3,77.1,56.9,72.7,False,False
10319,720575940611001061,KCg-m,central,right,74.3,77.1,58.1,81.8,False,False
110757,720575940632964269,KCab,central,right,74.3,78.6,58.1,77.3,False,False
68365,720575940624837927,KCg-m,central,right,74.3,74.3,57.5,77.3,False,False
26972,720575940616345403,KCab,central,right,74.3,78.6,58.1,77.3,False,False
38772,720575940619353766,KCab,central,left,74.3,78.6,58.8,77.3,False,False
84697,720575940627834856,KCab,central,left,74.3,77.1,58.8,77.3,False,False
21532,720575940614769567,KCab,central,left,74.3,74.3,55.0,68.2,False,False
127798,720575940639753635,LHAV2a3c,central,left,74.3,78.6,56.9,72.7,False,False
129330,720575940640420174,LAL035,central,left,74.3,75.7,57.5,72.7,False,False
5643,720575940608186498,PAM11,central,right,74.3,75.7,58.1,77.3,False,False
48605,720575940621334181,PS057,central,left,74.3,77.1,55.0,72.7,False,False
45635,720575940620811073,KCg-m,central,right,74.3,77.1,56.9,72.7,False,False
21622,720575940614791786,WEDPN10B,central,right,74.3,77.1,57.5,77.3,False,False
11905,720575940611661541,KCg-m,central,left,74.3,75.7,57.5,77.3,False,False
114045,720575940633940947,PLP144,central,left,74.3,78.6,58.1,81.8,False,False
71648,720575940625476708,KCg-m,central,right,74.3,75.7,58.8,81.8,False,False
119034,720575940635873502,LHPV4d3,central,left,74.3,75.7,55.6,77.3,False,False
114877,720575940634294367,KCg-m,central,right,74.3,78.6,57.5,77.3,False,False
133612,720575940644837655,KCab,central,right,74.3,77.1,57.5,77.3,False,False
100440,720575940630767959,MBON15,central,left,74.3,78.6,60.0,77.3,False,False
89884,720575940628735275,KCg-m,central,right,74.3,77.1,56.9,77.3,False,False
119329,720575940635984239,SMP419,central,left,74.3,75.7,56.9,77.3,False,False
114713,720575940634231999,KCg-m,central,right,74.3,75.7,56.2,72.7,False,False
75722,720575940626287644,KCg-m,central,left,74.3,75.7,56.2,77.3,False,False
75760,720575940626294397,CRE001,central,right,74.3,77.1,58.1,77.3,False,False
64486,720575940624114494,KCab,central,right,74.3,70.0,53.1,68.2,False,False
126614,720575940639204661,CB1860,central,right,74.3,75.7,58.1,72.7,False,False
64430,720575940624106442,DA2_lPN,central,right,74.3,90.0,57.5,77.3,False,False
31285,720575940617542996,ORN_DA4m,sensory,left,74.3,75.7,56.9,72.7,False,False
43444,720575940620436395,KCg-m,central,left,74.3,75.7,58.8,77.3,False,False
10569,720575940611111829,KCg-m,central,right,74.3,77.1,58.1,77.3,False,False
127467,720575940639613043,LHPV4a7b,central,right,74.3,75.7,55.6,77.3,False,False
38866,720575940619382833,KCab,central,left,74.3,78.6,57.5,77.3,False,False
39281,720575940619506481,LHAV3k2,central,left,74.3,75.7,56.2,72.7,False,False
111953,720575940633289111,KCg-m,central,left,74.3,75.7,57.5,77.3,False,False
43101,720575940620354849,KCab,central,right,74.3,77.1,58.8,77.3,False,False
11458,720575940611496597,CB0379,central,right,74.3,78.6,57.5,72.7,False,False
64924,720575940624187133,CB1293,central,right,74.3,78.6,58.1,72.7,False,False
34144,720575940618211742,KCg-m,central,left,74.3,72.9,55.0,72.7,False,False
33663,720575940618111261,CB1500,central,left,74.3,74.3,56.9,77.3,False,False
76947,720575940626535973,PLP096,central,right,74.3,68.6,53.8,72.7,False,False
21683,720575940614811222,KCg-m,central,right,74.3,77.1,56.9,72.7,False,False
76093,720575940626362696,KCab,central,right,74.3,77.1,56.9,72.7,False,False
42719,720575940620274497,KCg-m,central,right,74.3,77.1,57.5,77.3,False,False
12082,720575940611728563,KCg-m,central,left,74.3,75.7,56.2,72.7,False,False
46882,720575940621023297,KCg-m,central,right,74.3,77.1,57.5,77.3,False,False
87919,720575940628376080,KCab,central,left,74.3,77.1,58.8,77.3,False,False
126121,720575940639023011,KCg-m,central,left,74.3,77.1,56.9,77.3,False,False
137346,720575940653078433,KCg-m,central,left,74.3,75.7,56.9,77.3,False,False
137176,720575940652477942,LHAV7a5,central,left,74.3,78.6,58.1,77.3,False,False
116426,720575940634938303,CB2707,central,left,74.3,77.1,56.9,77.3,False,False
95275,720575940629788012,KCg-m,central,right,74.3,72.9,55.6,72.7,False,False
95983,720575940629921398,KCg-m,central,right,74.3,77.1,57.5,77.3,False,False
29438,720575940617038337,KCg-m,central,left,74.3,75.7,57.5,77.3,False,False
123332,720575940637774426,KCg-m,central,right,74.3,75.7,57.5,77.3,False,False
58039,720575940622981902,KCg-m,central,right,74.3,77.1,57.5,72.7,False,False
36779,720575940618844465,KCab,central,left,74.3,77.1,57.5,77.3,False,False
56879,720575940622768266,KCg-m,central,right,74.3,77.1,56.9,77.3,False,False
74314,720575940625994728,KCg-m,central,right,74.3,74.3,55.6,72.7,False,False
101174,720575940630906179,KCg-m,central,left,74.3,71.4,55.6,72.7,False,False
54099,720575940622270307,KCg-m,central,left,74.3,72.9,54.4,72.7,False,False
73764,720575940625893507,ATL029,central,right,74.3,78.6,57.5,77.3,False,False
132001,720575940642948887,KCab,central,right,74.3,72.9,55.0,72.7,False,False
101235,720575940630916650,v2LN39a,central,right,74.3,78.6,57.5,77.3,False,False
96176,720575940629952300,SLP072,central,right,74.3,82.9,58.1,77.3,False,False
13223,720575940612149014,ORN_DA4m,sensory,right,74.3,75.7,56.9,72.7,False,False
41521,720575940620027003,CB2357,central,left,74.3,78.6,58.8,77.3,False,False
60521,720575940623400189,KCg-m,central,right,72.9,75.7,56.9,77.3,False,False
93975,720575940629512314,SMP568,central,left,72.9,72.9,55.0,77.3,False,False
117787,720575940635415664,KCab,central,left,72.9,75.7,56.9,72.7,False,False
67192,720575940624601731,KCab,central,right,72.9,75.7,56.2,77.3,False,False
73928,720575940625925458,KCg-m,central,left,72.9,74.3,55.6,72.7,False,False
132206,720575940643266852,KCab,central,right,72.9,72.9,53.1,72.7,False,False
74077,720575940625954853,LHAV2b7_b,central,left,72.9,74.3,55.6,77.3,False,False
31959,720575940617708747,KCab,central,right,72.9,70.0,55.0,72.7,False,False
24894,720575940615749051,CB3762,central,right,72.9,72.9,55.0,72.7,False,False
89665,720575940628694007,KCg-m,central,right,72.9,74.3,56.2,77.3,False,False
4056,720575940606947714,KCg-m,central,right,72.9,72.9,55.0,72.7,False,False
58141,720575940622999944,KCg-m,central,right,72.9,75.7,56.9,72.7,False,False
123488,720575940637846947,"CB1141,CB1285",central,right,72.9,75.7,56.2,77.3,False,False
67014,720575940624570957,KCab,central,left,72.9,75.7,56.9,72.7,False,False
41921,720575940620109191,KCab,central,right,72.9,75.7,56.2,72.7,False,False
82995,720575940627528964,ORN_D,sensory,left,72.9,74.3,56.2,77.3,False,False
67160,720575940624596355,KCab,central,right,72.9,74.3,55.6,72.7,False,False
73863,720575940625910354,KCab,central,left,72.9,75.7,56.9,72.7,False,False
113128,720575940633650969,"LHAD1a3,LHAD1f5",central,right,72.9,72.9,56.2,77.3,False,False
27408,720575940616474395,KCab,central,left,72.9,75.7,56.2,72.7,False,False
5351,720575940607978820,KCg-m,central,right,72.9,74.3,55.6,72.7,False,False
86922,720575940628217643,KCg-m,central,right,72.9,75.7,56.9,77.3,False,False
103509,720575940631336930,KCg-m,central,right,72.9,74.3,55.6,72.7,False,False
23284,720575940615270962,KCab,central,right,72.9,75.7,56.2,77.3,False,False
102724,720575940631189817,PLP229,central,right,72.9,72.9,54.4,77.3,False,False
87332,720575940628291407,KCab,central,right,72.9,67.1,50.6,63.6,False,False
103779,720575940631396675,LHAD1f3a,central,left,72.9,75.7,56.2,77.3,False,False
95920,720575940629909804,KCg-m,central,right,72.9,72.9,55.0,72.7,False,False
138166,720575940659323009,KCg-m,central,left,72.9,78.6,56.9,77.3,False,False
27010,720575940616358715,KCg-m,central,left,72.9,75.7,57.5,77.3,False,False
137285,720575940652837793,KCg-m,central,right,72.9,72.9,54.4,72.7,False,False
59775,720575940623271206,CB1646,central,left,72.9,75.7,55.6,77.3,False,False
131149,720575940641904525,CB0083,central,right,72.9,75.7,56.9,72.7,False,False
131322,720575940642142861,MBON10,central,left,72.9,75.7,56.2,77.3,False,False
72846,720575940625718696,KCg-m,central,right,72.9,75.7,55.0,72.7,False,False
134219,720575940645385524,KCab,central,left,72.9,78.6,56.9,77.3,False,False
51809,720575940621869918,KCg-m,central,right,72.9,74.3,56.2,77.3,False,False
112254,720575940633369425,KCab,central,left,72.9,75.7,55.6,72.7,False,False
51824,720575940621872645,KCg-m,central,right,72.9,77.1,57.5,77.3,False,False
38789,720575940619358257,KCg-m,central,right,72.9,75.7,56.2,77.3,False,False
11781,720575940611612387,KCg-m,central,left,72.9,77.1,57.5,77.3,False,False
120538,720575940636547561,KCab,central,left,72.9,72.9,54.4,72.7,False,False
77530,720575940626646544,KCab,central,right,72.9,70.0,55.6,77.3,False,False
8518,720575940610075346,LAL113,central,left,72.9,75.7,55.6,77.3,False,False
64741,720575940624158352,KCg-m,central,right,72.9,75.7,56.2,72.7,False,False
1661,720575940605396926,LHPV6h1,central,right,72.9,74.3,56.2,72.7,False,False
104089,720575940631459385,LHAV2a3c,central,right,72.9,75.7,55.6,72.7,False,False
120279,720575940636431022,KCg-m,central,left,72.9,75.7,57.5,72.7,False,False
86385,720575940628121287,KCab,central,right,72.9,75.7,56.2,72.7,False,False
132736,720575940643994391,CB2293,central,left,72.9,75.7,57.5,77.3,False,False
96699,720575940630049337,KCg-m,central,left,72.9,75.7,56.2,77.3,False,False
43255,720575940620393643,KCg-m,central,right,72.9,71.4,54.4,72.7,False,False
44719,720575940620658927,CB2092,central,left,72.9,74.3,55.0,72.7,False,False
58801,720575940623108036,CB2048,central,right,72.9,72.9,57.5,72.7,False,False
19610,720575940614207850,KCg-m,central,right,72.9,75.7,56.2,72.7,False,False
28997,720575940616925597,PLP143,central,right,72.9,72.9,56.2,72.7,False,False
28901,720575940616902630,KCg-m,central,left,72.9,75.7,56.9,77.3,False,False
50679,720575940621680133,KCg-m,central,right,72.9,75.7,56.9,72.7,False,False
83801,720575940627683588,CL339,central,left,72.9,77.1,55.0,77.3,False,False
83084,720575940627543624,KCg-m,central,right,72.9,74.3,56.9,72.7,False,False
106323,720575940631967575,KCab,central,right,72.9,75.7,56.9,77.3,False,False
83490,720575940627628548,KCg-m,central,left,72.9,74.3,56.2,77.3,False,False
136272,720575940648276089,KCg-m,central,right,72.9,74.3,55.6,72.7,False,False
136261,720575940648236153,"SIP014,SIP016",central,right,72.9,75.7,56.2,77.3,False,False
89162,720575940628599595,ORN_DM4,sensory,right,72.9,34.3,25.0,36.4,True,False
88748,720575940628529155,CB1079,central,left,72.9,74.3,57.5,77.3,False,False
99578,720575940630617681,KCab,central,left,72.9,74.3,55.0,72.7,False,False
37671,720575940619061999,CB1722,central,right,72.9,74.3,56.9,77.3,False,False
80317,720575940627101706,KCg-m,central,left,72.9,72.9,56.2,72.7,False,False
84346,720575940627776450,KCab,central,right,72.9,70.0,53.1,72.7,False,False
5841,720575940608328713,KCg-m,central,right,72.9,74.3,56.9,77.3,False,False
90781,720575940628891396,CB0244,central,left,72.9,77.1,58.8,81.8,False,False
6281,720575940608662485,KCg-m,central,right,72.9,75.7,56.2,72.7,False,False
21630,720575940614793026,KCg-m,central,left,72.9,77.1,56.9,77.3,False,False
45732,720575940620827713,KCg-m,central,right,72.9,72.9,55.6,77.3,False,False
121954,720575940637200503,SMP589,central,left,72.9,77.1,58.1,77.3,False,False
109683,720575940632715859,CB1511,central,left,72.9,74.3,55.6,77.3,False,False
68321,720575940624829479,KCg-m,central,left,72.9,77.1,58.1,81.8,False,False
78843,720575940626867081,ORN_DL5,sensory,right,72.9,77.1,58.1,77.3,False,False
30141,720575940617249108,KCg-m,central,right,72.9,75.7,58.1,77.3,False,False
92850,720575940629296684,KCab,central,left,72.9,77.1,56.9,72.7,False,False
92754,720575940629271596,KCg-m,central,right,72.9,77.1,57.5,77.3,False,False
5620,720575940608176514,KCg-m,central,right,72.9,72.9,53.8,72.7,False,False
40273,720575940619749579,LHAV6a3,central,right,72.9,60.0,46.2,59.1,False,False
15520,720575940612870381,KCg-m,central,left,72.9,74.3,56.9,72.7,False,False
113945,720575940633908887,KCg-m,central,right,72.9,75.7,56.9,77.3,False,False
3255,720575940606453769,CB2846,central,right,72.9,74.3,56.2,77.3,False,False
57735,720575940622930957,KCg-m,central,right,72.9,74.3,55.0,72.7,False,False
47999,720575940621228894,KCab,central,right,72.9,72.9,54.4,72.7,False,False
90273,720575940628799509,DSKMP3,central,right,72.9,75.7,55.0,77.3,False,False
32621,720575940617876288,KCab,central,left,72.9,75.7,58.1,77.3,False,False
11043,720575940611330070,KCab,central,left,72.9,74.3,55.6,77.3,False,False
65387,720575940624267022,KCab,central,left,72.9,74.3,54.4,72.7,False,False
4135,720575940607012482,CB0939,central,right,72.9,74.3,55.6,72.7,False,False
59278,720575940623181823,SMP568,central,left,72.9,74.3,56.2,72.7,False,False
43550,720575940620454848,CB2707,central,right,72.9,74.3,55.6,77.3,False,False
65411,720575940624271716,KCg-m,central,right,72.9,75.7,57.5,77.3,False,False
21438,720575940614742687,KCg-m,central,right,72.9,77.1,56.9,77.3,False,False
127310,720575940639534451,KCg-m,central,right,72.9,72.9,56.2,77.3,False,False
109425,720575940632656173,CB1079,central,left,72.9,75.7,56.9,77.3,False,False
14548,720575940612576254,KCg-m,central,right,72.9,75.7,55.6,77.3,False,False
41207,720575940619966885,"PLP041,PLP043",central,left,72.9,72.9,56.9,77.3,False,False
109118,720575940632588099,CB0131,central,left,72.9,72.9,56.2,77.3,False,False
24965,720575940615770811,CB3590,central,right,72.9,74.3,56.9,77.3,False,False
90632,720575940628863036,KCab,central,left,72.9,75.7,55.6,72.7,False,False
40789,720575940619872372,KCg-m,central,right,72.9,72.9,56.9,72.7,False,False
14918,720575940612692672,KCg-m,central,left,72.9,77.1,58.1,77.3,False,False
66351,720575940624429036,KCg-m,central,right,72.9,77.1,56.9,77.3,False,False
106302,720575940631964371,ORN_DL5,sensory,right,72.9,75.7,55.6,72.7,False,False
29839,720575940617158868,CB2159,central,right,71.4,72.9,54.4,72.7,False,False
113453,720575940633755828,KCg-m,central,left,71.4,74.3,56.2,72.7,False,False
104032,720575940631448913,KCg-m,central,left,71.4,75.7,56.2,72.7,False,False
65379,720575940624265998,KCg-m,central,left,71.4,72.9,54.4,72.7,False,False
102911,720575940631228719,ORN_DM2,sensory,right,71.4,48.6,36.2,50.0,True,False
132641,720575940643863496,MBON20,central,left,71.4,72.9,56.2,72.7,False,False
17723,720575940613540767,KCab,central,right,71.4,72.9,55.6,72.7,False,False
70616,720575940625266057,KCg-m,central,right,71.4,75.7,56.9,77.3,False,False
39762,720575940619638592,CB3762,central,left,71.4,72.9,55.6,72.7,False,False
113052,720575940633622379,KCab,central,left,71.4,74.3,55.0,72.7,False,False
112533,720575940633462829,CB0249,central,right,71.4,74.3,55.6,72.7,False,False
78338,720575940626787313,KCab,central,left,71.4,75.7,55.6,72.7,False,False
34080,720575940618198721,KCg-m,central,right,71.4,72.9,55.0,72.7,False,False
52350,720575940621973018,KCg-m,central,right,71.4,74.3,55.6,77.3,False,False
34403,720575940618266491,KCg-m,central,right,71.4,75.7,56.9,77.3,False,False
7676,720575940609573842,KCab,central,left,71.4,75.7,57.5,77.3,False,False
60954,720575940623468228,LHPV2i1a,central,left,71.4,71.4,56.2,72.7,False,False
15697,720575940612921581,CB2724,central,left,71.4,72.9,55.0,72.7,False,False
87226,720575940628269628,KCab,central,right,71.4,72.9,55.0,72.7,False,False
103744,720575940631390940,CB1843,central,right,71.4,72.9,54.4,72.7,False,False
116575,720575940634992319,CB2053,central,right,71.4,74.3,55.0,77.3,False,False
72829,720575940625714634,CB2987,central,right,71.4,72.9,55.6,72.7,False,False
635,720575940604414636,"VP5+_l2PN,VP5+VP2_l2PN",central,left,71.4,70.0,55.6,72.7,False,False
137562,720575940653705889,LHPV2f2,central,right,71.4,77.1,55.6,72.7,False,False
24753,720575940615713478,CL200,central,right,71.4,72.9,55.0,72.7,False,False
72589,720575940625672138,CB1067,central,left,71.4,72.9,55.6,72.7,False,False
116961,720575940635125599,CB1511,central,left,71.4,74.3,55.6,72.7,False,False
89629,720575940628687207,PAM01,central,left,71.4,74.3,56.2,72.7,False,False
59539,720575940623225284,KCab,central,left,71.4,72.9,55.0,77.3,False,False
50279,720575940621616133,LHAV2g2_a,central,left,71.4,74.3,56.2,77.3,False,False
67049,720575940624577613,KCg-m,central,right,71.4,74.3,56.9,77.3,False,False
57138,720575940622812808,KCg-m,central,right,71.4,74.3,56.2,72.7,False,False
73616,720575940625864964,KCab,central,right,71.4,72.9,55.0,72.7,False,False
73641,720575940625870640,DNg15,descending,right,71.4,71.4,52.5,72.7,False,False
41585,720575940620036417,ORN_VM1,sensory,right,71.4,72.9,55.6,72.7,False,False
67535,720575940624677303,LTe51,visual_projection,left,71.4,70.0,52.5,68.2,False,False
14175,720575940612465817,SMP207,central,left,71.4,75.7,56.2,72.7,False,False
60765,720575940623441387,KCab,central,right,71.4,70.0,53.1,72.7,False,False
55205,720575940622462472,KCab,central,right,71.4,67.1,51.9,68.2,False,False
136597,720575940649692281,KCab,central,left,71.4,75.7,55.6,72.7,False,False
26984,720575940616349755,KCab,central,left,71.4,72.9,54.4,68.2,False,False
71700,720575940625486948,KCab,central,left,71.4,74.3,55.6,77.3,False,False
71671,720575940625482084,KCg-m,central,right,71.4,74.3,55.6,72.7,False,False
130930,720575940641621645,lLN13,central,right,71.4,72.9,55.6,72.7,False,False
136910,720575940650760438,KCab,central,left,71.4,74.3,54.4,77.3,False,False
28436,720575940616786065,KCg-m,central,left,71.4,71.4,54.4,72.7,False,False
7163,720575940609271854,KCg-m,central,left,71.4,75.7,56.9,77.3,False,False
42584,720575940620245268,LHPV7a2,central,left,71.4,71.4,55.0,72.7,False,False
25144,720575940615833055,FB4C,central,left,71.4,77.1,56.2,77.3,False,False
87810,720575940628360506,oviIN,central,left,71.4,75.7,56.2,77.3,False,False
3750,720575940606729858,KCg-m,central,right,71.4,74.3,56.9,77.3,False,False
91679,720575940629058203,LHPD4a1,central,right,71.4,74.3,55.0,68.2,False,False
91496,720575940629020794,KCg-m,central,right,71.4,74.3,56.2,77.3,False,False
99189,720575940630547916,KCab,central,right,71.4,67.1,50.0,63.6,False,False
68122,720575940624791527,PLP003,central,left,71.4,72.9,56.2,72.7,False,False
109989,720575940632777320,OA-AL2b2,visual_centrifugal,right,71.4,81.4,59.4,77.3,False,False
109782,720575940632735033,SIP052,central,left,71.4,72.9,55.6,81.8,False,False
110319,720575940632849069,KCg-m,central,right,71.4,74.3,55.6,77.3,False,False
122812,720575940637574515,WEDPN10A,central,left,71.4,68.6,53.8,68.2,False,False
79599,720575940626991147,"VP5+_l2PN,VP5+VP2_l2PN",central,right,71.4,78.6,56.9,77.3,False,False
78749,720575940626854025,LHAV2g1a,central,left,71.4,72.9,55.0,77.3,False,False
122085,720575940637256245,KCg-m,central,left,71.4,74.3,54.4,72.7,False,False
51607,720575940621828351,"PLP041,PLP043",central,right,71.4,72.9,54.4,68.2,False,False
71664,720575940625479426,CB2846,central,left,71.4,74.3,55.0,72.7,False,False
119677,720575940636146409,KCab,central,right,71.4,71.4,54.4,68.2,False,False
57483,720575940622886925,KCg-m,central,right,71.4,74.3,55.6,72.7,False,False
40459,720575940619791019,ORN_D,sensory,right,71.4,74.3,55.6,72.7,False,False
129937,720575940640758157,KCab,central,right,71.4,74.3,54.4,72.7,False,False
45803,720575940620842111,PS013,central,left,71.4,72.9,55.6,72.7,False,False
5684,720575940608214281,LHAV1a3,central,left,71.4,72.9,53.8,72.7,False,False
49787,720575940621541514,KCab,central,right,71.4,74.3,55.6,72.7,False,False
4174,720575940607041154,WEDPN3,central,right,71.4,72.9,56.2,77.3,False,False
85833,720575940628029592,CB1874,central,right,71.4,71.4,54.4,72.7,False,False
111686,720575940633215339,KCab,central,right,71.4,74.3,55.0,72.7,False,False
127351,720575940639554675,KCg-m,central,right,71.4,74.3,55.6,72.7,False,False
85093,720575940627905223,KCab,central,left,71.4,74.3,55.6,72.7,False,False
43562,720575940620457904,KCg-m,central,right,71.4,72.9,55.0,72.7,False,False
3293,720575940606477660,KCg-m,central,right,71.4,74.3,55.0,72.7,False,False
88059,720575940628400940,KCab,central,left,71.4,71.4,53.8,72.7,False,False
92690,720575940629259638,KCab,central,right,71.4,75.7,55.0,72.7,False,False
10601,720575940611124246,"PLP041,PLP043",central,right,71.4,71.4,54.4,72.7,False,False
121371,720575940636920542,KCab,central,right,71.4,74.3,56.9,77.3,False,False
84392,720575940627782148,KCab,central,right,71.4,71.4,53.1,72.7,False,False
106163,720575940631934348,KCg-m,central,left,71.4,74.3,56.2,72.7,False,False
123994,720575940638085695,LHAD1f3c,central,left,71.4,72.9,55.6,72.7,False,False
109480,720575940632668973,KCg-m,central,right,71.4,70.0,51.2,68.2,False,False
5000,720575940607722179,KCab,central,left,71.4,72.9,55.0,72.7,False,False
63063,720575940623879312,KCab,central,left,71.4,74.3,54.4,72.7,False,False
99977,720575940630689787,LHAV7a5,central,left,71.4,71.4,55.0,72.7,False,False
90535,720575940628842839,KCab,central,right,71.4,75.7,55.6,72.7,False,False
41191,720575940619964788,M_lvPNm43,central,left,71.4,74.3,55.0,72.7,False,False
41035,720575940619927893,CB1929,central,left,71.4,72.9,56.9,72.7,False,False
12253,720575940611794138,"SIP014,SIP016",central,left,71.4,74.3,55.0,77.3,False,False
115105,720575940634385247,CB3007,central,right,71.4,72.9,55.0,72.7,False,False
42263,720575940620179309,KCg-m,central,left,71.4,75.7,56.2,72.7,False,False
42171,720575940620157787,CB3464,central,left,71.4,72.9,55.0,72.7,False,False
74251,720575940625984399,KCab,central,left,71.4,75.7,54.4,68.2,False,False
14347,720575940612519538,LHPV4a7b,central,left,71.4,74.3,54.4,72.7,False,False
25639,720575940615975474,CB2977,central,left,71.4,74.3,54.4,72.7,False,False
44276,720575940620588653,KCg-m,central,right,71.4,72.9,57.5,77.3,False,False
48350,720575940621290017,KCg-m,central,right,71.4,75.7,57.5,77.3,False,False
108479,720575940632435108,LHPV5c1,central,left,71.4,72.9,53.8,72.7,False,False
45228,720575940620737121,KCg-m,central,left,71.4,78.6,57.5,77.3,False,False
106897,720575940632082895,CB1079,central,left,71.4,72.9,56.9,77.3,False,False
107278,720575940632177453,KCg-m,central,left,71.4,74.3,56.2,72.7,False,False
9054,720575940610383043,CB3873,central,right,71.4,74.3,54.4,72.7,False,False
47017,720575940621051312,KCg-m,central,left,71.4,74.3,55.0,72.7,False,False
23700,720575940615401433,KCab,central,right,71.4,71.4,53.1,68.2,False,False
129032,720575940640292571,KCab,central,right,71.4,72.9,55.0,72.7,False,False
30307,720575940617293396,KCab,central,left,71.4,74.3,54.4,72.7,False,False
108032,720575940632358564,KCg-m,central,right,71.4,72.9,55.0,72.7,False,False
35819,720575940618606160,KCab,central,left,71.4,74.3,55.6,77.3,False,False
92159,720575940629153274,ORN_DC1,sensory,right,71.4,74.3,55.6,72.7,False,False
44858,720575940620682662,KCg-m,central,right,71.4,68.6,52.5,68.2,False,False
36822,720575940618855344,M_lvPNm25,central,right,71.4,74.3,54.4,72.7,False,False
37014,720575940618901533,CB1461,central,right,71.4,75.7,55.6,72.7,False,False
133128,720575940644412964,CB3782,central,right,71.4,74.3,55.0,72.7,False,False
69,720575940602564320,KCg-m,central,right,71.4,74.3,55.6,72.7,False,False
94070,720575940629532098,KCg-m,central,right,70.0,74.3,55.6,77.3,False,False
53878,720575940622229005,SIP069,central,left,70.0,72.9,53.8,72.7,False,False
101137,720575940630902083,KCg-m,central,right,70.0,72.9,54.4,68.2,False,False
89630,720575940628687259,KCg-m,central,right,70.0,71.4,54.4,72.7,False,False
74528,720575940626031493,KCg-m,central,left,70.0,74.3,54.4,72.7,False,False
53407,720575940622151804,M_vPNml83,central,left,70.0,68.6,51.9,72.7,False,False
50264,720575940621614118,KCab,central,left,70.0,71.4,52.5,68.2,False,False
67356,720575940624637884,KCg-m,central,right,70.0,74.3,55.0,72.7,False,False
81387,720575940627264262,HRN_VP5,sensory,right,70.0,74.3,54.4,77.3,False,False
19225,720575940614067921,LHAV9a1_b,central,left,70.0,71.4,53.8,72.7,False,False
26250,720575940616139606,KCg-m,central,left,70.0,72.9,53.8,72.7,False,False
101649,720575940630989354,VA1v_adPN,central,right,70.0,72.9,53.1,72.7,False,False
115005,720575940634347360,KCab,central,right,70.0,71.4,54.4,72.7,False,False
44861,720575940620682934,KCg-m,central,right,70.0,71.4,52.5,72.7,False,False
63575,720575940623964820,KCg-m,central,right,70.0,71.4,55.0,72.7,False,False
2598,720575940605992369,CB2226,central,right,70.0,70.0,52.5,68.2,False,False
64067,720575940624044873,KCg-m,central,left,70.0,74.3,54.4,72.7,False,False
45251,720575940620741485,KCg-m,central,right,70.0,72.9,54.4,72.7,False,False
123692,720575940637949161,KCg-m,central,right,70.0,72.9,55.0,72.7,False,False
52753,720575940622052641,CB3061,central,left,70.0,72.9,53.8,72.7,False,False
23083,720575940615219778,KCg-m,central,right,70.0,68.6,51.2,68.2,False,False
66779,720575940624520254,KCab,central,left,70.0,72.9,55.0,72.7,False,False
48948,720575940621389764,KCab,central,right,70.0,74.3,54.4,72.7,False,False
107357,720575940632196935,CB2923,central,right,70.0,72.9,51.9,68.2,False,False
128998,720575940640276955,KCab,central,right,70.0,74.3,55.0,72.7,False,False
25802,720575940616017593,CB0854,central,left,70.0,71.4,53.1,72.7,False,False
57131,720575940622812003,KCg-m,central,right,70.0,72.9,54.4,72.7,False,False
36694,720575940618819668,MTe42,visual_projection,left,70.0,71.4,54.4,68.2,False,False
67079,720575940624584579,KCg-m,central,right,70.0,72.9,53.1,68.2,False,False
9380,720575940610536494,CB4198,central,right,70.0,72.9,55.6,72.7,False,False
107666,720575940632271697,CB2914,central,right,70.0,57.1,42.5,54.5,False,False
62880,720575940623847728,LAL035,central,right,70.0,70.0,53.8,68.2,False,False
32036,720575940617727435,KCab,central,right,70.0,68.6,51.9,72.7,False,False
35378,720575940618497216,KCab,central,right,70.0,75.7,55.0,72.7,False,False
81257,720575940627243623,KCab,central,right,70.0,72.9,55.6,72.7,False,False
56454,720575940622694182,KCg-m,central,right,70.0,72.9,54.4,72.7,False,False
10068,720575940610895826,CB1106,central,left,70.0,68.6,50.0,68.2,False,False
57726,720575940622929944,LHPV2a4,central,left,70.0,75.7,54.4,77.3,False,False
20670,720575940614544034,KCg-m,central,right,70.0,72.9,55.6,72.7,False,False
31399,720575940617573922,CB2357,central,left,70.0,72.9,54.4,72.7,False,False
88025,720575940628394716,KCg-m,central,right,70.0,72.9,55.0,72.7,False,False
100452,720575940630769962,KCg-m,central,left,70.0,72.9,53.8,72.7,False,False
64053,720575940624042677,LHAD1a1,central,right,70.0,68.6,50.6,63.6,False,False
11815,720575940611623661,LHAD1a1,central,right,70.0,67.1,51.2,68.2,False,False
70512,720575940625237891,M_lvPNm43,central,right,70.0,71.4,53.8,72.7,False,False
43373,720575940620420129,KCab,central,left,70.0,72.9,54.4,68.2,False,False
111289,720575940633123609,KCg-m,central,right,70.0,70.0,51.2,68.2,False,False
77384,720575940626622480,KCab,central,right,70.0,70.0,51.9,68.2,False,False
17598,720575940613506029,CB1160,central,left,70.0,71.4,54.4,68.2,False,False
116709,720575940635041946,WEDPN3,central,left,70.0,72.9,54.4,77.3,False,False
41438,720575940620012321,KCg-m,central,right,70.0,72.9,54.4,72.7,False,False
13472,720575940612243918,FB4O,central,left,70.0,74.3,54.4,72.7,False,False
93579,720575940629443628,ORN_DA4m,sensory,right,70.0,72.9,53.1,68.2,False,False
29488,720575940617048925,CB1527,central,left,70.0,71.4,52.5,72.7,False,False
49534,720575940621491696,KCg-m,central,right,70.0,71.4,55.0,72.7,False,False
138073,720575940658321793,KCg-m,central,left,70.0,72.9,54.4,72.7,False,False
60463,720575940623390186,KCg-m,central,left,70.0,70.0,55.0,72.7,False,False
116252,720575940634868472,KCapbp-ap1,central,left,70.0,72.9,55.0,72.7,False,False
65903,720575940624349448,CB1183,central,right,70.0,72.9,55.0,72.7,False,False
17186,720575940613386050,KCab,central,right,70.0,72.9,54.4,72.7,False,False
112802,720575940633552820,KCab,central,right,70.0,72.9,54.4,72.7,False,False
90972,720575940628923651,LHPV4d3,central,right,70.0,68.6,51.9,68.2,False,False
92768,720575940629275898,HRN_VP4,sensory,right,70.0,72.9,54.4,72.7,False,False
34060,720575940618194708,KCg-m,central,right,70.0,71.4,53.8,68.2,False,False
112975,720575940633599201,LHPV4a8,central,left,70.0,71.4,53.8,72.7,False,False
16467,720575940613141987,KCg-m,central,left,70.0,72.9,53.8,72.7,False,False
34109,720575940618203707,DNc02,descending,left,70.0,72.9,52.5,72.7,False,False
55701,720575940622558941,KCg-m,central,right,70.0,72.9,54.4,72.7,False,False
1586,720575940605338290,KCg-m,central,right,70.0,72.9,55.6,72.7,False,False
86013,720575940628060166,KCab,central,right,70.0,67.1,51.9,68.2,False,False
125296,720575940638650483,CB2781,central,right,70.0,72.9,55.6,72.7,False,False
84617,720575940627820806,CB0289,central,right,70.0,74.3,54.4,72.7,False,False
90952,720575940628919852,CB1982,central,right,70.0,71.4,53.1,72.7,False,False
91238,720575940628975482,KCg-m,central,right,70.0,71.4,55.0,72.7,False,False
48722,720575940621351876,KCab,central,right,70.0,68.6,50.6,68.2,False,False
4079,720575940606968450,KCab,central,right,70.0,71.4,54.4,72.7,False,False
105622,720575940631801401,KCg-m,central,right,70.0,71.4,55.0,72.7,False,False
122245,720575940637320381,KCab,central,right,70.0,72.9,53.8,72.7,False,False
83939,720575940627709948,KCg-m,central,right,70.0,72.9,55.6,77.3,False,False
113249,720575940633688275,CB2703,central,left,70.0,72.9,53.8,72.7,False,False
120095,720575940636343147,LHCENT11,central,right,70.0,75.7,58.1,77.3,False,False
50913,720575940621720959,KCab,central,left,70.0,72.9,54.4,72.7,False,False
58271,720575940623018986,KCab,central,left,70.0,71.4,54.4,72.7,False,False
76496,720575940626439426,CB1363,central,right,70.0,74.3,55.0,72.7,False,False
29803,720575940617145561,PAM01,central,right,70.0,72.9,54.4,72.7,False,False
122080,720575940637255221,KCg-m,central,left,70.0,74.3,55.6,72.7,False,False
79086,720575940626906142,KCab,central,right,70.0,72.9,56.2,72.7,False,False
23230,720575940615257823,CB2750,central,left,70.0,71.4,53.1,72.7,False,False
32933,720575940617952034,DNp68,descending,right,70.0,72.9,55.0,72.7,False,False
96625,720575940630036332,KCg-m,central,left,70.0,71.4,54.4,72.7,False,False
27473,720575940616490326,KCab,central,left,70.0,74.3,54.4,68.2,False,False
49305,720575940621449221,CB0854,central,right,70.0,71.4,53.8,72.7,False,False
126116,720575940639022414,ORN_DM4,sensory,right,70.0,45.7,34.4,45.5,True,False
103706,720575940631381007,CB0516,central,right,70.0,74.3,54.4,68.2,False,False
119942,720575940636270199,LHAD3a10,central,left,70.0,70.0,53.1,72.7,False,False
47566,720575940621142054,CB2711,central,right,70.0,71.4,53.8,72.7,False,False
41344,720575940619992997,CB3467,central,right,70.0,70.0,53.8,72.7,False,False
3656,720575940606679142,CRE009,central,right,70.0,71.4,54.4,68.2,False,False
54490,720575940622335112,KCab,central,right,70.0,70.0,51.2,68.2,False,False
133281,720575940644587630,KCab,central,left,70.0,72.9,55.0,72.7,False,False
116242,720575940634865771,CB1305,central,left,70.0,70.0,53.1,72.7,False,False
111703,720575940633219775,KCab,central,left,70.0,71.4,53.8,72.7,False,False
10568,720575940611111317,KCg-m,central,left,70.0,72.9,53.8,72.7,False,False
99147,720575940630541399,CB1527,central,left,70.0,74.3,54.4,72.7,False,False
104882,720575940631624673,KCab,central,right,70.0,75.7,54.4,72.7,False,False
48450,720575940621307574,M_smPNm1,central,right,70.0,72.9,55.0,72.7,False,False
62552,720575940623781965,KCab,central,left,70.0,71.4,55.0,72.7,False,False
5785,720575940608286556,KCg-m,central,right,70.0,68.6,52.5,72.7,False,False
5717,720575940608237065,LHAV3a1_c,central,left,70.0,71.4,53.1,72.7,False,False
30147,720575940617249629,KCg-m,central,right,70.0,70.0,53.1,72.7,False,False
30145,720575940617249364,KCab,central,left,70.0,72.9,54.4,72.7,False,False
104889,720575940631625272,KCg-m,central,right,70.0,70.0,53.8,72.7,False,False
2546,720575940605957809,CB2180,central,left,70.0,72.9,53.8,72.7,False,False
6128,720575940608545219,AVLP080,central,right,70.0,71.4,55.6,77.3,False,False
6105,720575940608525763,KCg-m,central,left,68.6,71.4,53.1,68.2,False,False
100234,720575940630733137,KCg-m,central,right,68.6,72.9,53.8,68.2,False,False
25164,720575940615839174,KCab,central,left,68.6,68.6,52.5,68.2,False,False
42656,720575940620260800,PAM05,central,left,68.6,70.0,52.5,72.7,False,False
50731,720575940621688926,KCg-m,central,right,68.6,71.4,52.5,68.2,False,False
52018,720575940621910399,VESa2_H04,central,right,68.6,71.4,53.1,72.7,False,False
52061,720575940621920452,KCab,central,right,68.6,70.0,53.8,72.7,False,False
58689,720575940623088309,SMP568,central,left,68.6,71.4,54.4,68.2,False,False
1865,720575940605551718,KCg-m,central,right,68.6,71.4,52.5,68.2,False,False
42706,720575940620272832,KCg-m,central,right,68.6,70.0,51.2,68.2,False,False
84151,720575940627741562,KCab,central,right,68.6,65.7,48.8,63.6,False,False
8650,720575940610159480,KCab,central,left,68.6,72.9,53.1,72.7,False,False
21314,720575940614714518,KCg-m,central,right,68.6,71.4,54.4,72.7,False,False
82944,720575940627519748,KCab,central,left,68.6,71.4,53.1,72.7,False,False
3494,720575940606602674,KCg-m,central,left,68.6,71.4,52.5,68.2,False,False
48322,720575940621284446,PAM04,central,right,68.6,70.0,52.5,68.2,False,False
9060,720575940610386661,KCab,central,right,68.6,71.4,54.4,68.2,False,False
106956,720575940632093132,LHPV2f2,central,left,68.6,75.7,53.8,72.7,False,False
138319,720575940660175745,CB2914,central,left,68.6,65.7,49.4,68.2,False,False
137666,720575940654675873,KCg-d,central,left,68.6,67.1,51.2,68.2,False,False
49453,720575940621477402,KCg-m,central,right,68.6,71.4,54.4,72.7,False,False
118009,720575940635507960,CB1079,central,right,68.6,71.4,54.4,72.7,False,False
115854,720575940634703511,CB1183,central,left,68.6,70.0,53.8,72.7,False,False
63814,720575940624006477,KCg-m,central,left,68.6,71.4,53.8,68.2,False,False
23512,720575940615345339,KCg-m,central,left,68.6,72.9,54.4,72.7,False,False
47981,720575940621225893,SLP281,central,left,68.6,70.0,53.1,72.7,False,False
81463,720575940627276114,KCab,central,left,68.6,71.4,53.1,72.7,False,False
37404,720575940618994880,KCg-m,central,right,68.6,71.4,54.4,72.7,False,False
37036,720575940618905766,KCg-m,central,right,68.6,70.0,52.5,68.2,False,False
47674,720575940621163636,KCg-m,central,right,68.6,71.4,51.9,68.2,False,False
15035,720575940612728466,KCab,central,right,68.6,71.4,53.1,72.7,False,False
47696,720575940621166719,ORN_VL2p,sensory,right,68.6,72.9,55.0,77.3,False,False
53118,720575940622107869,PAM08,central,left,68.6,71.4,53.8,72.7,False,False
66921,720575940624549820,CB1668,central,right,68.6,70.0,52.5,68.2,False,False
123356,720575940637788494,KCg-m,central,right,68.6,71.4,51.9,68.2,False,False
83531,720575940627635441,ATL028,central,right,68.6,70.0,53.1,72.7,False,False
106945,720575940632091300,CB2632,central,left,68.6,70.0,53.8,72.7,False,False
9035,720575940610375726,KCg-m,central,right,68.6,71.4,55.0,72.7,False,False
66820,720575940624528314,KCg-m,central,left,68.6,72.9,55.0,72.7,False,False
20352,720575940614427055,ORN_DM2,sensory,left,68.6,41.4,32.5,45.5,True,False
61386,720575940623542972,KCg-m,central,right,68.6,71.4,53.1,72.7,False,False
88769,720575940628533036,CB1843,central,left,68.6,68.6,52.5,68.2,False,False
83828,720575940627687940,KCg-m,central,right,68.6,67.1,50.0,68.2,False,False
47133,720575940621071536,CL246,central,right,68.6,65.7,49.4,63.6,False,False
63685,720575940623984567,CB3374,central,right,68.6,68.6,50.0,68.2,False,False
15690,720575940612920434,CB1184,central,left,68.6,72.9,53.1,68.2,False,False
40381,720575940619770228,KCg-m,central,left,68.6,72.9,55.6,72.7,False,False
40157,720575940619723979,KCg-m,central,left,68.6,72.9,55.0,72.7,False,False
40356,720575940619766219,M_l2PNm14,central,right,68.6,72.9,53.8,77.3,False,False
81209,720575940627234069,DNge069,descending,right,68.6,70.0,53.1,68.2,False,False
57325,720575940622855560,KCg-m,central,right,68.6,70.0,51.9,68.2,False,False
109107,720575940632585043,KCab,central,right,68.6,71.4,54.4,72.7,False,False
84645,720575940627825923,DNg15,descending,left,68.6,68.6,51.9,68.2,False,False
86688,720575940628174608,LHPV2f2,central,left,68.6,74.3,53.1,68.2,False,False
113419,720575940633742432,KCab,central,left,68.6,72.9,54.4,72.7,False,False
38321,720575940619229761,KCab,central,left,68.6,71.4,54.4,72.7,False,False
34265,720575940618238109,CB1210,central,right,68.6,70.0,52.5,68.2,False,False
105228,720575940631701807,KCab,central,left,68.6,71.4,53.1,68.2,False,False
66054,720575940624375088,KCg-m,central,right,68.6,68.6,51.2,68.2,False,False
55661,720575940622549759,KCg-m,central,right,68.6,71.4,51.9,68.2,False,False
17174,720575940613383633,KCg-m,central,right,68.6,71.4,53.8,72.7,False,False
130245,720575940640923381,KCg-d,central,left,68.6,74.3,53.8,72.7,False,False
27367,720575940616459637,CB1173,central,right,68.6,70.0,52.5,68.2,False,False
102843,720575940631216682,KCab,central,right,68.6,68.6,50.0,68.2,False,False
87140,720575940628254263,KCg-m,central,left,68.6,68.6,52.5,68.2,False,False
97714,720575940630254235,LAL149,central,left,68.6,72.9,52.5,72.7,False,False
5298,720575940607935154,WEDPN10B,central,left,68.6,68.6,51.9,68.2,False,False
46601,720575940620973848,KCab,central,right,68.6,70.0,51.9,72.7,False,False
46878,720575940621022836,KCab,central,left,68.6,68.6,50.6,68.2,False,False
18415,720575940613764364,KCab,central,right,68.6,72.9,54.4,72.7,False,False
10001,720575940610862506,KCg-m,central,left,68.6,72.9,54.4,72.7,False,False
93758,720575940629477882,KCab,central,left,68.6,71.4,53.8,72.7,False,False
80084,720575940627069203,KCab,central,right,68.6,70.0,53.1,72.7,False,False
38302,720575940619221569,KCab,central,left,68.6,68.6,50.6,68.2,False,False
125348,720575940638677070,M_vPNml63,central,left,68.6,71.4,53.1,68.2,False,False
110341,720575940632854156,ORN_DC1,sensory,left,68.6,70.0,53.1,72.7,False,False
67945,720575940624754919,CB1722,central,left,68.6,70.0,52.5,72.7,False,False
85452,720575940627964204,KCg-m,central,right,68.6,71.4,53.1,68.2,False,False
6343,720575940608716483,CB1570,central,left,68.6,67.1,51.9,68.2,False,False
77498,720575940626641533,CB3584,central,left,68.6,68.6,52.5,68.2,False,False
39050,720575940619434712,SLP230,central,right,68.6,71.4,51.2,72.7,False,False
69516,720575940625032171,LAL022,central,left,68.6,68.6,50.6,63.6,False,False
39187,720575940619474548,CB1966,central,right,68.6,71.4,51.9,72.7,False,False
11089,720575940611350234,KCg-m,central,left,68.6,71.4,53.8,72.7,False,False
11341,720575940611450134,KCg-m,central,right,68.6,70.0,52.5,68.2,False,False
46488,720575940620956144,M_vPNml65,central,right,68.6,70.0,53.1,72.7,False,False
112611,720575940633493660,KCg-m,central,right,68.6,70.0,52.5,68.2,False,False
121212,720575940636855871,CB2932,central,left,68.6,72.9,53.8,72.7,False,False
120978,720575940636740270,CB2851,central,right,68.6,70.0,53.8,72.7,False,False
30888,720575940617444219,KCab,central,left,68.6,72.9,53.8,68.2,False,False
104740,720575940631594809,KCg-m,central,right,68.6,71.4,53.8,72.7,False,False
120274,720575940636426126,KCg-m,central,left,68.6,71.4,53.8,72.7,False,False
11645,720575940611563310,Sm42,optic,right,68.6,74.3,55.6,72.7,False,False
13293,720575940612178418,KCg-m,central,right,68.6,71.4,53.8,72.7,False,False
72706,720575940625691669,KCab,central,right,68.6,70.0,51.2,68.2,False,False
93887,720575940629498306,KCg-m,central,right,68.6,70.0,53.8,72.7,False,False
49731,720575940621529980,KCg-m,central,right,68.6,71.4,53.8,72.7,False,False
133783,720575940644987188,CB2185,central,left,68.6,71.4,52.5,72.7,False,False
111900,720575940633269695,SMP419,central,right,68.6,75.7,55.0,72.7,False,False
73128,720575940625772828,CB3007,central,left,68.6,71.4,54.4,72.7,False,False
42003,720575940620124028,KCab,central,right,68.6,71.4,53.8,72.7,False,False
39284,720575940619506823,CB1286,central,right,68.6,71.4,53.1,68.2,False,False
134224,720575940645390468,KCab,central,right,68.6,71.4,54.4,68.2,False,False
116216,720575940634849460,KCg-m,central,right,68.6,71.4,52.5,68.2,False,False
116188,720575940634839988,KCg-m,central,right,68.6,70.0,52.5,68.2,False,False
57972,720575940622972686,KCg-m,central,right,68.6,72.9,54.4,72.7,False,False
96633,720575940630038156,KCg-m,central,right,68.6,70.0,53.8,72.7,False,False
137732,720575940654932385,CB2667,central,right,68.6,67.1,52.5,68.2,False,False
94973,720575940629726590,CB1939,central,left,68.6,70.0,51.2,68.2,False,False
60277,720575940623356493,KCab,central,right,67.1,70.0,50.0,63.6,False,False
137967,720575940655891617,PS157,central,right,67.1,70.0,52.5,72.7,False,False
138021,720575940656078241,KCg-m,central,right,67.1,70.0,53.8,72.7,False,False
95514,720575940629836343,CRE078,central,left,67.1,68.6,52.5,68.2,False,False
95280,720575940629789292,KCg-m,central,right,67.1,70.0,52.5,72.7,False,False
95236,720575940629782091,KCg-m,central,right,67.1,70.0,52.5,68.2,False,False
73505,720575940625843262,LHPV3a1,central,left,67.1,70.0,50.0,72.7,False,False
96011,720575940629926159,DM5_lPN,central,left,67.1,68.6,52.5,72.7,False,False
131143,720575940641889952,KCab,central,right,67.1,67.1,51.2,63.6,False,False
48969,720575940621392901,KCab,central,left,67.1,68.6,51.9,68.2,False,False
58129,720575940622998627,CB0580,central,right,67.1,70.0,51.2,63.6,False,False
13464,720575940612239513,CB3154,central,right,67.1,68.6,51.2,68.2,False,False
27670,720575940616547648,KCab,central,right,67.1,67.1,50.0,68.2,False,False
133914,720575940645104948,M_vPNml87,central,left,67.1,70.0,51.2,68.2,False,False
93872,720575940629496002,LHAV2g3,central,left,67.1,68.6,53.1,68.2,False,False
13718,720575940612320498,CB1296,central,left,67.1,68.6,52.5,68.2,False,False
705,720575940604500448,KCab,central,left,67.1,68.6,50.6,68.2,False,False
116106,720575940634808927,KCg-m,central,left,67.1,68.6,51.2,68.2,False,False
13828,720575940612352423,KCg-m,central,right,67.1,70.0,53.1,68.2,False,False
47563,720575940621141542,CB1296,central,right,67.1,67.1,49.4,63.6,False,False
73817,720575940625902282,KCg-m,central,left,67.1,70.0,53.8,72.7,False,False
91276,720575940628983119,CB1661,central,right,67.1,70.0,51.9,68.2,False,False
111532,720575940633186771,KCg-m,central,right,67.1,68.6,52.5,68.2,False,False
18446,720575940613774334,KCg-m,central,right,67.1,65.7,48.8,68.2,False,False
51713,720575940621849769,LHAV2g1b,central,left,67.1,70.0,51.9,68.2,False,False
43481,720575940620442817,KCg-m,central,right,67.1,68.6,51.2,68.2,False,False
43622,720575940620469742,KCg-m,central,right,67.1,71.4,51.9,72.7,False,False
132391,720575940643543200,PAM07,central,left,67.1,70.0,51.9,68.2,False,False
65816,720575940624335367,LHPV2i2a,central,left,67.1,68.6,51.9,68.2,False,False
65769,720575940624328200,LHAV4g1c,central,right,67.1,68.6,51.9,68.2,False,False
69798,720575940625079054,LHAV1a3,central,right,67.1,68.6,52.5,68.2,False,False
111128,720575940633075163,KCab,central,right,67.1,70.0,51.2,68.2,False,False
92416,720575940629202167,KCab,central,right,67.1,67.1,51.9,68.2,False,False
17814,720575940613574865,LHAV7a3,central,right,67.1,67.1,51.2,68.2,False,False
38915,720575940619401296,LAL037,central,right,67.1,68.6,51.2,72.7,False,False
38931,720575940619404214,KCab,central,right,67.1,68.6,51.9,72.7,False,False
38927,720575940619403841,PLP067b,central,right,67.1,70.0,48.8,63.6,False,False
78457,720575940626805520,KCab,central,left,67.1,71.4,52.5,68.2,False,False
113196,720575940633670904,HRN_VP4,sensory,right,67.1,70.0,53.1,68.2,False,False
30658,720575940617380241,KCab,central,left,67.1,68.6,51.2,68.2,False,False
113197,720575940633671319,ORN_DC1,sensory,left,67.1,70.0,53.1,72.7,False,False
34406,720575940618266900,KCg-m,central,right,67.1,70.0,51.9,68.2,False,False
80089,720575940627069416,"LT53,PLP098",visual_projection,left,67.1,70.0,50.0,63.6,False,False
135500,720575940646895924,CB1629,central,left,67.1,70.0,51.2,72.7,False,False
129795,720575940640688592,KCg-m,central,right,67.1,68.6,51.9,72.7,False,False
77194,720575940626582842,KCg-m,central,right,67.1,71.4,51.9,68.2,False,False
45736,720575940620828165,CB1126,central,right,67.1,71.4,51.9,68.2,False,False
48910,720575940621382852,KCab,central,right,67.1,65.7,50.0,63.6,False,False
61370,720575940623539719,CB2802,central,left,67.1,67.1,50.6,68.2,False,False
84806,720575940627854568,KCg-m,central,right,67.1,70.0,51.9,68.2,False,False
105121,720575940631678689,KCab,central,right,67.1,68.6,51.2,68.2,False,False
34299,720575940618245569,KCg-m,central,right,67.1,68.6,51.9,68.2,False,False
84786,720575940627851008,KCab,central,right,67.1,71.4,52.5,72.7,False,False
1169,720575940604978534,KCg-m,central,left,67.1,70.0,52.5,68.2,False,False
91918,720575940629108094,KCg-m,central,right,67.1,70.0,52.5,72.7,False,False
88257,720575940628431671,ORN_DL5,sensory,left,67.1,68.6,51.2,68.2,False,False
14261,720575940612490723,KCg-m,central,right,67.1,68.6,50.0,63.6,False,False
117973,720575940635493812,CB3149,central,left,67.1,68.6,51.9,68.2,False,False
668,720575940604456876,CB1989,central,left,67.1,70.0,51.2,68.2,False,False
53198,720575940622118241,CB3013,central,left,67.1,70.0,52.5,72.7,False,False
54100,720575940622270391,KCab,central,left,67.1,68.6,51.9,72.7,False,False
44683,720575940620655169,KCg-m,central,right,67.1,68.6,51.9,72.7,False,False
67558,720575940624682426,KCg-m,central,right,67.1,70.0,51.9,68.2,False,False
67359,720575940624638396,KCg-m,central,right,67.1,70.0,51.9,68.2,False,False
50543,720575940621658502,KCg-m,central,right,67.1,70.0,51.9,68.2,False,False
19503,720575940614175742,AVLP030,central,right,67.1,72.9,51.9,72.7,False,False
116823,720575940635082347,MBON15-like,central,left,67.1,70.0,53.1,72.7,False,False
133174,720575940644467360,DNge133,descending,left,67.1,67.1,51.2,72.7,False,False
5925,720575940608368818,CB0124,central,left,67.1,71.4,50.6,68.2,False,False
83113,720575940627549205,PPL104,central,left,67.1,68.6,51.9,72.7,False,False
8623,720575940610140378,KCab,central,right,67.1,70.0,52.5,72.7,False,False
97557,720575940630222895,KCab,central,right,67.1,71.4,51.2,68.2,False,False
93049,720575940629338821,KCab,central,left,67.1,68.6,50.6,68.2,False,False
114197,720575940634000495,KCab,central,right,67.1,68.6,51.9,72.7,False,False
71401,720575940625428093,KCab,central,left,67.1,68.6,52.5,72.7,False,False
12000,720575940611696042,KCg-m,central,right,67.1,68.6,51.2,72.7,False,False
3751,720575940606730076,KCg-m,central,left,67.1,70.0,51.9,68.2,False,False
70951,720575940625336464,LAL131a,central,right,67.1,70.0,51.9,68.2,False,False
75555,720575940626252273,KCg-m,central,right,67.1,70.0,51.2,68.2,False,False
133498,720575940644745120,OA-VPM3,central,right,67.1,71.4,53.1,68.2,False,False
133580,720575940644805143,KCg-m,central,right,67.1,70.0,53.8,68.2,False,False
18903,720575940613943914,M_vPNml80,central,right,67.1,71.4,52.5,72.7,False,False
10110,720575940610907490,KCg-m,central,right,67.1,70.0,52.5,72.7,False,False
81919,720575940627343108,KCg-m,central,left,67.1,68.6,53.1,72.7,False,False
42525,720575940620231956,CB1735,central,left,67.1,68.6,51.2,68.2,False,False
119216,720575940635944303,CB3733,central,left,67.1,70.0,53.1,68.2,False,False
67947,720575940624754983,KCab,central,right,67.1,70.0,51.9,68.2,False,False
109099,720575940632583831,KCab,central,right,67.1,65.7,50.6,68.2,False,False
114021,720575940633933337,PLP042a,central,right,67.1,68.6,51.9,68.2,False,False
60956,720575940623468691,DNa10,descending,left,67.1,72.9,56.9,72.7,False,False
22789,720575940615136059,KCab,central,right,67.1,70.0,50.0,63.6,False,False
130380,720575940641062901,PAM01,central,left,67.1,71.4,52.5,72.7,False,False
5189,720575940607869788,ORN_DC1,sensory,left,67.1,68.6,50.6,68.2,False,False
103058,720575940631253967,ORN_DA4m,sensory,left,67.1,70.0,52.5,72.7,False,False
42749,720575940620282758,KCg-m,central,right,67.1,70.0,51.2,68.2,False,False
79944,720575940627045636,KCg-m,central,right,67.1,70.0,51.9,68.2,False,False
79501,720575940626975754,CB0972,central,right,67.1,68.6,51.2,68.2,False,False
10404,720575940611045700,KCab,central,right,67.1,68.6,52.5,68.2,False,False
9800,720575940610743282,KCg-m,central,right,67.1,68.6,51.9,68.2,False,False
9944,720575940610818673,CB1434,central,right,67.1,71.4,53.1,72.7,False,False
10515,720575940611090244,LHCENT8,central,right,67.1,62.9,48.1,63.6,False,False
122846,720575940637590756,PVLP001,central,left,67.1,70.0,51.9,72.7,False,False
74245,720575940625982782,CB2293,central,right,67.1,71.4,51.9,72.7,False,False
36103,720575940618678548,KCab,central,left,67.1,70.0,50.6,68.2,False,False
20313,720575940614416018,KCg-m,central,left,67.1,68.6,51.9,68.2,False,False
84026,720575940627721615,CB3304,central,left,67.1,68.6,52.5,68.2,False,False
66768,720575940624516339,KCg-m,central,right,67.1,68.6,52.5,72.7,False,False
32539,720575940617856340,KCg-m,central,right,67.1,71.4,54.4,77.3,False,False
32653,720575940617885643,CB2703,central,left,67.1,68.6,51.9,68.2,False,False
47235,720575940621088244,CB1982,central,right,67.1,72.9,53.1,68.2,False,False
127253,720575940639506776,ORN_DC1,sensory,left,67.1,70.0,51.9,68.2,False,False
31322,720575940617553809,PAM08,central,left,67.1,71.4,53.1,68.2,False,False
71967,720575940625537822,KCg-m,central,right,67.1,71.4,51.9,72.7,False,False
42530,720575940620232875,CB1079,central,left,67.1,71.4,50.0,68.2,False,False
124271,720575940638195773,KCab,central,left,67.1,67.1,51.2,68.2,False,False
65948,720575940624356792,CB1824,central,right,67.1,70.0,53.1,72.7,False,False
8739,720575940610207957,CB2724,central,left,67.1,68.6,52.5,68.2,False,False
39342,720575940619527845,KCab,central,left,65.7,70.0,51.9,68.2,False,False
80212,720575940627087364,SIP069,central,right,65.7,68.6,51.9,68.2,False,False
37757,720575940619078592,KCab,central,right,65.7,68.6,51.2,68.2,False,False
33998,720575940618182981,KCg-m,central,right,65.7,67.1,48.8,63.6,False,False
16562,720575940613167845,CB1824,central,left,65.7,67.1,50.6,68.2,False,False
104397,720575940631524236,PLP067a,central,left,65.7,67.1,50.6,68.2,False,False
34152,720575940618214383,CB2703,central,right,65.7,68.6,51.2,68.2,False,False
64744,720575940624158906,KCab,central,right,65.7,68.6,51.2,68.2,False,False
46341,720575940620932717,ORN_DM2,sensory,left,65.7,41.4,30.6,40.9,True,False
112806,720575940633553760,ORN_VM1,sensory,right,65.7,67.1,50.6,68.2,False,False
33744,720575940618131505,KCapbp-ap1,central,right,65.7,68.6,50.6,68.2,False,False
1556,720575940605309542,ORN_VA5,sensory,left,65.7,65.7,50.6,68.2,False,False
48525,720575940621321412,KCg-m,central,right,65.7,64.3,48.1,63.6,False,False
90900,720575940628910956,VES016,central,left,65.7,64.3,48.8,63.6,False,False
43378,720575940620421255,ORN_DM6,sensory,left,65.7,67.1,51.2,68.2,False,False
43143,720575940620363691,KCg-m,central,right,65.7,67.1,51.2,68.2,False,False
53912,720575940622236374,PLP229,central,left,65.7,62.9,47.5,63.6,False,False
28563,720575940616821393,KCg-m,central,right,65.7,67.1,51.2,68.2,False,False
132108,720575940643128356,KCab,central,left,65.7,70.0,52.5,72.7,False,False
72812,720575940625711152,LHAV6a3,central,right,65.7,61.4,44.4,59.1,False,False
14146,720575940612455338,MBON15,central,right,65.7,71.4,52.5,68.2,False,False
131430,720575940642288269,CB1258,central,right,65.7,68.6,51.2,68.2,False,False
136987,720575940650946681,CB0952,central,left,65.7,65.7,50.6,68.2,False,False
130693,720575940641386203,SMP081,central,left,65.7,64.3,51.2,68.2,False,False
131290,720575940642089613,KCg-m,central,left,65.7,68.6,51.9,68.2,False,False
53969,720575940622247292,CB2679,central,left,65.7,68.6,48.8,68.2,False,False
41791,720575940620079856,KCg-m,central,right,65.7,68.6,51.2,68.2,False,False
13086,720575940612099309,KCg-m,central,left,65.7,71.4,51.2,68.2,False,False
117753,720575940635399160,ORN_VM1,sensory,right,65.7,67.1,50.0,68.2,False,False
72490,720575940625655464,KCg-m,central,right,65.7,67.1,51.2,68.2,False,False
27672,720575940616547904,KCab,central,right,65.7,67.1,49.4,63.6,False,False
60545,720575940623403773,KCg-m,central,right,65.7,67.1,50.0,63.6,False,False
28528,720575940616812859,LHAV2g2_a,central,right,65.7,67.1,50.6,68.2,False,False
21611,720575940614789791,SMP568,central,left,65.7,70.0,50.6,68.2,False,False
92234,720575940629166592,KCg-m,central,right,65.7,68.6,51.2,68.2,False,False
57916,720575940622961802,CB1132,central,left,65.7,67.1,50.0,63.6,False,False
43289,720575940620403649,KCab,central,right,65.7,70.0,50.0,63.6,False,False
77835,720575940626697802,KCab,central,left,65.7,68.6,50.0,68.2,False,False
111833,720575940633247935,KCab,central,left,65.7,68.6,50.0,68.2,False,False
39300,720575940619511345,LHAV6a3,central,right,65.7,62.9,46.2,68.2,False,False
77819,720575940626694479,KCab,central,right,65.7,67.1,50.0,68.2,False,False
97892,720575940630288440,KCab,central,left,65.7,67.1,50.6,68.2,False,False
104706,720575940631587129,KCg-m,central,left,65.7,68.6,50.6,68.2,False,False
132293,720575940643406615,KCab,central,left,65.7,68.6,52.5,72.7,False,False
51779,720575940621862605,ORN_DC1,sensory,left,65.7,68.6,51.2,68.2,False,False
104935,720575940631632844,ORN_VM1,sensory,left,65.7,68.6,50.6,68.2,False,False
99074,720575940630525967,KCab,central,right,65.7,68.6,51.2,68.2,False,False
104828,720575940631616056,ORN_DA4m,sensory,left,65.7,65.7,50.6,68.2,False,False
67810,720575940624729528,KCg-m,central,right,65.7,67.1,50.6,68.2,False,False
20559,720575940614502128,KCab,central,left,65.7,68.6,50.0,63.6,False,False
105486,720575940631763267,CB1850,central,left,65.7,64.3,48.8,63.6,False,False
124859,720575940638468678,KCg-m,central,right,65.7,65.7,50.6,68.2,False,False
109095,720575940632582807,KCab,central,right,65.7,68.6,51.9,68.2,False,False
71845,720575940625514621,KCab,central,left,65.7,67.1,50.0,68.2,False,False
108796,720575940632510048,KCg-m,central,right,65.7,68.6,50.6,68.2,False,False
108880,720575940632527683,aMe6c,optic,right,65.7,68.6,53.1,72.7,False,False
81122,720575940627220327,KCg-m,central,right,65.7,68.6,51.2,68.2,False,False
42463,720575940620221716,LHPV4b1,central,right,65.7,64.3,46.9,59.1,False,False
12054,720575940611719378,OA-AL2i4,visual_centrifugal,right,65.7,71.4,51.9,68.2,False,False
40358,720575940619766613,KCab,central,left,65.7,65.7,50.6,63.6,False,False
93377,720575940629406012,KCg-m,central,right,65.7,68.6,51.2,68.2,False,False
5293,720575940607932885,ORN_DC1,sensory,left,65.7,67.1,50.6,68.2,False,False
75809,720575940626305679,KCab,central,right,65.7,67.1,50.6,68.2,False,False
38060,720575940619154891,KCg-m,central,right,65.7,67.1,51.9,72.7,False,False
43823,720575940620507862,KCg-m,central,right,65.7,68.6,50.6,68.2,False,False
54900,720575940622402311,KCab,central,right,65.7,68.6,50.0,68.2,False,False
79434,720575940626966794,CB2773,central,right,65.7,68.6,50.6,68.2,False,False
122292,720575940637339738,KCg-m,central,right,65.7,67.1,51.2,68.2,False,False
68807,720575940624914108,CB1939,central,right,65.7,67.1,50.6,68.2,False,False
110267,720575940632835810,KCab,central,right,65.7,68.6,50.6,72.7,False,False
122694,720575940637526750,KCab,central,right,65.7,67.1,50.6,68.2,False,False
96578,720575940630026856,KCab,central,right,65.7,60.0,44.4,59.1,False,False
136817,720575940650480374,CB1646,central,right,65.7,67.1,50.0,63.6,False,False
87394,720575940628300529,KCg-m,central,right,65.7,67.1,50.0,68.2,False,False
33090,720575940617989076,KCg-m,central,right,65.7,68.6,50.6,68.2,False,False
88168,720575940628415473,LHPV4d3,central,left,65.7,65.7,49.4,68.2,False,False
103534,720575940631342476,KCg-m,central,right,65.7,65.7,50.0,68.2,False,False
46733,720575940620998424,KCab,central,right,65.7,65.7,50.6,63.6,False,False
64566,720575940624130253,LAL128,central,right,65.7,71.4,51.2,68.2,False,False
7374,720575940609381897,aMe17a1,visual_centrifugal,right,65.7,71.4,51.9,68.2,False,False
86970,720575940628225323,ORN_DM6,sensory,left,65.7,68.6,51.2,68.2,False,False
36132,720575940618683328,KCab,central,left,65.7,68.6,50.0,63.6,False,False
9230,720575940610470130,KCab,central,right,65.7,68.6,51.9,68.2,False,False
5912,720575940608363844,KCab,central,left,65.7,68.6,51.9,68.2,False,False
20080,720575940614344354,VP4+VL1_l2PN,central,right,65.7,68.6,49.4,63.6,False,False
63987,720575940624030478,ORN_DM4,sensory,left,65.7,15.7,11.9,13.6,True,False
91855,720575940629095323,CB2706,central,right,65.7,67.1,50.0,63.6,False,False
98773,720575940630465398,PAM07,central,left,65.7,67.1,51.9,68.2,False,False
98619,720575940630436603,KCab,central,right,65.7,68.6,51.9,68.2,False,False
101419,720575940630949573,LHAV1d1,central,right,65.7,67.1,50.0,68.2,False,False
24124,720575940615520927,,central,left,65.7,67.1,50.0,68.2,False,False
24081,720575940615507641,KCg-m,central,right,65.7,68.6,50.6,68.2,False,False
6901,720575940609112587,CB1132,central,right,65.7,68.6,51.2,68.2,False,False
127251,720575940639506749,KCab,central,right,65.7,68.6,50.6,68.2,False,False
32573,720575940617865280,KCg-m,central,right,65.7,67.1,51.2,68.2,False,False
126334,720575940639090997,KCg-m,central,right,65.7,68.6,51.2,63.6,False,False
64045,720575940624041447,KCg-m,central,left,65.7,67.1,50.6,63.6,False,False
84206,720575940627750647,KCg-m,central,right,65.7,68.6,50.6,68.2,False,False
123184,720575940637712243,VP4+VL1_l2PN,central,left,65.7,67.1,48.8,63.6,False,False
67248,720575940624612839,KCab,central,left,65.7,68.6,50.6,68.2,False,False
82615,720575940627465871,ORN_DC1,sensory,left,65.7,67.1,50.6,68.2,False,False
128126,720575940639891288,CB2629,central,left,65.7,68.6,50.0,68.2,False,False
20189,720575940614378463,ORN_DM6,sensory,right,65.7,68.6,51.9,68.2,False,False
107345,720575940632193420,CL099a,central,right,65.7,65.7,48.8,63.6,False,False
66905,720575940624545940,PAM07,central,left,65.7,67.1,50.0,68.2,False,False
74001,720575940625940456,KCg-m,central,right,65.7,68.6,50.6,63.6,False,False
14653,720575940612613551,KCab,central,left,65.7,67.1,51.9,68.2,False,False
25183,720575940615847005,KCg-m,central,left,65.7,67.1,50.6,68.2,False,False
14901,720575940612686358,KCg-m,central,right,65.7,65.7,49.4,68.2,False,False
137655,720575940654606753,KCg-m,central,right,65.7,68.6,51.2,68.2,False,False
31724,720575940617650722,KCab,central,right,65.7,68.6,50.6,63.6,False,False
101177,720575940630906655,KCg-m,central,right,65.7,67.1,50.6,63.6,False,False
94058,720575940629529722,MBON10,central,left,65.7,67.1,51.2,68.2,False,False
6707,720575940608976085,SMP552,central,left,64.3,65.7,46.9,63.6,False,False
48055,720575940621236406,KCab,central,left,64.3,68.6,51.2,68.2,False,False
18482,720575940613784386,KCg-m,central,left,64.3,65.7,49.4,68.2,False,False
80727,720575940627165010,KCg-m,central,right,64.3,67.1,50.6,68.2,False,False
95506,720575940629834796,KCab,central,right,64.3,62.9,47.5,63.6,False,False
26130,720575940616109398,KCg-m,central,right,64.3,68.6,50.6,68.2,False,False
91804,720575940629083211,CB2589,central,left,64.3,68.6,50.0,63.6,False,False
101391,720575940630945231,CB1755,central,left,64.3,65.7,49.4,63.6,False,False
94107,720575940629539269,ORN_DM4,sensory,left,64.3,38.6,29.4,40.9,True,False
116176,720575940634836671,KCg-m,central,right,64.3,65.7,48.8,63.6,False,False
16830,720575940613258994,SMP164,central,right,64.3,68.6,50.6,68.2,False,False
138226,720575940659763329,KCab,central,left,64.3,65.7,50.0,63.6,False,False
91505,720575940629023131,CL021,central,left,64.3,67.1,49.4,68.2,False,False
28098,720575940616673497,KCab,central,left,64.3,67.1,50.0,63.6,False,False
94478,720575940629617879,CB1545,central,right,64.3,65.7,50.0,68.2,False,False
68085,720575940624783091,M_vPNml83,central,left,64.3,62.9,47.5,63.6,False,False
37128,720575940618932763,PVLP010,central,right,64.3,68.6,53.1,68.2,False,False
41479,720575940620018964,LHAV9a1_b,central,right,64.3,68.6,50.6,68.2,False,False
74633,720575940626052540,PLP211,central,left,64.3,65.7,49.4,68.2,False,False
74609,720575940626048637,ORN_VM1,sensory,right,64.3,67.1,49.4,68.2,False,False
49896,720575940621557859,KCab,central,left,64.3,68.6,51.9,68.2,False,False
65455,720575940624279527,KCab,central,left,64.3,67.1,48.8,63.6,False,False
72055,720575940625560189,KCab,central,right,64.3,67.1,51.2,68.2,False,False
132456,720575940643651784,CB2793,central,left,64.3,70.0,51.9,68.2,False,False
132304,720575940643423392,CB1846,central,left,64.3,67.1,49.4,63.6,False,False
131065,720575940641755789,CB1727,central,right,64.3,67.1,49.4,68.2,False,False
96238,720575940629963068,SMP568,central,left,64.3,65.7,48.1,63.6,False,False
29867,720575940617168345,KCg-m,central,left,64.3,67.1,48.8,63.6,False,False
54343,720575940622311704,DA2_lPN,central,right,64.3,85.7,48.8,63.6,False,False
4131,720575940607010825,KCg-m,central,right,64.3,67.1,50.6,68.2,False,False
107131,720575940632135249,KCg-m,central,right,64.3,67.1,50.0,63.6,False,False
63458,720575940623943572,KCab,central,right,64.3,64.3,48.1,63.6,False,False
107384,720575940632203823,KCg-m,central,right,64.3,60.0,45.0,59.1,False,False
67033,720575940624574356,CB3441,central,left,64.3,67.1,49.4,68.2,False,False
61390,720575940623543303,KCg-m,central,right,64.3,67.1,50.0,63.6,False,False
2793,720575940606112940,DNg13,descending,right,64.3,61.4,48.1,63.6,False,False
61926,720575940623650055,CB0359,central,left,64.3,67.1,50.6,72.7,False,False
86871,720575940628209212,KCab,central,right,64.3,62.9,47.5,63.6,False,False
86655,720575940628168847,ALIN1,central,left,64.3,68.6,51.2,72.7,False,False
42268,720575940620179821,KCab,central,right,64.3,58.6,46.2,59.1,False,False
112362,720575940633402082,KCg-m,central,right,64.3,65.7,50.0,68.2,False,False
26404,720575940616180566,CB1850,central,right,64.3,64.3,48.8,63.6,False,False
42481,720575940620224677,ORN_D,sensory,right,64.3,67.1,51.2,68.2,False,False
117958,720575940635489272,KCab,central,left,64.3,67.1,49.4,63.6,False,False
90641,720575940628864762,LHAV2g3,central,left,64.3,67.1,50.0,68.2,False,False
108065,720575940632364717,KCg-m,central,right,64.3,64.3,50.0,68.2,False,False
19537,720575940614186602,KCab,central,right,64.3,65.7,50.6,68.2,False,False
99567,720575940630616111,KCab,central,left,64.3,67.1,50.6,63.6,False,False
134454,720575940645610787,CB2035,central,left,64.3,65.7,50.0,68.2,False,False
136049,720575940647739513,KCg-m,central,right,64.3,65.7,49.4,68.2,False,False
2494,720575940605925600,KCab,central,left,64.3,62.9,47.5,63.6,False,False
96896,720575940630094444,KCab,central,left,64.3,68.6,49.4,63.6,False,False
22839,720575940615147788,KCg-m,central,right,64.3,62.9,48.1,63.6,False,False
128412,720575940640020944,CB1546,central,right,64.3,67.1,50.6,68.2,False,False
103967,720575940631434722,KCg-m,central,right,64.3,65.7,50.6,68.2,False,False
25553,720575940615955910,CB1512,central,left,64.3,64.3,48.8,63.6,False,False
43977,720575940620537071,KCg-m,central,right,64.3,67.1,51.2,68.2,False,False
61636,720575940623594132,CB2724,central,right,64.3,65.7,50.0,68.2,False,False
70839,720575940625311418,KCg-m,central,right,64.3,67.1,51.2,68.2,False,False
129902,720575940640747864,PAM04,central,right,64.3,65.7,48.1,63.6,False,False
10566,720575940611111061,KCg-m,central,right,64.3,65.7,49.4,63.6,False,False
135035,720575940646262307,KCg-m,central,left,64.3,68.6,51.2,68.2,False,False
106463,720575940631991879,KCg-m,central,right,64.3,68.6,50.6,68.2,False,False
66526,720575940624462228,KCg-m,central,left,64.3,67.1,50.6,68.2,False,False
35568,720575940618544623,KCab,central,right,64.3,65.7,49.4,68.2,False,False
105001,720575940631647043,KCg-m,central,right,64.3,70.0,50.6,72.7,False,False
35255,720575940618469681,CB2469,central,right,64.3,67.1,50.0,68.2,False,False
85369,720575940627949589,DNp18,descending,right,64.3,64.3,51.2,54.5,False,False
21818,720575940614845802,KCg-m,central,right,64.3,67.1,50.0,68.2,False,False
134813,720575940645989399,LAL131a,central,left,64.3,67.1,51.2,68.2,False,False
62415,720575940623750325,"MBON25,MBON34",central,left,64.3,67.1,50.0,68.2,False,False
6309,720575940608682453,KCg-m,central,left,64.3,65.7,51.2,68.2,False,False
127429,720575940639593587,KCg-m,central,right,64.3,67.1,48.8,63.6,False,False
1084,720575940604911793,CB1321,central,left,64.3,65.7,50.0,63.6,False,False
5795,720575940608295032,M_vPNml60,central,left,64.3,65.7,50.0,68.2,False,False
113780,720575940633851243,KCab,central,left,64.3,65.7,49.4,63.6,False,False
92954,720575940629318759,CB2201,central,right,64.3,61.4,46.2,63.6,False,False
44142,720575940620566808,VP1l+_lvPN,central,right,64.3,67.1,48.8,63.6,False,False
123257,720575940637746520,KCg-m,central,right,64.3,67.1,49.4,68.2,False,False
110109,720575940632804435,VES005,central,left,64.3,67.1,50.0,72.7,False,False
37308,720575940618975936,KCab,central,left,64.3,64.3,50.0,68.2,False,False
1938,720575940605620670,KCg-m,central,left,64.3,65.7,49.4,68.2,False,False
16156,720575940613042403,KCg-m,central,right,64.3,65.7,49.4,63.6,False,False
32609,720575940617873728,KCg-m,central,left,64.3,67.1,51.2,68.2,False,False
79505,720575940626976555,CB2022,central,right,64.3,67.1,50.0,68.2,False,False
114917,720575940634310763,CB3441,central,right,64.3,65.7,48.1,63.6,False,False
134765,720575940645932579,PAM01,central,left,64.3,70.0,51.2,68.2,False,False
1426,720575940605196465,KCg-m,central,right,64.3,67.1,48.8,63.6,False,False
23944,720575940615465433,KCab,central,right,64.3,67.1,50.6,63.6,False,False
60665,720575940623426633,KCg-m,central,right,64.3,67.1,50.6,68.2,False,False
26596,720575940616235348,LAL037,central,right,64.3,68.6,50.6,68.2,False,False
93017,720575940629332606,KCg-m,central,right,64.3,65.7,50.0,68.2,False,False
97306,720575940630176047,KCg-m,central,right,64.3,67.1,50.6,68.2,False,False
39876,720575940619665023,KCab,central,right,64.3,65.7,48.1,59.1,False,False
5577,720575940608152021,KCg-m,central,left,64.3,65.7,48.8,68.2,False,False
2609,720575940605997257,KCab,central,right,64.3,65.7,48.8,63.6,False,False
70194,720575940625158437,KCab,central,right,64.3,67.1,49.4,63.6,False,False
116903,720575940635110286,KCg-m,central,right,64.3,67.1,50.0,63.6,False,False
116745,720575940635057759,CB1300,central,left,64.3,65.7,48.1,63.6,False,False
133253,720575940644554606,KCab,central,right,64.3,67.1,51.2,68.2,False,False
3702,720575940606700043,KCab,central,left,64.3,67.1,50.0,68.2,False,False
8282,720575940609932130,CB2784,central,left,64.3,65.7,50.6,68.2,False,False
122278,720575940637332851,LHPV2c2a,central,right,64.3,64.3,48.8,63.6,False,False
93898,720575940629500542,KCab,central,right,64.3,65.7,50.6,68.2,False,False
44077,720575940620554843,CB1661,central,left,64.3,67.1,49.4,68.2,False,False
64675,720575940624147976,KCab,central,left,64.3,64.3,48.1,63.6,False,False
46319,720575940620929238,KCab,central,left,64.3,68.6,51.2,68.2,False,False
118515,720575940635678638,CB3241,central,right,64.3,67.1,50.0,63.6,False,False
109569,720575940632689199,LT36,visual_centrifugal,right,64.3,65.7,51.2,68.2,False,False
106373,720575940631975379,KCab,central,right,64.3,65.7,49.4,68.2,False,False
88807,720575940628538679,KCab,central,right,64.3,65.7,49.4,63.6,False,False
18411,720575940613762466,M_vPNml60,central,right,64.3,67.1,48.1,63.6,False,False
120131,720575940636352357,KCg-m,central,right,64.3,67.1,50.0,68.2,False,False
101873,720575940631027148,KCab,central,left,64.3,67.1,50.6,68.2,False,False
36302,720575940618722475,KCg-m,central,left,64.3,65.7,50.0,68.2,False,False
39222,720575940619487414,KCg-m,central,right,64.3,68.6,50.0,63.6,False,False
123326,720575940637773117,KCab,central,right,62.9,64.3,48.1,63.6,False,False
89370,720575940628640079,KCab,central,right,62.9,64.3,47.5,63.6,False,False
20527,720575940614486690,KCg-m,central,right,62.9,67.1,49.4,68.2,False,False
52751,720575940622052521,ORN_DA4m,sensory,left,62.9,65.7,48.1,63.6,False,False
92133,720575940629148672,KCab,central,left,62.9,62.9,48.1,63.6,False,False
2627,720575940606009801,KCg-m,central,left,62.9,65.7,48.1,63.6,False,False
126286,720575940639072189,LHAV2b6,central,left,62.9,64.3,49.4,63.6,False,False
70652,720575940625273116,ORN_VM7d,sensory,right,62.9,65.7,49.4,68.2,False,False
88941,720575940628561628,CB3590,central,right,62.9,65.7,49.4,63.6,False,False
113414,720575940633740196,CB2245,central,left,62.9,65.7,49.4,68.2,False,False
116304,720575940634890175,KCab,central,right,62.9,64.3,48.1,63.6,False,False
62693,720575940623808693,KCab,central,left,62.9,65.7,50.0,68.2,False,False
92397,720575940629198636,CB2680,central,right,62.9,65.7,50.6,68.2,False,False
55633,720575940622542517,KCg-m,central,right,62.9,65.7,48.8,63.6,False,False
138242,720575940659850113,KCg-m,central,right,62.9,67.1,50.0,68.2,False,False
28419,720575940616781241,KCab,central,right,62.9,64.3,48.8,68.2,False,False
137663,720575940654661281,PAM01,central,right,62.9,65.7,50.0,63.6,False,False
85698,720575940628006296,WEDPN11,central,right,62.9,65.7,47.5,63.6,False,False
96403,720575940629995319,AVLP015,central,right,62.9,65.7,51.2,72.7,False,False
61000,720575940623478115,CB0009,central,left,62.9,70.0,51.9,68.2,False,False
21195,720575940614684822,LAL022,central,left,62.9,61.4,46.2,63.6,False,False
38062,720575940619155029,KCg-m,central,right,62.9,65.7,48.1,63.6,False,False
122178,720575940637296356,ALON2,central,right,62.9,64.3,48.1,63.6,False,False
122312,720575940637352511,KCab,central,left,62.9,65.7,48.8,68.2,False,False
19856,720575940614283006,KCg-m,central,right,62.9,65.7,49.4,63.6,False,False
122100,720575940637263337,SMP552,central,right,62.9,67.1,48.1,68.2,False,False
99339,720575940630575375,"CB1141,CB1285",central,left,62.9,64.3,47.5,63.6,False,False
24399,720575940615612066,FB4Y,central,right,62.9,67.1,50.6,68.2,False,False
54621,720575940622354870,CB2749,central,left,62.9,64.3,49.4,63.6,False,False
104566,720575940631558113,CB1545,central,right,62.9,64.3,47.5,63.6,False,False
117475,720575940635286958,KCg-m,central,left,62.9,67.1,48.8,63.6,False,False
8366,720575940609978866,CB1357,central,right,62.9,65.7,48.8,63.6,False,False
123171,720575940637704765,KCab,central,right,62.9,61.4,45.6,59.1,False,False
80753,720575940627168273,CB3869,central,left,62.9,64.3,50.0,68.2,False,False
90467,720575940628829352,CB2812,central,right,62.9,62.9,45.0,59.1,False,False
11684,720575940611578074,KCab,central,left,62.9,65.7,49.4,68.2,False,False
79744,720575940627015942,KCg-m,central,left,62.9,67.1,48.1,63.6,False,False
37579,720575940619041133,KCab,central,right,62.9,64.3,48.1,63.6,False,False
57849,720575940622949069,KCg-m,central,left,62.9,65.7,48.1,63.6,False,False
17719,720575940613539478,ORN_DM2,sensory,left,62.9,32.9,25.0,31.8,True,False
69425,720575940625019481,KCab,central,left,62.9,67.1,48.8,68.2,False,False
51696,720575940621845018,KCg-m,central,right,62.9,65.7,49.4,68.2,False,False
6194,720575940608603657,LHPV4b3,central,right,62.9,67.1,46.9,59.1,False,False
39675,720575940619616193,KCab,central,left,62.9,65.7,49.4,68.2,False,False
107693,720575940632278189,CB1727,central,left,62.9,65.7,48.8,63.6,False,False
67339,720575940624632980,PLP067a,central,right,62.9,64.3,48.1,63.6,False,False
30064,720575940617225083,KCab,central,left,62.9,64.3,48.8,63.6,False,False
97837,720575940630276567,LHPV2c2a,central,left,62.9,61.4,46.2,59.1,False,False
61286,720575940623525770,LAL030d,central,right,62.9,62.9,48.8,63.6,False,False
21537,720575940614770847,KCg-m,central,right,62.9,65.7,48.1,63.6,False,False
57302,720575940622848775,SLP071,central,right,62.9,62.9,45.6,59.1,False,False
64442,720575940624107706,KCab,central,right,62.9,61.4,45.6,63.6,False,False
45906,720575940620862273,KCg-m,central,right,62.9,65.7,49.4,63.6,False,False
84340,720575940627775938,KCab,central,right,62.9,64.3,50.0,63.6,False,False
119193,720575940635932590,VES016,central,right,62.9,62.9,45.6,59.1,False,False
71280,720575940625401018,CB2784,central,left,62.9,65.7,49.4,68.2,False,False
21291,720575940614710509,cML01,visual_centrifugal,right,62.9,61.4,48.1,63.6,False,False
1404,720575940605180849,KCg-m,central,left,62.9,65.7,50.0,68.2,False,False
32340,720575940617811540,KCg-m,central,right,62.9,65.7,48.1,63.6,False,False
2689,720575940606046892,CB0641,central,right,62.9,65.7,47.5,59.1,False,False
132015,720575940642967662,"LHPV4a5, LHPV4k1",central,right,62.9,65.7,48.1,63.6,False,False
42493,720575940620226470,KCg-m,central,left,62.9,65.7,48.8,63.6,False,False
84830,720575940627859688,KCab,central,left,62.9,64.3,47.5,63.6,False,False
114281,720575940634035863,M_l2PNm17,central,right,62.9,67.1,47.5,63.6,False,False
3877,720575940606796722,KCg-m,central,left,62.9,65.7,48.1,63.6,False,False
6736,720575940608990677,CB2534,central,left,62.9,64.3,48.1,63.6,False,False
69281,720575940624994941,KCapbp-ap1,central,right,62.9,62.9,47.5,63.6,False,False
44286,720575940620589677,KCab,central,left,62.9,65.7,50.0,63.6,False,False
126386,720575940639118168,KCg-m,central,right,62.9,64.3,47.5,63.6,False,False
111061,720575940633052641,M_vPNml87,central,left,62.9,65.7,48.8,63.6,False,False
78734,720575940626851471,ORN_VM1,sensory,left,62.9,65.7,49.4,63.6,False,False
69887,720575940625097274,M_vPNml75,central,left,62.9,65.7,48.8,63.6,False,False
17496,720575940613478422,KCab,central,right,62.9,64.3,48.8,63.6,False,False
41660,720575940620051079,LHAV6a1,central,right,62.9,58.6,43.1,54.5,False,False
1651,720575940605391136,CB0994,central,left,62.9,65.7,48.8,63.6,False,False
74278,720575940625989732,CL100,central,left,62.9,65.7,50.0,63.6,False,False
41915,720575940620107968,CB1515,central,right,62.9,67.1,49.4,63.6,False,False
117265,720575940635213998,KCg-m,central,right,62.9,65.7,50.6,68.2,False,False
21640,720575940614796354,KCg-m,central,left,62.9,67.1,50.6,68.2,False,False
29984,720575940617201113,KCg-m,central,right,62.9,64.3,47.5,63.6,False,False
66578,720575940624477246,CB2357,central,left,62.9,67.1,50.0,63.6,False,False
52098,720575940621925726,KCg-m,central,left,62.9,64.3,49.4,63.6,False,False
101666,720575940630991500,CB3205,central,right,62.9,61.4,44.4,59.1,False,False
110977,720575940633024924,ORN_D,sensory,left,62.9,65.7,49.4,63.6,False,False
39051,720575940619434887,KCg-m,central,right,62.9,65.7,48.8,68.2,False,False
63873,720575940624014483,LHAD4a1,central,right,62.9,64.3,47.5,63.6,False,False
128918,720575940640242896,KCab,central,left,62.9,67.1,48.8,68.2,False,False
135768,720575940647303300,CB1079,central,left,62.9,64.3,50.0,68.2,False,False
86420,720575940628128079,KCg-m,central,right,62.9,65.7,46.9,63.6,False,False
89823,720575940628724284,KCg-m,central,right,62.9,65.7,49.4,68.2,False,False
31271,720575940617540509,LHPV5a1,central,right,62.9,60.0,44.4,54.5,False,False
109744,720575940632728476,KCg-m,central,right,62.9,65.7,49.4,63.6,False,False
5964,720575940608393739,KCg-m,central,right,62.9,65.7,48.1,63.6,False,False
80806,720575940627174994,KCab,central,left,62.9,65.7,48.1,63.6,False,False
56055,720575940622629193,KCab,central,left,62.9,65.7,48.1,63.6,False,False
72776,720575940625703114,LHAV6a3,central,right,62.9,55.7,42.5,59.1,False,False
41216,720575940619967879,KCg-m,central,right,62.9,65.7,47.5,63.6,False,False
115236,720575940634442091,KCg-m,central,right,62.9,64.3,47.5,63.6,False,False
125984,720575940638963363,KCg-m,central,left,62.9,64.3,48.8,63.6,False,False
46851,720575940621019457,KCg-m,central,right,62.9,64.3,48.8,63.6,False,False
46841,720575940621017840,KCg-m,central,right,62.9,65.7,49.4,68.2,False,False
7692,720575940609586500,SLP383,central,left,62.9,64.3,49.4,63.6,False,False
1194,720575940604999526,KCg-m,central,right,62.9,65.7,49.4,63.6,False,False
94969,720575940629725711,KCab,central,right,62.9,62.9,45.6,63.6,False,False
14285,720575940612498346,CL142,central,left,62.9,67.1,51.2,68.2,False,False
94815,720575940629694027,KCg-m,central,left,61.4,64.3,46.2,59.1,False,False
95300,720575940629792620,KCab,central,right,61.4,62.9,47.5,63.6,False,False
68443,720575940624853276,ORN_DL5,sensory,right,61.4,62.9,49.4,63.6,False,False
14447,720575940612547442,CB2677,central,right,61.4,65.7,46.2,63.6,False,False
94015,720575940629521260,ORN_VA7m,sensory,right,61.4,64.3,48.1,63.6,False,False
80385,720575940627112723,KCg-m,central,right,61.4,62.9,46.2,59.1,False,False
74476,720575940626022586,LHAV7a1c,central,left,61.4,62.9,46.9,63.6,False,False
14581,720575940612587286,KCg-m,central,right,61.4,64.3,48.8,63.6,False,False
109810,720575940632738093,KCab,central,left,61.4,65.7,48.8,68.2,False,False
122652,720575940637509941,KCg-m,central,left,61.4,65.7,48.1,63.6,False,False
80329,720575940627103802,KCg-m,central,left,61.4,64.3,46.9,63.6,False,False
38366,720575940619242081,KCab,central,left,61.4,64.3,47.5,63.6,False,False
17094,720575940613355670,CB1962,central,right,61.4,61.4,48.1,63.6,False,False
46366,720575940620936870,KCg-m,central,right,61.4,64.3,47.5,63.6,False,False
55739,720575940622565887,KCab,central,right,61.4,62.9,47.5,63.6,False,False
65369,720575940624264340,ORN_DA4m,sensory,right,61.4,62.9,47.5,63.6,False,False
41614,720575940620042375,KCab,central,right,61.4,64.3,48.1,63.6,False,False
63058,720575940623878891,CB3114,central,left,61.4,64.3,48.1,63.6,False,False
116667,720575940635026879,CB1490,central,right,61.4,61.4,46.2,63.6,False,False
116843,720575940635089945,cML01,visual_centrifugal,left,61.4,65.7,48.8,68.2,False,False
116471,720575940634952299,SMP542,central,right,61.4,62.9,49.4,63.6,False,False
57940,720575940622965765,CB2932,central,right,61.4,64.3,46.9,63.6,False,False
105945,720575940631885485,ORN_VL2p,sensory,right,61.4,64.3,49.4,63.6,False,False
105594,720575940631792440,KCg-m,central,left,61.4,62.9,48.1,63.6,False,False
120388,720575940636488878,KCab,central,right,61.4,62.9,48.8,63.6,False,False
111656,720575940633210475,KCg-m,central,right,61.4,61.4,46.9,63.6,False,False
111468,720575940633171916,PLP231,central,right,61.4,62.9,46.9,63.6,False,False
4944,720575940607674563,KCab,central,left,61.4,62.9,49.4,68.2,False,False
76889,720575940626523017,ATL023,central,right,61.4,71.4,50.0,63.6,False,False
77001,720575940626547817,KCg-m,central,right,61.4,62.9,46.9,59.1,False,False
120604,720575940636572814,CB1722,central,left,61.4,64.3,48.1,63.6,False,False
83614,720575940627650376,CB3733,central,left,61.4,64.3,46.9,63.6,False,False
83517,720575940627632745,SIP069,central,right,61.4,64.3,48.1,63.6,False,False
83482,720575940627626695,KCab,central,left,61.4,62.9,47.5,63.6,False,False
36700,720575940618821067,ORN_DC1,sensory,left,61.4,64.3,48.1,63.6,False,False
77886,720575940626707770,LHPV4b3,central,right,61.4,67.1,48.1,63.6,False,False
111539,720575940633189145,"CB1141,CB1285",central,left,61.4,64.3,48.1,63.6,False,False
47755,720575940621178206,KCab,central,right,61.4,58.6,44.4,59.1,False,False
62543,720575940623780583,CB1857,central,left,61.4,64.3,47.5,63.6,False,False
3981,720575940606890370,KCab,central,left,61.4,64.3,46.9,63.6,False,False
113515,720575940633773849,KCg-m,central,right,61.4,64.3,46.9,63.6,False,False
127348,720575940639553920,DNge101,descending,right,61.4,64.3,50.6,68.2,False,False
25255,720575940615868102,KCg-m,central,left,61.4,65.7,49.4,63.6,False,False
25344,720575940615897245,KCab,central,right,61.4,65.7,48.1,63.6,False,False
6263,720575940608644654,KCg-m,central,right,61.4,62.9,48.1,63.6,False,False
128938,720575940640253403,CB1243,central,left,61.4,64.3,47.5,63.6,False,False
98056,720575940630317415,CB2920,central,left,61.4,65.7,48.8,68.2,False,False
105540,720575940631777567,KCg-m,central,right,61.4,64.3,49.4,68.2,False,False
6930,720575940609133102,KCg-m,central,right,61.4,61.4,46.2,63.6,False,False
105306,720575940631719417,SMP568,central,right,61.4,61.4,45.6,59.1,False,False
75437,720575940626225941,KCg-m,central,right,61.4,62.9,46.9,59.1,False,False
111024,720575940633040223,KCab,central,right,61.4,64.3,46.2,63.6,False,False
102209,720575940631095087,PAM01,central,left,61.4,64.3,48.8,68.2,False,False
64351,720575940624096039,KCg-m,central,right,61.4,64.3,48.1,63.6,False,False
32718,720575940617902676,KCab,central,right,61.4,64.3,48.1,63.6,False,False
36877,720575940618868273,KCg-m,central,left,61.4,64.3,48.1,63.6,False,False
134679,720575940645819268,KCg-m,central,right,61.4,64.3,46.9,63.6,False,False
87854,720575940628365783,KCab,central,right,61.4,62.9,48.1,63.6,False,False
40444,720575940619785492,PAM01,central,left,61.4,65.7,49.4,68.2,False,False
88001,720575940628390811,ORN_DM6,sensory,right,61.4,64.3,47.5,63.6,False,False
124804,720575940638444861,KCg-m,central,left,61.4,65.7,48.1,68.2,False,False
124888,720575940638480061,KCg-m,central,right,61.4,62.9,48.1,63.6,False,False
45669,720575940620816961,KCab,central,right,61.4,64.3,46.9,59.1,False,False
82529,720575940627450385,KCg-m,central,right,61.4,62.9,46.2,63.6,False,False
23795,720575940615425314,CB2920,central,right,61.4,61.4,46.2,63.6,False,False
1237,720575940605030316,DSKMP3,central,right,61.4,61.4,46.2,63.6,False,False
55495,720575940622516715,KCab,central,left,61.4,64.3,47.5,63.6,False,False
128095,720575940639881600,KCg-m,central,right,61.4,62.9,47.5,63.6,False,False
48352,720575940621290605,WEDPN8D,central,right,61.4,60.0,46.9,63.6,False,False
83186,720575940627561854,KCg-m,central,right,61.4,65.7,46.9,63.6,False,False
9316,720575940610505621,KCab,central,right,61.4,62.9,46.9,59.1,False,False
45118,720575940620719743,ORN_DL5,sensory,right,61.4,64.3,49.4,63.6,False,False
66840,720575940624531948,KCab,central,left,61.4,62.9,48.8,63.6,False,False
30294,720575940617290043,DNg86,descending,left,61.4,61.4,46.2,63.6,False,False
51363,720575940621792438,M_lvPNm43,central,left,61.4,62.9,48.1,63.6,False,False
88771,720575940628533356,KCab,central,right,61.4,64.3,46.9,63.6,False,False
8479,720575940610052266,DA2_lPN,central,right,61.4,85.7,48.8,63.6,False,False
125437,720575940638719104,DA2_lPN,central,left,61.4,75.7,48.8,63.6,False,False
87097,720575940628246121,ORN_DM6,sensory,right,61.4,64.3,48.1,63.6,False,False
97025,720575940630119900,CRE020,central,right,61.4,64.3,48.1,63.6,False,False
105263,720575940631710604,CB0197,central,right,61.4,61.4,46.2,59.1,False,False
75521,720575940626244348,KCab,central,left,61.4,65.7,47.5,59.1,False,False
34666,720575940618326511,LHPV2e1_a,central,right,61.4,64.3,47.5,59.1,False,False
103178,720575940631275601,SLP236,central,right,61.4,64.3,47.5,63.6,False,False
104716,720575940631589689,KCg-m,central,right,61.4,64.3,47.5,63.6,False,False
130553,720575940641243125,CB2064,central,left,61.4,62.9,47.5,63.6,False,False
61149,720575940623503318,DNg104,descending,right,61.4,64.3,50.0,63.6,False,False
121975,720575940637210334,LAL081,central,right,61.4,67.1,48.1,68.2,False,False
108203,720575940632390731,CB1531,central,left,61.4,62.9,46.9,63.6,False,False
19391,720575940614129887,CB1490,central,right,61.4,61.4,46.9,59.1,False,False
81968,720575940627351887,LHPD4a1,central,right,61.4,64.3,48.8,68.2,False,False
99461,720575940630598395,KCg-m,central,right,61.4,62.9,48.1,63.6,False,False
10230,720575940610963734,KCab,central,right,61.4,64.3,48.8,63.6,False,False
72054,720575940625559908,LAL030a,central,right,61.4,62.9,45.6,59.1,False,False
110589,720575940632917217,KCab,central,left,61.4,61.4,46.2,63.6,False,False
12789,720575940611988008,KCab,central,right,61.4,61.4,46.9,63.6,False,False
41154,720575940619954091,KCg-m,central,right,61.4,64.3,48.8,68.2,False,False
117077,720575940635157867,LHAV3b12,central,left,61.4,60.0,44.4,63.6,False,False
78527,720575940626818085,PVLP141,central,right,61.4,62.9,45.6,63.6,False,False
53010,720575940622090316,CB1577,central,right,61.4,64.3,48.1,63.6,False,False
52812,720575940622061803,KCab,central,right,61.4,60.0,45.0,59.1,False,False
94810,720575940629693239,KCg-m,central,right,61.4,62.9,47.5,63.6,False,False
273,720575940603673120,KCab,central,right,61.4,65.7,48.8,68.2,False,False
99928,720575940630679895,KCg-m,central,right,61.4,61.4,45.6,59.1,False,False
42105,720575940620144304,WEDPN6A,central,left,61.4,61.4,46.2,59.1,False,False
94704,720575940629671235,KCg-m,central,right,61.4,64.3,48.1,68.2,False,False
28862,720575940616892061,CB3007,central,left,61.4,65.7,49.4,68.2,False,False
92031,720575940629132288,KCab,central,left,61.4,64.3,47.5,63.6,False,False
92463,720575940629211666,KCab,central,right,61.4,60.0,45.0,59.1,False,False
73077,720575940625765306,KCg-m,central,right,61.4,64.3,47.5,63.6,False,False
94373,720575940629593585,SLP438,central,left,61.4,65.7,46.9,63.6,False,False
131649,720575940642492576,DM5_lPN,central,right,61.4,64.3,48.8,63.6,False,False
109332,720575940632635053,CB2053,central,right,61.4,62.9,46.2,59.1,False,False
27850,720575940616596822,CB1357,central,left,61.4,64.3,48.1,63.6,False,False
126967,720575940639382691,CB1735,central,left,61.4,60.0,45.0,59.1,False,False
73079,720575940625765520,LHAV3j1,central,right,60.0,57.1,45.0,59.1,False,False
22347,720575940615021930,CB2813,central,left,60.0,57.1,43.1,59.1,False,False
95007,720575940629733314,KCab,central,right,60.0,62.9,47.5,63.6,False,False
100020,720575940630696443,KCg-m,central,left,60.0,62.9,46.9,59.1,False,False
95934,720575940629912428,CB3202,central,left,60.0,62.9,46.2,63.6,False,False
18826,720575940613915823,DNpe005,descending,right,60.0,64.3,45.6,59.1,False,False
116930,720575940635116639,CB3036,central,left,60.0,61.4,46.9,59.1,False,False
82792,720575940627493653,KCg-m,central,right,60.0,62.9,47.5,63.6,False,False
63584,720575940623966612,KCab,central,left,60.0,62.9,45.6,59.1,False,False
52087,720575940621923837,DNge008,descending,left,60.0,62.9,47.5,59.1,False,False
15685,720575940612919410,LHAV2b10,central,right,60.0,61.4,46.2,63.6,False,False
76819,720575940626509830,KCg-m,central,left,60.0,61.4,48.8,63.6,False,False
128756,720575940640168637,CB0540,central,right,60.0,62.9,46.2,63.6,False,False
61535,720575940623572164,ORN_DA4m,sensory,right,60.0,62.9,47.5,63.6,False,False
25805,720575940616018326,CB3464,central,right,60.0,60.0,45.6,59.1,False,False
55498,720575940622516852,OA-AL2i1,visual_centrifugal,right,60.0,64.3,45.6,63.6,False,False
136446,720575940648681860,ORN_DC1,sensory,left,60.0,64.3,46.9,63.6,False,False
70458,720575940625223690,KCab,central,right,60.0,61.4,45.6,63.6,False,False
70420,720575940625212965,LHPV6o1,central,left,60.0,67.1,46.9,59.1,False,False
112113,720575940633333986,KCg-m,central,left,60.0,62.9,46.2,63.6,False,False
67179,720575940624599700,LHPV4c4,central,right,60.0,62.9,47.5,63.6,False,False
83199,720575940627564616,KCab,central,left,60.0,64.3,46.2,63.6,False,False
9297,720575940610497731,KCab,central,left,60.0,62.9,48.1,63.6,False,False
92082,720575940629140071,KCab,central,right,60.0,61.4,46.2,63.6,False,False
51029,720575940621741971,KCab,central,left,60.0,62.9,47.5,59.1,False,False
51015,720575940621739508,CB3476,central,right,60.0,61.4,46.2,59.1,False,False
120278,720575940636430437,KCg-m,central,right,60.0,61.4,45.0,59.1,False,False
70977,720575940625341880,ORN_DL5,sensory,left,60.0,61.4,46.9,63.6,False,False
101817,720575940631017932,KCab,central,right,60.0,64.3,46.2,63.6,False,False
70294,720575940625176094,VP1l+_lvPN,central,left,60.0,62.9,47.5,63.6,False,False
35760,720575940618591764,CB0046,central,right,60.0,60.0,46.2,63.6,False,False
77817,720575940626694288,LAL051,central,right,60.0,60.0,43.1,54.5,False,False
111669,720575940633212779,KCg-m,central,right,60.0,64.3,48.1,63.6,False,False
70001,720575940625118096,CRE017,central,right,60.0,60.0,44.4,59.1,False,False
17793,720575940613563187,KCab,central,right,60.0,61.4,46.2,59.1,False,False
52848,720575940622067113,KCg-m,central,right,60.0,61.4,46.2,63.6,False,False
1703,720575940605421670,KCab,central,left,60.0,62.9,46.2,63.6,False,False
26094,720575940616097163,KCg-m,central,right,60.0,62.9,46.2,59.1,False,False
26425,720575940616187649,KCab,central,left,60.0,61.4,46.2,59.1,False,False
16238,720575940613071587,KCg-m,central,right,60.0,61.4,46.9,63.6,False,False
39920,720575940619675056,ORN_DL5,sensory,right,60.0,62.9,46.2,59.1,False,False
112867,720575940633569784,KCab,central,right,60.0,62.9,46.9,63.6,False,False
27509,720575940616501877,SLP365,central,right,60.0,62.9,46.2,63.6,False,False
99595,720575940630620747,KCg-m,central,right,60.0,61.4,45.6,59.1,False,False
10046,720575940610886610,KCab,central,left,60.0,62.9,47.5,63.6,False,False
110264,720575940632835298,KCg-m,central,left,60.0,62.9,47.5,59.1,False,False
81059,720575940627211407,CB3198,central,left,60.0,61.4,46.9,63.6,False,False
54826,720575940622389735,M_vPNml86,central,right,60.0,61.4,46.2,63.6,False,False
136586,720575940649649785,PAM01,central,right,60.0,62.9,48.1,63.6,False,False
92992,720575940629327659,DNa02,descending,left,60.0,67.1,48.8,68.2,False,False
88189,720575940628420008,M_lvPNm25,central,left,60.0,61.4,45.6,59.1,False,False
87427,720575940628304578,KCg-m,central,right,60.0,62.9,46.2,59.1,False,False
23435,720575940615323990,KCg-m,central,right,60.0,62.9,46.9,63.6,False,False
85989,720575940628056380,"SIP014,SIP016",central,left,60.0,62.9,46.9,63.6,False,False
104722,720575940631591199,v2LN34E,central,left,60.0,61.4,46.2,59.1,False,False
23117,720575940615228502,KCab,central,left,60.0,58.6,44.4,59.1,False,False
79417,720575940626964136,CB2025,central,left,60.0,61.4,47.5,63.6,False,False
129592,720575940640566736,KCg-m,central,right,60.0,61.4,45.6,63.6,False,False
34854,720575940618376327,KCab,central,left,60.0,62.9,46.9,63.6,False,False
114647,720575940634208924,"LHAD1a3,LHAD1f5",central,left,60.0,61.4,45.6,59.1,False,False
114254,720575940634025111,PLP097,central,right,60.0,60.0,47.5,63.6,False,False
15081,720575940612740466,KCg-m,central,right,60.0,61.4,46.2,63.6,False,False
1866,720575940605552742,KCg-m,central,right,60.0,62.9,47.5,59.1,False,False
2923,720575940606195657,KCg-m,central,left,60.0,62.9,46.2,63.6,False,False
57287,720575940622844903,KCg-m,central,right,60.0,61.4,47.5,63.6,False,False
52002,720575940621906345,KCg-m,central,right,60.0,62.9,47.5,63.6,False,False
83953,720575940627711631,CB2060,central,right,60.0,62.9,46.9,63.6,False,False
127733,720575940639725987,LHAV9a1_b,central,right,60.0,61.4,45.6,59.1,False,False
126304,720575940639078717,KCab,central,right,60.0,61.4,46.2,63.6,False,False
47880,720575940621201833,CRE017,central,right,60.0,62.9,45.6,63.6,False,False
44878,720575940620685436,KCab,central,right,60.0,62.9,45.0,59.1,False,False
105117,720575940631677651,CB2469,central,right,60.0,62.9,46.9,63.6,False,False
49183,720575940621429068,ORN_VM1,sensory,right,60.0,62.9,46.2,63.6,False,False
74755,720575940626082148,KCg-m,central,left,60.0,60.0,44.4,63.6,False,False
86574,720575940628152838,KCab,central,right,60.0,62.9,45.6,59.1,False,False
80088,720575940627069321,LHAD1f1b,central,right,60.0,61.4,46.2,59.1,False,False
79730,720575940627014949,l2LN23,central,left,60.0,61.4,46.2,59.1,False,False
33652,720575940618107527,CB1721,central,right,60.0,62.9,45.0,59.1,False,False
22216,720575940614981087,KCg-m,central,right,60.0,62.9,46.9,59.1,False,False
94954,720575940629723434,KCg-m,central,left,60.0,62.9,48.8,68.2,False,False
497,720575940604126129,KCg-m,central,left,60.0,61.4,45.6,59.1,False,False
137731,720575940654929057,CB1843,central,left,60.0,58.6,45.0,59.1,False,False
94534,720575940629632894,KCg-m,central,right,60.0,58.6,44.4,59.1,False,False
110629,720575940632929178,KCab,central,right,60.0,64.3,48.1,63.6,False,False
80537,720575940627139530,DNae002,descending,left,60.0,60.0,46.2,63.6,False,False
100398,720575940630759507,KCg-m,central,right,60.0,62.9,47.5,63.6,False,False
44051,720575940620551105,CB2053,central,right,60.0,61.4,46.2,59.1,False,False
104874,720575940631623020,LHAV3a1_c,central,right,60.0,62.9,45.0,59.1,False,False
4159,720575940607030281,KCab,central,right,60.0,60.0,45.6,59.1,False,False
40720,720575940619856822,KCab,central,left,60.0,64.3,46.9,59.1,False,False
72066,720575940625563623,PS088,central,right,60.0,65.7,48.1,68.2,False,False
34422,720575940618270629,IB010,central,right,60.0,64.3,44.4,59.1,False,False
24554,720575940615657119,ORN_DL5,sensory,right,60.0,61.4,46.2,63.6,False,False
104924,720575940631630561,KCab,central,right,60.0,61.4,45.0,59.1,False,False
86296,720575940628107249,KCab,central,left,60.0,58.6,46.2,59.1,False,False
104713,720575940631588931,CB2945,central,left,60.0,64.3,46.2,63.6,False,False
52505,720575940622007472,cM11,visual_centrifugal,left,58.6,61.4,44.4,59.1,False,False
86825,720575940628202089,ORN_DL2d,sensory,left,58.6,60.0,45.0,59.1,False,False
135515,720575940646916148,CB1237,central,left,58.6,61.4,46.2,59.1,False,False
22334,720575940615019231,KCg-m,central,right,58.6,60.0,45.6,59.1,False,False
1653,720575940605391794,M_vPNml53,central,right,58.6,60.0,45.0,59.1,False,False
63334,720575940623922869,DL2d_vPN,central,left,58.6,61.4,45.0,59.1,False,False
6508,720575940608845781,CB2918,central,left,58.6,61.4,45.0,59.1,False,False
58444,720575940623047950,M_vPNml75,central,right,58.6,60.0,45.0,59.1,False,False
50932,720575940621725168,CB2744,central,left,58.6,60.0,45.6,59.1,False,False
105893,720575940631875298,TRN_VP1m,sensory,right,58.6,58.6,40.6,54.5,False,False
39889,720575940619668577,KCab,central,left,58.6,61.4,47.5,63.6,False,False
20419,720575940614447922,KCg-m,central,right,58.6,61.4,45.0,63.6,False,False
40018,720575940619693003,KCab,central,right,58.6,54.3,40.6,54.5,False,False
39090,720575940619445451,CB1799,central,right,58.6,58.6,45.6,63.6,False,False
77548,720575940626649348,CB2151,central,right,58.6,62.9,46.2,63.6,False,False
55453,720575940622510964,LHAV4b1,central,left,58.6,61.4,45.6,63.6,False,False
120687,720575940636605530,KCab,central,right,58.6,60.0,46.2,63.6,False,False
26122,720575940616105302,KCg-m,central,right,58.6,60.0,46.2,63.6,False,False
101220,720575940630913221,PPL204,central,left,58.6,64.3,47.5,63.6,False,False
89317,720575940628630059,CB1434,central,left,58.6,61.4,46.2,63.6,False,False
66845,720575940624532979,KCg-m,central,right,58.6,60.0,45.6,63.6,False,False
11689,720575940611579541,KCg-m,central,right,58.6,60.0,46.2,59.1,False,False
26509,720575940616208965,KCab,central,right,58.6,57.1,44.4,59.1,False,False
136447,720575940648683908,LHAV1b1,central,left,58.6,61.4,45.6,59.1,False,False
67025,720575940624572052,KCab,central,right,58.6,60.0,45.6,59.1,False,False
123609,720575940637907428,KCab,central,right,58.6,62.9,46.9,59.1,False,False
9329,720575940610509102,LHAV7a7,central,left,58.6,61.4,44.4,63.6,False,False
74013,720575940625942458,KCg-m,central,right,58.6,60.0,45.0,59.1,False,False
25578,720575940615962043,KCg-m,central,left,58.6,58.6,45.0,63.6,False,False
66230,720575940624405228,KCab,central,left,58.6,61.4,45.0,59.1,False,False
71439,720575940625435792,CB2819,central,left,58.6,62.9,46.9,63.6,False,False
20544,720575940614495093,KCg-m,central,right,58.6,58.6,42.5,54.5,False,False
5595,720575940608158677,KCab,central,left,58.6,61.4,45.0,59.1,False,False
130071,720575940640835672,DM3_vPN,central,right,58.6,60.0,45.0,59.1,False,False
88674,720575940628514647,M_lPNm11A,central,right,58.6,61.4,46.2,63.6,False,False
30934,720575940617456614,KCg-m,central,left,58.6,58.6,43.8,54.5,False,False
42708,720575940620273023,KCg-m,central,right,58.6,61.4,46.2,63.6,False,False
44663,720575940620652214,KCg-m,central,left,58.6,61.4,45.0,63.6,False,False
123205,720575940637725272,KCg-m,central,right,58.6,60.0,44.4,59.1,False,False
84695,720575940627834359,KCg-m,central,right,58.6,60.0,46.2,63.6,False,False
71840,720575940625513616,KCab,central,left,58.6,62.9,45.6,63.6,False,False
93142,720575940629360459,CB2245,central,right,58.6,61.4,46.2,59.1,False,False
40323,720575940619759750,CB2841,central,right,58.6,60.0,45.6,59.1,False,False
15309,720575940612812914,KCg-m,central,left,58.6,61.4,46.2,59.1,False,False
34839,720575940618371777,KCg-m,central,right,58.6,61.4,43.8,59.1,False,False
59202,720575940623166733,CB0249,central,left,58.6,61.4,46.2,63.6,False,False
87815,720575940628360970,CB1246,central,left,58.6,61.4,45.0,63.6,False,False
79666,720575940627003547,KCab,central,right,58.6,61.4,46.2,63.6,False,False
32382,720575940617819677,CB2180,central,right,58.6,58.6,45.6,59.1,False,False
6344,720575940608716809,DNge133,descending,right,58.6,58.6,45.0,59.1,False,False
127020,720575940639405629,CB0947,central,right,58.6,55.7,41.2,54.5,False,False
131951,720575940642897293,CB0641,central,left,58.6,58.6,45.0,59.1,False,False
47410,720575940621116807,LT33,optic,left,58.6,64.3,46.2,63.6,False,False
47451,720575940621122164,KCab,central,left,58.6,55.7,41.9,54.5,False,False
81721,720575940627312104,SMP114,central,left,58.6,68.6,46.9,63.6,False,False
21350,720575940614723495,ORN_DA4m,sensory,right,58.6,60.0,45.0,59.1,False,False
134054,720575940645210222,KCab,central,right,58.6,61.4,46.9,59.1,False,False
78964,720575940626886025,LHPV2f2,central,left,58.6,60.0,45.6,63.6,False,False
111239,720575940633107607,CB1434,central,left,58.6,61.4,45.6,59.1,False,False
18187,720575940613684906,KCab,central,right,58.6,60.0,44.4,59.1,False,False
88511,720575940628478736,CL133,central,left,58.6,61.4,43.8,63.6,False,False
48572,720575940621328508,PLP067b,central,right,58.6,61.4,45.0,59.1,False,False
127870,720575940639778904,SMP529,central,right,58.6,61.4,46.2,63.6,False,False
107811,720575940632306380,KCg-m,central,left,58.6,61.4,45.0,59.1,False,False
67517,720575940624673936,HRN_VP4,sensory,left,58.6,61.4,45.6,59.1,False,False
8757,720575940610214769,KCab,central,left,58.6,58.6,44.4,59.1,False,False
66163,720575940624392328,CRE043,central,right,58.6,61.4,46.2,59.1,False,False
84172,720575940627745881,"SLP261,SLP262",central,right,58.6,58.6,45.0,59.1,False,False
19868,720575940614285254,KCab,central,left,58.6,60.0,45.6,59.1,False,False
31111,720575940617498324,LHAV6a3,central,left,58.6,55.7,43.1,59.1,False,False
96971,720575940630109756,KCg-m,central,right,58.6,58.6,45.0,59.1,False,False
105097,720575940631670865,CB2841,central,left,58.6,60.0,44.4,59.1,False,False
34024,720575940618189227,PLP015,central,right,58.6,61.4,46.2,59.1,False,False
21927,720575940614888854,KCg-m,central,right,58.6,60.0,44.4,59.1,False,False
130834,720575940641536397,KCg-m,central,right,58.6,61.4,45.6,63.6,False,False
49106,720575940621414676,M_lvPNm31,central,right,58.6,60.0,44.4,59.1,False,False
96088,720575940629939499,CB2862,central,left,58.6,61.4,45.6,63.6,False,False
24755,720575940615714060,KCg-m,central,right,58.6,61.4,45.0,59.1,False,False
72296,720575940625614224,KCg-m,central,left,58.6,61.4,45.0,59.1,False,False
24848,720575940615737531,KCg-m,central,right,58.6,61.4,46.9,63.6,False,False
41129,720575940619946661,CB1218,central,left,58.6,58.6,45.0,59.1,False,False
5316,720575940607948483,ORN_DM6,sensory,right,58.6,60.0,45.6,63.6,False,False
5288,720575940607930716,KCg-m,central,right,58.6,60.0,44.4,59.1,False,False
34684,720575940618334145,KCab,central,right,58.6,60.0,46.2,63.6,False,False
108939,720575940632539788,DNbe001,descending,right,58.6,64.3,45.6,54.5,False,False
115612,720575940634617952,DNg57,descending,left,58.6,60.0,46.9,63.6,False,False
33315,720575940618040133,CB3781,central,left,58.6,61.4,46.2,63.6,False,False
90117,720575940628777466,KCg-m,central,left,58.6,60.0,45.0,63.6,False,False
90399,720575940628817914,KCg-m,central,left,58.6,62.9,46.2,59.1,False,False
42351,720575940620197652,LHPD3a5,central,right,58.6,64.3,46.9,59.1,False,False
31948,720575940617704219,CB2174,central,left,58.6,58.6,43.1,59.1,False,False
14591,720575940612590503,KCg-m,central,left,58.6,61.4,47.5,63.6,False,False
46763,720575940621005044,KCab,central,right,58.6,61.4,46.9,63.6,False,False
14294,720575940612499609,LHAV4g1b,central,right,58.6,58.6,45.6,63.6,False,False
122263,720575940637326967,LHAD1d1,central,right,58.6,60.0,45.0,59.1,False,False
95925,720575940629910636,LAL115,central,left,58.6,60.0,45.0,63.6,False,False
53964,720575940622245953,CB2687,central,left,58.6,62.9,45.0,59.1,False,False
95615,720575940629854764,KCg-m,central,right,58.6,60.0,46.2,59.1,False,False
53298,720575940622133206,KCab,central,right,58.6,60.0,46.9,63.6,False,False
94713,720575940629671802,LHPV3b1_b,central,left,58.6,62.9,45.0,59.1,False,False
138185,720575940659447937,ORN_DA4m,sensory,right,58.6,61.4,45.6,59.1,False,False
28003,720575940616640980,CB1167,central,right,58.6,60.0,45.0,59.1,False,False
138239,720575940659835009,ORN_DM6,sensory,right,58.6,61.4,45.6,59.1,False,False
120,720575940603111392,KCg-m,central,right,57.1,57.1,43.8,59.1,False,False
41600,720575940620039589,KCg-m,central,right,57.1,57.1,41.9,54.5,False,False
13542,720575940612266213,KCg-m,central,right,57.1,60.0,43.8,59.1,False,False
116438,720575940634942362,KCg-m,central,right,57.1,58.6,45.0,59.1,False,False
72917,720575940625733413,KCab,central,left,57.1,57.1,44.4,59.1,False,False
38311,720575940619226607,KCg-m,central,left,57.1,60.0,46.2,63.6,False,False
62707,720575940623811827,CB2414,central,right,57.1,60.0,45.0,59.1,False,False
24995,720575940615783837,KCg-d,central,right,57.1,57.1,41.9,54.5,False,False
109995,720575940632778051,ATL031,central,right,57.1,60.0,43.8,59.1,False,False
109699,720575940632718291,KCab,central,right,57.1,55.7,41.9,54.5,False,False
80723,720575940627164242,KCg-m,central,right,57.1,55.7,40.6,54.5,False,False
14391,720575940612531370,LHAV3k5,central,left,57.1,57.1,40.6,54.5,False,False
1109,720575940604934572,KCab,central,right,57.1,58.6,43.1,54.5,False,False
32860,720575940617937181,KCg-m,central,right,57.1,60.0,45.0,63.6,False,False
136590,720575940649658745,PAM07,central,left,57.1,58.6,45.0,59.1,False,False
14718,720575940612631761,ORN_VL1,sensory,left,57.1,60.0,43.8,59.1,False,False
4059,720575940606948188,KCab,central,left,57.1,58.6,42.5,54.5,False,False
45603,720575940620805545,ORN_DM6,sensory,left,57.1,58.6,43.8,59.1,False,False
1023,720575940604860332,KCg-m,central,right,57.1,57.1,42.5,59.1,False,False
18962,720575940613973058,LHPV2c2a,central,left,57.1,60.0,43.8,59.1,False,False
40577,720575940619822784,PVLP093,central,right,57.1,58.6,43.1,59.1,False,False
81229,720575940627239174,PLP250,central,right,57.1,58.6,45.6,59.1,False,False
27659,720575940616546205,CB1200,central,left,57.1,60.0,46.9,59.1,False,False
27772,720575940616575705,CB3390,central,right,57.1,58.6,45.0,59.1,False,False
49130,720575940621419032,KCab,central,left,57.1,60.0,46.2,63.6,False,False
49163,720575940621424397,ORN_DL5,sensory,right,57.1,58.6,43.1,54.5,False,False
118003,720575940635504820,CB3304,central,right,57.1,58.6,45.0,59.1,False,False
14983,720575940612711958,CRE082,central,left,57.1,60.0,45.6,59.1,False,False
110119,720575940632805421,LHAV7a1c,central,left,57.1,60.0,43.8,59.1,False,False
130005,720575940640788725,PS088,central,left,57.1,61.4,44.4,63.6,False,False
60749,720575940623439996,CB0997,central,right,57.1,58.6,45.6,59.1,False,False
24380,720575940615607975,PAM01,central,left,57.1,58.6,43.8,54.5,False,False
89726,720575940628706325,VES075,central,left,57.1,62.9,44.4,54.5,False,False
90158,720575940628783632,CB1067,central,right,57.1,55.7,42.5,59.1,False,False
90766,720575940628888796,KCab,central,left,57.1,58.6,43.8,59.1,False,False
130554,720575940641243381,CB1640,central,left,57.1,58.6,44.4,59.1,False,False
118656,720575940635719023,KCab,central,left,57.1,60.0,45.6,63.6,False,False
90759,720575940628887887,KCg-m,central,right,57.1,60.0,45.0,63.6,False,False
83931,720575940627708815,LHPV4d3,central,left,57.1,55.7,40.6,54.5,False,False
39908,720575940619672656,KCg-m,central,right,57.1,58.6,43.8,59.1,False,False
78613,720575940626833304,CB3592,central,left,57.1,58.6,45.0,59.1,False,False
78682,720575940626843773,KCg-m,central,right,57.1,58.6,44.4,54.5,False,False
120020,720575940636306789,KCapbp-ap1,central,left,57.1,57.1,43.8,59.1,False,False
78550,720575940626821513,CB1800,central,right,57.1,54.3,40.6,54.5,False,False
57442,720575940622879501,KCg-m,central,left,57.1,60.0,44.4,59.1,False,False
126270,720575940639068605,CB0130,central,right,57.1,58.6,44.4,59.1,False,False
102442,720575940631135488,CB2983,central,left,57.1,60.0,43.8,59.1,False,False
64241,720575940624077517,FB5AA,central,right,57.1,60.0,48.8,63.6,False,False
40033,720575940619695809,KCapbp-ap1,central,right,57.1,60.0,44.4,59.1,False,False
46036,720575940620883917,KCg-m,central,right,57.1,58.6,44.4,59.1,False,False
70774,720575940625300254,KCg-m,central,right,57.1,58.6,44.4,59.1,False,False
101957,720575940631046829,LHAV1a3,central,right,57.1,61.4,45.0,63.6,False,False
30808,720575940617422641,VP3+_l2PN,central,left,57.1,58.6,43.1,59.1,False,False
99250,720575940630560505,KCg-m,central,right,57.1,54.3,42.5,59.1,False,False
126420,720575940639134141,CB1375,central,left,57.1,57.1,44.4,59.1,False,False
7005,720575940609184210,KCab,central,right,57.1,61.4,45.0,59.1,False,False
99229,720575940630555340,KCab,central,right,57.1,60.0,43.8,59.1,False,False
121921,720575940637183454,CB1686,central,right,57.1,61.4,44.4,59.1,False,False
18354,720575940613743023,KCg-m,central,left,57.1,60.0,45.0,59.1,False,False
10957,720575940611286990,KCg-m,central,left,57.1,58.6,43.1,54.5,False,False
113941,720575940633908124,KCab,central,right,57.1,60.0,45.0,59.1,False,False
133723,720575940644940835,KCab,central,left,57.1,58.6,43.1,54.5,False,False
126760,720575940639267406,KCg-m,central,left,57.1,58.6,44.4,59.1,False,False
126384,720575940639116888,KCg-m,central,right,57.1,60.0,43.8,59.1,False,False
109239,720575940632615628,CB1850,central,left,57.1,57.1,43.1,54.5,False,False
123265,720575940637749574,CB2772,central,left,57.1,60.0,43.8,59.1,False,False
50424,720575940621640363,AVLP076,central,left,57.1,55.7,41.9,54.5,False,False
105340,720575940631727308,ORN_VL2a,sensory,left,57.1,58.6,43.1,59.1,False,False
82031,720575940627363349,ORN_DL5,sensory,left,57.1,60.0,45.0,63.6,False,False
80990,720575940627200923,KCab,central,left,57.1,61.4,45.0,63.6,False,False
19434,720575940614148283,KCab,central,right,57.1,60.0,46.2,63.6,False,False
81388,720575940627264488,KCg-m,central,right,57.1,58.6,44.4,63.6,False,False
101034,720575940630881989,KCab,central,right,57.1,57.1,42.5,54.5,False,False
81443,720575940627273226,LHAV3b12,central,right,57.1,51.4,40.6,54.5,False,False
89581,720575940628677626,ORN_DM2,sensory,right,57.1,0.0,0.0,0.0,True,False
59293,720575940623183763,CB3007,central,left,57.1,58.6,45.0,59.1,False,False
94224,720575940629563642,CB3121,central,right,57.1,57.1,43.8,59.1,False,False
138321,720575940660177025,CB2180,central,left,57.1,60.0,43.8,59.1,False,False
53621,720575940622192822,M_lvPNm25,central,right,57.1,57.1,43.8,59.1,False,False
133215,720575940644512791,ORN_D,sensory,right,57.1,60.0,46.2,63.6,False,False
125790,720575940638878416,KCab,central,left,57.1,58.6,45.0,59.1,False,False
52196,720575940621946945,"LT53,PLP098",visual_projection,right,57.1,57.1,43.8,63.6,False,False
52351,720575940621973274,KCg-m,central,left,57.1,58.6,44.4,59.1,False,False
94112,720575940629539834,LHAV2b10,central,left,57.1,58.6,43.8,59.1,False,False
1746,720575940605452064,KCg-m,central,right,57.1,60.0,45.0,59.1,False,False
1778,720575940605480806,FB6W,central,left,57.1,60.0,47.5,59.1,False,False
752,720575940604576689,KCab,central,left,57.1,57.1,42.5,54.5,False,False
53691,720575940622202807,KCab,central,left,57.1,60.0,44.4,59.1,False,False
117021,720575940635144078,KCab,central,left,57.1,60.0,44.4,59.1,False,False
32355,720575940617814429,KCab,central,right,57.1,58.6,45.0,59.1,False,False
92212,720575940629162693,KCg-m,central,right,57.1,60.0,43.8,59.1,False,False
43197,720575940620379233,PAM04,central,left,57.1,60.0,43.8,59.1,False,False
51055,720575940621747444,WEDPN3,central,right,57.1,60.0,45.0,59.1,False,False
57162,720575940622820243,CB2559,central,left,57.1,60.0,43.1,59.1,False,False
48387,720575940621296639,KCg-m,central,right,57.1,60.0,44.4,59.1,False,False
106858,720575940632077081,KCab,central,left,57.1,60.0,44.4,59.1,False,False
131778,720575940642624200,KCapbp-ap1,central,left,57.1,60.0,45.0,59.1,False,False
123734,720575940637970665,KCg-m,central,right,57.1,60.0,43.8,59.1,False,False
45367,720575940620759841,SMP442,central,left,57.1,60.0,45.0,63.6,False,False
9104,720575940610404977,SMP568,central,left,57.1,58.6,45.0,59.1,False,False
132568,720575940643794592,"PLP041,PLP043",central,right,57.1,57.1,43.1,54.5,False,False
63657,720575940623978789,KCab,central,right,57.1,58.6,43.1,54.5,False,False
5041,720575940607763467,KCg-m,central,right,57.1,58.6,45.0,59.1,False,False
120736,720575940636625806,CB3094,central,left,57.1,57.1,43.8,54.5,False,False
11242,720575940611413733,CB2922,central,right,57.1,58.6,42.5,54.5,False,False
56890,720575940622770410,ATL028,central,left,57.1,58.6,43.8,59.1,False,False
82081,720575940627372346,LHPV5a1,central,left,57.1,58.6,43.8,59.1,False,False
82047,720575940627367189,KCg-m,central,right,57.1,60.0,43.8,59.1,False,False
58415,720575940623044109,PLP065a,central,left,57.1,58.6,43.8,59.1,False,False
40061,720575940619701631,KCg-m,central,right,57.1,57.1,44.4,59.1,False,False
113556,720575940633785369,KCg-d,central,right,57.1,58.6,45.0,59.1,False,False
41936,720575940620113054,CB3304,central,right,55.7,58.6,45.0,54.5,False,False
40923,720575940619904091,SIP053b,central,right,55.7,57.1,43.1,59.1,False,False
7941,720575940609739669,M_l2PN10t19b,central,right,55.7,54.3,43.1,59.1,False,False
116519,720575940634967962,KCg-m,central,right,55.7,55.7,41.2,54.5,False,False
133137,720575940644423204,KCg-m,central,right,55.7,57.1,43.1,59.1,False,False
7533,720575940609482190,CB1701,central,right,55.7,60.0,43.1,59.1,False,False
5124,720575940607828233,KCg-m,central,right,55.7,58.6,42.5,59.1,False,False
90152,720575940628783003,CB2744,central,right,55.7,57.1,42.5,54.5,False,False
89915,720575940628741881,KCg-m,central,right,55.7,58.6,42.5,54.5,False,False
130197,720575940640894709,CB3094,central,right,55.7,58.6,42.5,54.5,False,False
42560,720575940620239013,CB1513,central,right,55.7,57.1,43.8,54.5,False,False
61042,720575940623486090,CB2919,central,left,55.7,55.7,41.9,54.5,False,False
27344,720575940616451909,CB3269,central,right,55.7,57.1,42.5,59.1,False,False
74593,720575940626044942,OA-AL2b2,visual_centrifugal,right,55.7,64.3,45.0,59.1,False,False
117854,720575940635452408,KCg-m,central,right,55.7,58.6,43.8,59.1,False,False
110650,720575940632932762,KCab,central,right,55.7,58.6,43.1,59.1,False,False
110242,720575940632830509,CB1067,central,left,55.7,57.1,43.1,59.1,False,False
38239,720575940619205103,KCab,central,left,55.7,58.6,42.5,54.5,False,False
18486,720575940613785139,LHPV5d1,central,right,55.7,55.7,41.9,59.1,False,False
122515,720575940637446622,KCg-m,central,right,55.7,57.1,42.5,59.1,False,False
68736,720575940624901927,CB2379,central,right,55.7,57.1,42.5,59.1,False,False
18702,720575940613864498,KCg-m,central,right,55.7,60.0,43.8,59.1,False,False
125002,720575940638531637,KCab,central,right,55.7,58.6,43.8,59.1,False,False
90560,720575940628847867,CB1117,central,left,55.7,58.6,42.5,59.1,False,False
33820,720575940618148406,KCg-m,central,right,55.7,58.6,43.1,59.1,False,False
91088,720575940628945516,HRN_VP4,sensory,left,55.7,58.6,45.6,63.6,False,False
31038,720575940617482169,CB0947,central,left,55.7,55.7,40.6,54.5,False,False
90938,720575940628917763,CB1258,central,right,55.7,58.6,43.1,59.1,False,False
115674,720575940634638734,KCab,central,right,55.7,58.6,42.5,54.5,False,False
2007,720575940605658033,DNge125,descending,right,55.7,55.7,45.0,59.1,False,False
12572,720575940611906713,l2LN22,central,left,55.7,57.1,43.1,54.5,False,False
45761,720575940620832517,SMP258,central,right,55.7,57.1,43.8,59.1,False,False
126657,720575940639219253,CB2079,central,left,55.7,57.1,42.5,59.1,False,False
103364,720575940631307053,KCg-m,central,left,55.7,57.1,41.9,54.5,False,False
102920,720575940631230994,CB1929,central,left,55.7,57.1,43.8,54.5,False,False
115203,720575940634430103,KCg-m,central,right,55.7,60.0,43.8,59.1,False,False
97194,720575940630155083,DA3_adPN,central,right,55.7,57.1,43.8,59.1,False,False
96477,720575940630008571,LHCENT13_b,central,right,55.7,58.6,44.4,59.1,False,False
38908,720575940619397797,CB0463,central,left,55.7,62.9,46.2,63.6,False,False
83708,720575940627667355,KCab,central,left,55.7,60.0,45.0,59.1,False,False
59345,720575940623191334,KCg-m,central,right,55.7,57.1,43.1,54.5,False,False
16672,720575940613211055,CB1939,central,left,55.7,54.3,39.4,50.0,False,False
76173,720575940626376213,CB3873,central,left,55.7,57.1,43.1,59.1,False,False
39585,720575940619597761,KCg-m,central,right,55.7,57.1,41.9,54.5,False,False
17236,720575940613403458,KCg-m,central,right,55.7,58.6,43.8,59.1,False,False
71151,720575940625376841,KCab,central,right,55.7,55.7,41.9,54.5,False,False
81704,720575940627309329,KCab,central,left,55.7,57.1,43.1,54.5,False,False
32501,720575940617845076,KCg-m,central,right,55.7,58.6,43.8,59.1,False,False
84626,720575940627822340,CB1244,central,right,55.7,58.6,44.4,63.6,False,False
57705,720575940622926472,KCg-m,central,right,55.7,57.1,43.1,59.1,False,False
38444,720575940619259374,KCab,central,left,55.7,57.1,42.5,54.5,False,False
17703,720575940613532979,KCab,central,left,55.7,58.6,43.1,59.1,False,False
35678,720575940618570726,CB1243,central,right,55.7,57.1,43.1,59.1,False,False
113659,720575940633813785,KCab,central,right,55.7,57.1,41.9,59.1,False,False
70925,720575940625331006,KCg-m,central,right,55.7,58.6,43.1,59.1,False,False
129794,720575940640688336,KCg-m,central,right,55.7,57.1,43.8,59.1,False,False
79532,720575940626980358,ORN_DC1,sensory,right,55.7,57.1,44.4,59.1,False,False
11979,720575940611686629,KCab,central,right,55.7,57.1,41.9,54.5,False,False
8834,720575940610255058,ORN_DA4m,sensory,right,55.7,57.1,42.5,54.5,False,False
8606,720575940610131012,ORN_DA4m,sensory,right,55.7,57.1,42.5,54.5,False,False
99237,720575940630557967,CB1183,central,left,55.7,55.7,42.5,54.5,False,False
52773,720575940622055777,WED127,central,left,55.7,57.1,43.1,54.5,False,False
70562,720575940625253193,PLP015,central,left,55.7,60.0,41.2,54.5,False,False
98211,720575940630352379,CB2714,central,left,55.7,58.6,44.4,59.1,False,False
20453,720575940614463911,CB1348,central,right,55.7,57.1,43.8,59.1,False,False
66871,720575940624537836,KCg-m,central,right,55.7,58.6,43.8,59.1,False,False
112392,720575940633416162,KCg-m,central,left,55.7,58.6,43.1,59.1,False,False
112180,720575940633352929,CB2185,central,right,55.7,55.7,42.5,59.1,False,False
30436,720575940617321243,KCab,central,right,55.7,57.1,43.1,59.1,False,False
106528,720575940632003409,KCg-m,central,right,55.7,57.1,43.1,59.1,False,False
45128,720575940620720622,CB1183,central,right,55.7,58.6,45.0,54.5,False,False
82633,720575940627469315,LHAV3c1,central,right,55.7,54.3,39.4,50.0,False,False
57352,720575940622860680,CB2659,central,left,55.7,58.6,45.0,59.1,False,False
132548,720575940643781024,CB1663,central,right,55.7,58.6,43.8,59.1,False,False
53985,720575940622249949,KCab,central,right,55.7,48.6,36.2,45.5,False,False
88713,720575940628522540,IB092,central,left,55.7,57.1,43.8,59.1,False,False
116369,720575940634912948,LHAV1d1,central,right,55.7,57.1,41.9,54.5,False,False
41584,720575940620036385,KCab,central,right,55.7,55.7,40.6,50.0,False,False
13584,720575940612281586,CRE022,central,right,55.7,61.4,46.2,63.6,False,False
22472,720575940615059240,SMP586,central,left,55.7,55.7,43.8,54.5,False,False
55678,720575940622552675,CB0009,central,right,55.7,55.7,45.6,63.6,False,False
95399,720575940629814060,KCapbp-m,central,right,55.7,57.1,43.1,54.5,False,False
46240,720575940620917707,CB1048,central,right,55.7,58.6,43.1,54.5,False,False
104181,720575940631479570,ORN_DA4m,sensory,right,55.7,57.1,43.8,59.1,False,False
94651,720575940629661306,CB2701,central,left,55.7,58.6,44.4,54.5,False,False
116339,720575940634903397,KCab,central,left,55.7,58.6,43.1,59.1,False,False
29274,720575940616999069,TRN_VP3a,sensory,left,55.7,58.6,44.4,59.1,False,False
53637,720575940622195324,CB1850,central,right,55.7,52.9,39.4,50.0,False,False
53742,720575940622209833,LHPV4c4,central,left,55.7,57.1,41.9,54.5,False,False
13792,720575940612339810,KCab,central,right,55.7,52.9,40.0,54.5,False,False
95959,720575940629916972,KCab,central,left,55.7,58.6,44.4,63.6,False,False
49663,720575940621516179,KCg-m,central,right,55.7,58.6,43.1,59.1,False,False
49720,720575940621528191,LHPV4c4,central,left,55.7,58.6,41.9,54.5,False,False
60176,720575940623338281,DNg98,descending,right,54.3,55.7,42.5,59.1,False,False
138320,720575940660176513,CB3023,central,left,54.3,55.7,41.9,54.5,False,False
138061,720575940657869953,KCg-m,central,right,54.3,57.1,41.9,54.5,False,False
95115,720575940629755723,CRE056,central,right,54.3,55.7,41.9,54.5,False,False
112620,720575940633496290,KCg-m,central,left,54.3,57.1,43.1,59.1,False,False
66181,720575940624396524,KCab,central,right,54.3,55.7,41.2,54.5,False,False
35955,720575940618640542,ORN_DL5,sensory,right,54.3,57.1,42.5,54.5,False,False
13372,720575940612203482,DNp05,descending,left,54.3,60.0,42.5,54.5,False,False
117797,720575940635421285,SIP053b,central,right,54.3,57.1,43.1,59.1,False,False
53457,720575940622160705,AstA1,central,left,54.3,55.7,41.9,54.5,False,False
125624,720575940638803790,CB0065,central,right,54.3,57.1,41.2,54.5,False,False
116562,720575940634988991,LHPV4a8,central,left,54.3,55.7,43.8,59.1,False,False
4166,720575940607038386,KCg-s3,central,left,54.3,58.6,43.8,59.1,False,False
13325,720575940612190693,KCg-m,central,right,54.3,57.1,43.8,59.1,False,False
118107,720575940635541623,KCab,central,right,54.3,54.3,40.0,54.5,False,False
127748,720575940639733211,KCg-m,central,right,54.3,55.7,43.8,59.1,False,False
21990,720575940614909579,KCg-m,central,right,54.3,55.7,41.9,54.5,False,False
104638,720575940631573039,KCab,central,right,54.3,54.3,41.9,54.5,False,False
121923,720575940637184078,KCab,central,right,54.3,55.7,40.6,54.5,False,False
66211,720575940624402173,DNpe053,descending,left,54.3,55.7,41.9,54.5,False,False
30681,720575940617386708,KCg-m,central,right,54.3,55.7,41.9,54.5,False,False
25666,720575940615980850,KCg-m,central,left,54.3,55.7,42.5,54.5,False,False
25575,720575940615961684,KCg-m,central,right,54.3,57.1,43.1,59.1,False,False
11220,720575940611403226,WEDPN2B,central,right,54.3,60.0,44.4,59.1,False,False
26468,720575940616198587,CB2471,central,right,54.3,55.7,43.1,59.1,False,False
91781,720575940629078775,LHAV5a2_a2,central,right,54.3,48.6,36.9,50.0,False,False
67166,720575940624597788,KCg-m,central,right,54.3,55.7,41.2,54.5,False,False
123422,720575940637820846,CB2667,central,right,54.3,55.7,42.5,54.5,False,False
36120,720575940618681168,"CB1141,CB1285",central,left,54.3,55.7,41.9,59.1,False,False
63989,720575940624030734,ORN_DM4,sensory,left,54.3,0.0,0.0,0.0,True,False
126588,720575940639195189,LHAV7a1a,central,left,54.3,57.1,43.8,54.5,False,False
4888,720575940607626453,ORN_VL1,sensory,left,54.3,57.1,41.9,59.1,False,False
19586,720575940614199914,KCg-m,central,right,54.3,55.7,41.9,59.1,False,False
45339,720575940620754529,KCg-m,central,right,54.3,57.1,41.9,54.5,False,False
99836,720575940630667372,CB0449,central,left,54.3,55.7,41.2,54.5,False,False
99569,720575940630616168,CB2692,central,left,54.3,57.1,42.5,59.1,False,False
105366,720575940631731620,KCg-m,central,right,54.3,55.7,42.5,59.1,False,False
37334,720575940618980299,KCab,central,right,54.3,57.1,41.2,54.5,False,False
130215,720575940640905205,KCab,central,right,54.3,55.7,41.9,54.5,False,False
130169,720575940640883931,KCab,central,right,54.3,52.9,40.0,54.5,False,False
60699,720575940623432918,AstA1,central,right,54.3,55.7,41.9,54.5,False,False
21561,720575940614777247,KCg-m,central,left,54.3,57.1,43.1,59.1,False,False
103318,720575940631299602,CB0124,central,right,54.3,57.1,41.9,54.5,False,False
105037,720575940631655737,KCg-m,central,left,54.3,55.7,43.1,54.5,False,False
67960,720575940624756723,LHPV4i3,central,left,54.3,55.7,41.9,54.5,False,False
114071,720575940633953049,CB1939,central,right,54.3,51.4,37.5,50.0,False,False
114274,720575940634032376,KCab,central,left,54.3,58.6,42.5,59.1,False,False
52599,720575940622025548,CRE103b,central,right,54.3,55.7,42.5,59.1,False,False
75921,720575940626326121,CB2750,central,right,54.3,57.1,43.1,59.1,False,False
40335,720575940619761744,CB2469,central,left,54.3,57.1,43.1,54.5,False,False
40314,720575940619757515,CB2031,central,right,54.3,55.7,41.2,59.1,False,False
21526,720575940614768168,SMP603,central,left,54.3,57.1,43.8,59.1,False,False
114073,720575940633953948,LHPV2a1_a,central,right,54.3,55.7,39.4,50.0,False,False
37374,720575940618989982,CB1939,central,right,54.3,55.7,41.2,54.5,False,False
107670,720575940632272721,CB3045,central,right,54.3,55.7,42.5,54.5,False,False
76061,720575940626354954,ORN_VM1,sensory,right,54.3,57.1,42.5,54.5,False,False
40152,720575940619723088,KCg-m,central,right,54.3,55.7,42.5,54.5,False,False
126143,720575940639030094,ORN_DM6,sensory,right,54.3,57.1,43.1,59.1,False,False
66689,720575940624497959,KCab,central,left,54.3,55.7,41.2,54.5,False,False
38669,720575940619318619,ORN_VL1,sensory,left,54.3,57.1,42.5,59.1,False,False
2498,720575940605927904,CB3464,central,right,54.3,55.7,42.5,59.1,False,False
77964,720575940626721874,KCab,central,left,54.3,57.1,41.9,59.1,False,False
43650,720575940620474582,KCab,central,right,54.3,55.7,41.2,54.5,False,False
43399,720575940620425310,KCg-m,central,right,54.3,55.7,41.9,54.5,False,False
58460,720575940623050334,SLP003,central,left,54.3,57.1,40.0,50.0,False,False
107807,720575940632305711,CB0487,central,left,54.3,54.3,41.9,50.0,False,False
82730,720575940627483464,KCab,central,left,54.3,57.1,43.1,54.5,False,False
17557,720575940613493485,SLP377,central,left,54.3,57.1,41.9,54.5,False,False
115586,720575940634608791,KCab,central,left,54.3,57.1,42.5,59.1,False,False
108643,720575940632473440,KCab,central,right,54.3,57.1,42.5,54.5,False,False
35698,720575940618574400,CB1258,central,right,54.3,60.0,43.1,59.1,False,False
58797,720575940623107464,CB1300,central,left,54.3,57.1,41.9,54.5,False,False
62917,720575940623855117,FB5C,central,right,54.3,57.1,42.5,54.5,False,False
10397,720575940611040866,LHAD1b4,central,left,54.3,57.1,41.9,54.5,False,False
109518,720575940632676409,KCg-m,central,right,54.3,57.1,42.5,59.1,False,False
6667,720575940608956117,LHPV4a10,central,right,54.3,52.9,40.0,54.5,False,False
107139,720575940632137636,LHAD3a8,central,right,54.3,57.1,42.5,54.5,False,False
135490,720575940646880820,CB1126,central,left,54.3,57.1,43.8,59.1,False,False
29463,720575940617043713,KCab,central,left,54.3,54.3,41.9,54.5,False,False
46156,720575940620905174,KCab,central,left,54.3,57.1,44.4,54.5,False,False
137702,720575940654851489,ORN_DA4m,sensory,right,54.3,55.7,42.5,59.1,False,False
36392,720575940618744955,CB2469,central,left,54.3,58.6,42.5,54.5,False,False
11484,720575940611503509,CB3016,central,right,54.3,57.1,40.6,54.5,False,False
24178,720575940615539385,KCg-m,central,right,54.3,55.7,43.8,59.1,False,False
80258,720575940627094917,KCab,central,right,54.3,55.7,41.9,54.5,False,False
7702,720575940609592270,CB0761,central,right,54.3,55.7,41.9,54.5,False,False
108757,720575940632501404,PLP187,central,left,54.3,55.7,41.2,54.5,False,False
126996,720575940639396467,SMP208,central,left,54.3,55.7,41.9,54.5,False,False
58517,720575940623059443,CRE056,central,right,54.3,57.1,43.8,59.1,False,False
107959,720575940632342611,CB0379,central,left,54.3,52.9,40.6,50.0,False,False
19144,720575940614043699,CB2750,central,right,54.3,57.1,43.1,59.1,False,False
81689,720575940627306170,CB2047,central,left,54.3,51.4,38.1,50.0,False,False
99101,720575940630533650,KCab,central,left,54.3,55.7,43.8,59.1,False,False
78983,720575940626888336,CB1241,central,left,54.3,54.3,40.6,54.5,False,False
75299,720575940626194716,KCab,central,right,54.3,55.7,40.6,54.5,False,False
49910,720575940621561226,KCab,central,right,52.9,55.7,41.2,54.5,False,False
99702,720575940630644281,HRN_VP4,sensory,left,52.9,54.3,41.2,54.5,False,False
137134,720575940652211958,KCab,central,left,52.9,54.3,40.6,54.5,False,False
116856,720575940635094426,ORN_DM2,sensory,left,52.9,0.0,0.0,0.0,True,False
94291,720575940629578366,KCg-m,central,left,52.9,52.9,41.9,54.5,False,False
83592,720575940627646280,CB3762,central,left,52.9,55.7,42.5,59.1,False,False
16420,720575940613127343,ORN_DA4m,sensory,left,52.9,54.3,41.9,54.5,False,False
77074,720575940626562665,KCg-m,central,right,52.9,55.7,40.6,54.5,False,False
76265,720575940626394626,CB2092,central,right,52.9,54.3,41.2,54.5,False,False
35559,720575940618543956,IB020,central,left,52.9,54.3,40.6,54.5,False,False
16749,720575940613234897,CB3555,central,right,52.9,57.1,43.1,59.1,False,False
45074,720575940620713129,KCg-m,central,right,52.9,54.3,40.6,54.5,False,False
106711,720575940632043832,ORN_DA4m,sensory,left,52.9,54.3,40.6,54.5,False,False
9143,720575940610423538,M_lvPNm35,central,left,52.9,54.3,40.6,54.5,False,False
19630,720575940614212514,ORN_DM4,sensory,right,52.9,0.0,0.0,0.0,True,False
51629,720575940621832542,KCg-m,central,right,52.9,51.4,38.8,50.0,False,False
57262,720575940622840211,M_vPNml83,central,right,52.9,52.9,39.4,54.5,False,False
132345,720575940643487342,DNp19,descending,right,52.9,60.0,41.2,54.5,False,False
25400,720575940615912415,PLP015,central,right,52.9,54.3,40.0,50.0,False,False
99364,720575940630580183,WED182,central,left,52.9,54.3,41.2,54.5,False,False
59797,720575940623274966,DNpe037,descending,left,52.9,57.1,41.9,50.0,False,False
12768,720575940611981029,DNg111,descending,right,52.9,57.1,39.4,50.0,False,False
41507,720575940620024396,M_vPNml84,central,right,52.9,55.7,41.2,54.5,False,False
53489,720575940622167766,CB2038,central,left,52.9,52.9,41.2,54.5,False,False
749,720575940604568521,lLN13,central,right,52.9,55.7,41.2,54.5,False,False
13373,720575940612203699,LHAV5a2_a2,central,left,52.9,51.4,38.1,50.0,False,False
75068,720575940626143570,KCab,central,left,52.9,54.3,41.9,59.1,False,False
93848,720575940629492862,KCab,central,left,52.9,57.1,41.2,59.1,False,False
27728,720575940616565365,LHAV3g2,central,left,52.9,55.7,40.6,54.5,False,False
122143,720575940637282167,CB1988,central,right,52.9,54.3,40.6,54.5,False,False
72036,720575940625555749,"CB1141,CB1285",central,right,52.9,54.3,41.2,54.5,False,False
40539,720575940619812487,ORN_DL5,sensory,left,52.9,55.7,41.2,54.5,False,False
66667,720575940624492802,KCab,central,right,52.9,54.3,40.0,50.0,False,False
127196,720575940639485016,CB2552,central,left,52.9,50.0,38.1,50.0,False,False
70739,720575940625293514,TRN_VP3a,sensory,left,52.9,55.7,42.5,54.5,False,False
75820,720575940626308117,CB3393,central,left,52.9,55.7,40.6,54.5,False,False
77596,720575940626657808,KCab,central,right,52.9,55.7,41.9,54.5,False,False
12518,720575940611885541,ORN_DM6,sensory,left,52.9,54.3,40.6,54.5,False,False
15212,720575940612778646,KCab,central,right,52.9,57.1,42.5,54.5,False,False
40901,720575940619899527,KCg-m,central,left,52.9,57.1,41.9,54.5,False,False
114795,720575940634258146,IB010,central,left,52.9,54.3,41.2,54.5,False,False
51949,720575940621897249,KCg-m,central,right,52.9,57.1,42.5,54.5,False,False
102775,720575940631201079,KCg-m,central,left,52.9,55.7,40.6,54.5,False,False
114327,720575940634062803,LT51,visual_projection,left,52.9,52.9,40.6,54.5,False,False
34517,720575940618292939,KCab,central,right,52.9,54.3,41.9,54.5,False,False
79152,720575940626917393,CB1296,central,right,52.9,52.9,39.4,50.0,False,False
123182,720575940637711686,VES059,central,right,52.9,55.7,42.5,59.1,False,False
31811,720575940617674141,ORN_VA6,sensory,left,52.9,54.3,41.2,59.1,False,False
130402,720575940641084405,KCg-m,central,right,52.9,54.3,41.9,54.5,False,False
85364,720575940627948367,ORN_DM6,sensory,right,52.9,55.7,41.9,54.5,False,False
119314,720575940635978638,ORN_DL5,sensory,right,52.9,54.3,40.6,54.5,False,False
103067,720575940631255058,CL099a,central,left,52.9,52.9,39.4,50.0,False,False
39085,720575940619444139,KCab,central,right,52.9,57.1,41.9,54.5,False,False
18215,720575940613690031,KCapbp-ap1,central,right,52.9,55.7,40.6,54.5,False,False
56787,720575940622748868,KCg-m,central,right,52.9,55.7,40.6,54.5,False,False
2501,720575940605929394,ORN_VM1,sensory,right,52.9,55.7,40.6,54.5,False,False
83048,720575940627537753,CB0083,central,left,52.9,55.7,41.2,50.0,False,False
83361,720575940627598760,KCg-m,central,left,52.9,54.3,41.9,54.5,False,False
36917,720575940618878191,LHAV4c1,central,right,52.9,55.7,40.0,54.5,False,False
36801,720575940618849841,KCg-m,central,right,52.9,55.7,41.9,54.5,False,False
64541,720575940624125114,KCab,central,right,52.9,52.9,38.1,50.0,False,False
48671,720575940621343838,CB1132,central,right,52.9,55.7,41.2,54.5,False,False
129423,720575940640471504,SLP242,central,left,52.9,55.7,41.9,59.1,False,False
92916,720575940629312300,DNp56,descending,left,52.9,58.6,46.9,59.1,False,False
66675,720575940624494996,KCg-m,central,right,52.9,55.7,41.9,54.5,False,False
126805,720575940639286606,KCg-m,central,right,52.9,57.1,40.6,54.5,False,False
1112,720575940604935340,KCg-m,central,right,52.9,54.3,40.0,54.5,False,False
27391,720575940616469365,"LHAD1b2_a,LHAD1b2_c",central,right,52.9,57.1,43.1,63.6,False,False
51206,720575940621768385,FB1C,central,right,52.9,54.3,41.2,54.5,False,False
90095,720575940628773113,KCab,central,right,52.9,50.0,38.1,50.0,False,False
94139,720575940629545027,KCg-m,central,right,52.9,51.4,36.9,50.0,False,False
125114,720575940638578510,KCapbp-ap1,central,left,52.9,54.3,40.6,54.5,False,False
33235,720575940618024475,SIP015,central,right,52.9,54.3,41.9,59.1,False,False
126015,720575940638975285,KCab,central,right,52.9,57.1,41.9,54.5,False,False
19760,720575940614251670,KCab,central,right,52.9,54.3,40.6,54.5,False,False
133617,720575940644843031,KCg-m,central,right,52.9,54.3,39.4,50.0,False,False
20545,720575940614495138,KCg-m,central,right,52.9,55.7,40.6,54.5,False,False
98998,720575940630510454,CB3477,central,right,52.9,48.6,36.9,50.0,False,False
18375,720575940613751186,M_lvPNm31,central,left,52.9,54.3,41.9,54.5,False,False
51752,720575940621857313,KCg-m,central,right,52.9,55.7,41.9,54.5,False,False
127156,720575940639465075,SMP089,central,right,52.9,57.1,43.8,59.1,False,False
21110,720575940614665378,SLP365,central,left,52.9,54.3,41.2,54.5,False,False
38147,720575940619173848,CB2053,central,left,52.9,52.9,41.2,54.5,False,False
109679,720575940632715053,KCab,central,left,52.9,55.7,41.9,54.5,False,False
93916,720575940629502991,CB1286,central,left,52.9,55.7,41.2,54.5,False,False
109329,720575940632634532,DNg57,descending,right,52.9,55.7,41.9,54.5,False,False
80392,720575940627114492,M_lvPNm40,central,left,52.9,54.3,40.6,54.5,False,False
90659,720575940628868943,KCg-m,central,right,52.9,52.9,38.8,50.0,False,False
6702,720575940608974549,CB0997,central,left,52.9,54.3,40.6,54.5,False,False
69003,720575940624946446,KCab,central,left,52.9,57.1,41.9,59.1,False,False
22286,720575940615004456,CB1003,central,left,52.9,54.3,41.2,54.5,False,False
128764,720575940640172221,CL323a,central,left,52.9,54.3,40.0,54.5,False,False
128049,720575940639860096,KCab,central,left,52.9,55.7,41.9,59.1,False,False
135726,720575940647214724,KCg-m,central,left,52.9,54.3,41.2,54.5,False,False
1448,720575940605221065,PAM01,central,right,52.9,55.7,41.9,54.5,False,False
28492,720575940616799547,CB2448,central,right,52.9,55.7,41.2,54.5,False,False
135638,720575940647097732,ORN_DM2,sensory,left,52.9,0.0,0.0,0.0,True,False
1196,720575940605000550,KCg-m,central,right,52.9,54.3,40.6,54.5,False,False
3745,720575940606726834,LAL081,central,left,52.9,51.4,38.1,50.0,False,False
3428,720575940606563249,CB2750,central,left,52.9,55.7,40.6,54.5,False,False
74338,720575940625998213,LHPV5c1,central,left,52.9,51.4,40.6,54.5,False,False
117135,720575940635175023,CB1448,central,right,51.4,52.9,39.4,50.0,False,False
125440,720575940638719807,CB0516,central,left,51.4,52.9,40.6,50.0,False,False
8166,720575940609865796,LHPV4a10,central,left,51.4,50.0,37.5,50.0,False,False
52409,720575940621987255,KCg-m,central,right,51.4,54.3,40.0,50.0,False,False
57523,720575940622894349,KCg-m,central,right,51.4,54.3,41.2,54.5,False,False
598,720575940604341216,LHPV2e1_a,central,right,51.4,50.0,40.0,50.0,False,False
53278,720575940622130646,LHPV2a4,central,left,51.4,52.9,39.4,50.0,False,False
56972,720575940622784611,KCab,central,right,51.4,55.7,40.6,54.5,False,False
136290,720575940648330105,PAM06,central,right,51.4,54.3,40.6,54.5,False,False
36550,720575940618779118,KCab,central,right,51.4,54.3,38.8,54.5,False,False
45441,720575940620774326,ORN_DA4m,sensory,right,51.4,52.9,40.0,54.5,False,False
6012,720575940608433476,KCab,central,right,51.4,52.9,39.4,50.0,False,False
30417,720575940617316537,SMP258,central,left,51.4,54.3,40.0,54.5,False,False
61761,720575940623619805,MTe42,visual_projection,right,51.4,52.9,38.8,54.5,False,False
6471,720575940608820600,KCg-m,central,right,51.4,52.9,39.4,54.5,False,False
37625,720575940619054027,KCab,central,right,51.4,52.9,39.4,50.0,False,False
68934,720575940624935182,KCab,central,left,51.4,52.9,38.1,50.0,False,False
122400,720575940637391582,PAM01,central,right,51.4,52.9,40.0,54.5,False,False
68234,720575940624811499,CB2026,central,left,51.4,52.9,39.4,54.5,False,False
29232,720575940616987097,LHPV4l1,central,right,51.4,55.7,40.0,54.5,False,False
103821,720575940631406547,KCg-m,central,right,51.4,54.3,39.4,54.5,False,False
103696,720575940631379783,KCg-m,central,left,51.4,50.0,37.5,50.0,False,False
87057,720575940628240122,KCab,central,left,51.4,55.7,40.0,54.5,False,False
126129,720575940639025742,CB3314,central,left,51.4,54.3,40.0,54.5,False,False
125858,720575940638903248,KCg-m,central,right,51.4,54.3,40.0,54.5,False,False
109003,720575940632560098,CB2293,central,left,51.4,54.3,40.0,54.5,False,False
109070,720575940632575955,LHPV2c2b,central,left,51.4,50.0,36.9,45.5,False,False
108865,720575940632525071,KCab,central,left,51.4,54.3,40.6,54.5,False,False
89535,720575940628669292,CB2828,central,left,51.4,54.3,40.0,50.0,False,False
49316,720575940621449933,ORN_DA4m,sensory,right,51.4,54.3,40.6,54.5,False,False
49419,720575940621470847,CB2828,central,right,51.4,55.7,39.4,50.0,False,False
126911,720575940639352483,AVLP537,central,left,51.4,51.4,39.4,54.5,False,False
132210,720575940643281262,KCg-m,central,right,51.4,52.9,40.6,50.0,False,False
84303,720575940627768567,KCab,central,right,51.4,48.6,35.6,50.0,False,False
20610,720575940614523871,KCg-m,central,left,51.4,55.7,41.9,54.5,False,False
20613,720575940614525078,LHAD1d1,central,right,51.4,52.9,40.6,54.5,False,False
2091,720575940605702065,LHAD1a1,central,left,51.4,48.6,36.9,50.0,False,False
65896,720575940624348168,LHAV2a3a,central,right,51.4,54.3,40.6,50.0,False,False
66008,720575940624366315,CB0481,central,right,51.4,52.9,38.8,54.5,False,False
15039,720575940612729714,KCg-m,central,right,51.4,52.9,39.4,50.0,False,False
1391,720575940605171121,KCg-m,central,right,51.4,52.9,40.0,54.5,False,False
136733,720575940650169846,SMP389a,central,right,51.4,52.9,38.1,50.0,False,False
934,720575940604770249,KCab,central,right,51.4,51.4,38.1,50.0,False,False
127627,720575940639683389,LHAD1f3c,central,right,51.4,52.9,40.0,54.5,False,False
6283,720575940608663253,CRE082,central,right,51.4,55.7,41.2,54.5,False,False
57747,720575940622932809,KCab,central,right,51.4,51.4,39.4,54.5,False,False
57774,720575940622938637,KCab,central,right,51.4,50.0,38.8,54.5,False,False
15572,720575940612887154,CB2048,central,left,51.4,52.9,39.4,54.5,False,False
75277,720575940626191108,KCab,central,left,51.4,54.3,41.2,54.5,False,False
114438,720575940634116448,WEDPN6A,central,left,51.4,52.9,40.0,50.0,False,False
76004,720575940626343665,KCab,central,right,51.4,52.9,38.1,50.0,False,False
71202,720575940625388848,CB1704,central,right,51.4,52.9,40.6,54.5,False,False
1880,720575940605565886,KCg-m,central,right,51.4,54.3,40.6,54.5,False,False
34713,720575940618340057,PVLP093,central,left,51.4,48.6,39.4,54.5,False,False
59189,720575940623165636,KCab,central,left,51.4,54.3,41.2,54.5,False,False
87886,720575940628371441,CB0994,central,right,51.4,51.4,36.2,50.0,False,False
23232,720575940615257942,KCg-m,central,left,51.4,52.9,40.6,54.5,False,False
21553,720575940614774923,M_vPNml60,central,left,51.4,52.9,40.6,54.5,False,False
42288,720575940620182399,KCab,central,left,51.4,54.3,41.2,54.5,False,False
96690,720575940630047080,KCg-m,central,right,51.4,55.7,40.6,54.5,False,False
35121,720575940618440000,DNp18,descending,left,51.4,57.1,40.0,59.1,False,False
80947,720575940627193363,CB2687,central,right,51.4,50.0,38.8,50.0,False,False
78946,720575940626883721,LHAV1b3,central,left,51.4,51.4,39.4,50.0,False,False
124018,720575940638096959,CB1113,central,left,51.4,54.3,40.6,54.5,False,False
5840,720575940608328387,FB6P,central,right,51.4,54.3,41.9,54.5,False,False
132628,720575940643849764,CB3328,central,right,51.4,52.9,41.2,59.1,False,False
23678,720575940615394463,ORN_VA1v,sensory,na,51.4,52.9,40.0,54.5,False,False
23204,720575940615252786,KCg-m,central,right,51.4,54.3,40.6,54.5,False,False
64350,720575940624095496,CB2022,central,right,51.4,51.4,38.8,50.0,False,False
47224,720575940621086996,v2LN31,central,right,51.4,51.4,40.6,50.0,False,False
3986,720575940606893186,KCg-m,central,right,51.4,54.3,39.4,54.5,False,False
51659,720575940621837601,KCab,central,right,51.4,52.9,39.4,50.0,False,False
69098,720575940624964362,ORN_V,sensory,right,51.4,52.9,40.0,54.5,False,False
69171,720575940624977466,CB2527,central,left,51.4,52.9,40.6,54.5,False,False
18043,720575940613637785,CB1524,central,right,51.4,54.3,41.2,54.5,False,False
78820,720575940626863089,CB3138,central,right,51.4,51.4,37.5,50.0,False,False
82709,720575940627480092,LT78,visual_projection,left,51.4,51.4,40.0,54.5,False,False
77491,720575940626640158,KCg-m,central,right,51.4,52.9,39.4,54.5,False,False
111491,720575940633177570,CB3294,central,right,51.4,54.3,39.4,50.0,False,False
23627,720575940615378700,DNp68,descending,left,51.4,55.7,42.5,59.1,False,False
132706,720575940643956168,LHAV7a4a,central,left,51.4,52.9,39.4,54.5,False,False
77170,720575940626579593,CB2845,central,right,51.4,52.9,39.4,54.5,False,False
113009,720575940633611490,PLP064_a,central,left,51.4,54.3,40.0,50.0,False,False
112686,720575940633515801,CB0854,central,right,51.4,52.9,40.0,54.5,False,False
20324,720575940614418118,KCg-m,central,right,51.4,52.9,40.6,54.5,False,False
35563,720575940618544367,KCab,central,right,51.4,51.4,39.4,50.0,False,False
8706,720575940610191795,KCg-m,central,right,51.4,51.4,38.8,54.5,False,False
66608,720575940624483376,LHPV4e1,central,left,51.4,51.4,38.1,50.0,False,False
67586,720575940624687850,PAM12,central,left,51.4,52.9,40.0,54.5,False,False
107602,720575940632259887,CB2677,central,left,51.4,51.4,40.0,54.5,False,False
44483,720575940620621190,DNg99,descending,left,51.4,52.9,38.1,50.0,False,False
123390,720575940637804260,KCg-m,central,right,51.4,54.3,39.4,54.5,False,False
66798,720575940624524234,KCg-m,central,right,51.4,54.3,39.4,50.0,False,False
36399,720575940618746747,KCg-m,central,right,51.4,55.7,41.9,54.5,False,False
63519,720575940623953845,"LHAD1b2_a,LHAD1b2_c",central,left,51.4,52.9,40.0,50.0,False,False
23754,720575940615413435,VES059,central,left,51.4,57.1,41.2,54.5,False,False
9494,720575940610604437,ORN_VL1,sensory,right,51.4,52.9,40.0,54.5,False,False
9504,720575940610609454,CB3623,central,right,51.4,54.3,40.6,54.5,False,False
31009,720575940617475284,CB1503,central,left,51.4,52.9,39.4,50.0,False,False
18721,720575940613869777,VP5+VP3_l2PN,central,left,51.4,45.7,34.4,45.5,False,False
33912,720575940618165393,CB0580,central,left,51.4,54.3,41.2,59.1,False,False
132392,720575940643543496,CB0204,central,right,51.4,52.9,36.2,50.0,False,False
75138,720575940626160740,CB3124,central,left,51.4,54.3,40.0,50.0,False,False
12783,720575940611985448,KCab,central,right,51.4,52.9,40.6,54.5,False,False
118452,720575940635659486,KCab,central,right,51.4,50.0,38.8,50.0,False,False
72649,720575940625681456,LHCENT13_b,central,left,51.4,54.3,41.9,54.5,False,False
99936,720575940630682449,KCg-m,central,left,51.4,54.3,42.5,54.5,False,False
57968,720575940622972167,ORN_DM4,sensory,right,51.4,0.0,0.0,0.0,True,False
54428,720575940622324991,PVLP141,central,left,51.4,48.6,41.2,54.5,False,False
94812,720575940629693302,HRN_VP5,sensory,right,51.4,54.3,40.6,54.5,False,False
28606,720575940616831349,ORN_DA4m,sensory,right,51.4,54.3,40.6,54.5,False,False
116131,720575940634818296,ORN_VC1,sensory,right,51.4,51.4,39.4,50.0,False,False
115871,720575940634709217,CB3023,central,left,51.4,51.4,39.4,50.0,False,False
137163,720575940652403446,KCg-m,central,left,51.4,54.3,40.6,54.5,False,False
12892,720575940612030899,CB0746,central,left,50.0,52.9,40.6,54.5,False,False
131202,720575940641979277,ORN_DM4,sensory,right,50.0,21.4,16.2,18.2,True,False
118570,720575940635695022,LHPV5c1,central,right,50.0,51.4,38.8,50.0,False,False
41252,720575940619973254,LHPV6a3,central,right,50.0,52.9,38.8,54.5,False,False
34003,720575940618184000,LHPV6a1,central,right,50.0,51.4,39.4,54.5,False,False
65249,720575940624243982,KCg-m,central,left,50.0,52.9,39.4,54.5,False,False
103837,720575940631408199,KCab,central,right,50.0,51.4,38.1,54.5,False,False
8241,720575940609908270,LHAD1c2b,central,right,50.0,51.4,38.8,50.0,False,False
46662,720575940620983902,AN_SPS_IPS_3,ascending,right,50.0,51.4,38.8,54.5,False,False
103162,720575940631272719,CB1513,central,right,50.0,52.9,39.4,54.5,False,False
34995,720575940618407589,KCab,central,left,50.0,50.0,38.1,50.0,False,False
34952,720575940618398533,DNp54,descending,right,50.0,52.9,36.9,45.5,False,False
21404,720575940614735372,ORN_DM2,sensory,left,50.0,0.0,0.0,0.0,True,False
75880,720575940626316802,KCg-m,central,right,50.0,54.3,40.0,50.0,False,False
133331,720575940644623396,LHAV2b11,central,right,50.0,50.0,40.6,54.5,False,False
136548,720575940649433209,ORN_DC3,sensory,left,50.0,51.4,38.8,50.0,False,False
136567,720575940649536377,KCg-m,central,right,50.0,51.4,38.1,50.0,False,False
72333,720575940625622968,PS002,central,right,50.0,50.0,40.6,54.5,False,False
75583,720575940626257539,SIP053b,central,left,50.0,52.9,39.4,54.5,False,False
72103,720575940625570334,KCab,central,right,50.0,51.4,37.5,50.0,False,False
87902,720575940628374121,KCg-m,central,right,50.0,52.9,38.1,50.0,False,False
55042,720575940622436277,M_vPNml53,central,left,50.0,52.9,38.8,54.5,False,False
22512,720575940615068383,KCg-m,central,left,50.0,52.9,37.5,50.0,False,False
128636,720575940640125312,LHPV6c2,central,left,50.0,52.9,39.4,54.5,False,False
69624,720575940625049527,CB2922,central,left,50.0,51.4,38.1,50.0,False,False
120659,720575940636593806,CB1799,central,right,50.0,50.0,38.1,54.5,False,False
39755,720575940619637056,mALD1,central,right,50.0,50.0,37.5,50.0,False,False
39076,720575940619440878,ORN_DM6,sensory,right,50.0,52.9,38.1,50.0,False,False
18457,720575940613776559,CL092,central,left,50.0,48.6,37.5,50.0,False,False
83171,720575940627558662,KCg-m,central,right,50.0,51.4,39.4,50.0,False,False
111850,720575940633254370,CB1933,central,left,50.0,48.6,37.5,45.5,False,False
111515,720575940633183372,"PLP026,PLP027",central,left,50.0,52.9,38.1,50.0,False,False
50135,720575940621595888,FB4Y,central,left,50.0,51.4,41.9,54.5,False,False
23720,720575940615405718,PPL204,central,right,50.0,54.3,40.0,54.5,False,False
47052,720575940621057702,CB0865,central,left,50.0,54.3,40.6,54.5,False,False
123367,720575940637791721,CB2436,central,left,50.0,50.0,38.1,45.5,False,False
4718,720575940607471829,LHPV4h1,central,left,50.0,51.4,39.4,50.0,False,False
83612,720575940627650120,CB0997,central,left,50.0,52.9,39.4,54.5,False,False
35549,720575940618541361,CB2784,central,left,50.0,52.9,39.4,50.0,False,False
92038,720575940629133056,KCab,central,right,50.0,51.4,39.4,50.0,False,False
16899,720575940613284063,KCab,central,right,50.0,51.4,38.8,50.0,False,False
8746,720575940610210034,KCab,central,right,50.0,51.4,38.8,54.5,False,False
20988,720575940614633622,CB2934,central,right,50.0,50.0,36.9,50.0,False,False
88266,720575940628433511,KCg-m,central,right,50.0,51.4,38.1,50.0,False,False
112199,720575940633356881,"SMP142,SMP145",central,left,50.0,50.0,38.1,50.0,False,False
39619,720575940619604134,KCab,central,left,50.0,52.9,40.0,54.5,False,False
76916,720575940626529448,ORN_DM6,sensory,right,50.0,51.4,38.1,50.0,False,False
97865,720575940630282297,HRN_VP4,sensory,right,50.0,52.9,39.4,50.0,False,False
77207,720575940626584719,LHAV3p1,central,right,50.0,48.6,36.2,45.5,False,False
97795,720575940630269404,KCg-m,central,right,50.0,52.9,38.8,50.0,False,False
129432,720575940640477603,M_vPNml60,central,right,50.0,51.4,38.8,50.0,False,False
12483,720575940611873242,KCapbp-m,central,left,50.0,51.4,39.4,50.0,False,False
90470,720575940628830551,KCab,central,right,50.0,45.7,34.4,45.5,False,False
110883,720575940632999578,SIP027,central,left,50.0,52.9,38.8,54.5,False,False
19127,720575940614035871,SLP305,central,left,50.0,51.4,39.4,50.0,False,False
50408,720575940621638534,OA-AL2b1,visual_centrifugal,right,50.0,51.4,38.1,59.1,False,False
82427,720575940627429909,KCg-m,central,left,50.0,52.9,38.8,50.0,False,False
95963,720575940629917482,KCab,central,right,50.0,51.4,40.0,54.5,False,False
138159,720575940659297153,KCab,central,right,50.0,50.0,36.2,50.0,False,False
89567,720575940628674938,"SIP014,SIP016",central,right,50.0,50.0,40.6,54.5,False,False
131473,720575940642338464,KCab,central,right,50.0,51.4,38.8,50.0,False,False
104100,720575940631461930,CB2482,central,left,50.0,50.0,38.8,50.0,False,False
94094,720575940629536894,KCg-m,central,right,50.0,52.9,38.8,50.0,False,False
55953,720575940622612957,CB1246,central,right,50.0,52.9,40.0,54.5,False,False
104148,720575940631470417,KCab,central,left,50.0,52.9,39.4,54.5,False,False
41785,720575940620078215,CB0997,central,left,50.0,51.4,40.6,54.5,False,False
1190,720575940604994336,,central,left,50.0,50.0,38.1,50.0,False,False
138284,720575940660047489,KCab,central,right,50.0,50.0,37.5,50.0,False,False
108027,720575940632357984,KCg-m,central,right,50.0,52.9,38.8,50.0,False,False
83078,720575940627542415,PAM04,central,left,50.0,52.9,40.0,54.5,False,False
107193,720575940632157714,CB2881,central,left,50.0,54.3,40.0,54.5,False,False
80149,720575940627079557,KCg-m,central,left,50.0,51.4,38.8,50.0,False,False
100504,720575940630777631,PAM05,central,right,50.0,52.9,39.4,54.5,False,False
24490,720575940615637866,CB1153,central,left,50.0,51.4,38.1,50.0,False,False
32071,720575940617736166,SMP089,central,right,50.0,52.9,40.6,54.5,False,False
31999,720575940617720221,ORN_VM1,sensory,right,50.0,51.4,39.4,50.0,False,False
101021,720575940630879533,KCab,central,right,50.0,50.0,36.9,50.0,False,False
136166,720575940647956276,CB1149,central,left,50.0,50.0,37.5,50.0,False,False
18819,720575940613909555,KCab,central,left,50.0,50.0,38.8,50.0,False,False
24963,720575940615770369,LAL035,central,right,50.0,51.4,40.0,54.5,False,False
6687,720575940608969173,CB1238,central,left,50.0,50.0,38.8,54.5,False,False
25909,720575940616044850,KCab,central,right,50.0,51.4,38.1,50.0,False,False
120546,720575940636553306,KCab,central,right,50.0,50.0,38.8,50.0,False,False
43214,720575940620382854,KCab,central,left,50.0,51.4,38.1,50.0,False,False
18705,720575940613865110,CL142,central,right,50.0,52.9,38.1,50.0,False,False
38216,720575940619197899,KCab,central,left,50.0,52.9,40.0,54.5,False,False
122279,720575940637333214,KCg-m,central,left,50.0,52.9,39.4,50.0,False,False
119915,720575940636256398,ORN_VA7m,sensory,left,48.6,51.4,37.5,50.0,False,False
1176,720575940604985265,M_vPNml84,central,right,48.6,50.0,37.5,50.0,False,False
102806,720575940631207388,cLLPM02,visual_centrifugal,right,48.6,47.1,36.9,45.5,False,False
87375,720575940628297627,KCab,central,right,48.6,50.0,35.6,50.0,False,False
23258,720575940615263903,KCg-m,central,right,48.6,51.4,36.9,50.0,False,False
60740,720575940623438665,KCg-m,central,right,48.6,50.0,37.5,50.0,False,False
72267,720575940625606916,CB2914,central,right,48.6,41.4,30.0,40.9,False,False
119527,720575940636077919,CB3554,central,left,48.6,50.0,37.5,50.0,False,False
60739,720575940623438571,KCg-m,central,right,48.6,51.4,38.8,50.0,False,False
115059,720575940634364311,CB3202,central,right,48.6,50.0,37.5,50.0,False,False
51331,720575940621786807,KCab,central,right,48.6,50.0,36.9,45.5,False,False
8322,720575940609950869,KCg-m,central,right,48.6,51.4,37.5,50.0,False,False
118022,720575940635511988,LHAV2g2_b,central,right,48.6,50.0,38.1,50.0,False,False
74562,720575940626039996,Pm14,optic,left,48.6,45.7,35.0,40.9,False,False
40759,720575940619865941,CB2862,central,right,48.6,48.6,37.5,50.0,False,False
27784,720575940616578777,ORN_DL1,sensory,left,48.6,50.0,38.1,50.0,False,False
105082,720575940631667937,KCg-m,central,right,48.6,48.6,36.9,50.0,False,False
65782,720575940624330248,LHPV6a1,central,left,48.6,48.6,36.9,50.0,False,False
117154,720575940635179359,CB0442,central,right,48.6,48.6,38.1,50.0,False,False
164,720575940603356128,ORN_DM2,sensory,right,48.6,0.0,0.0,0.0,True,False
12837,720575940612008818,KCg-m,central,right,48.6,48.6,37.5,50.0,False,False
132369,720575940643516360,KCg-m,central,left,48.6,50.0,37.5,50.0,False,False
130604,720575940641289435,CB2048,central,left,48.6,52.9,38.1,50.0,False,False
7070,720575940609228809,ORN_DM4,sensory,right,48.6,0.0,0.0,0.0,True,False
125281,720575940638645592,ORN_VM5d,sensory,right,48.6,51.4,36.2,50.0,False,False
33494,720575940618076214,"CB1141,CB1285",central,right,48.6,51.4,37.5,50.0,False,False
27514,720575940616502133,AVLP596,central,right,48.6,50.0,37.5,50.0,False,False
93400,720575940629409580,CB3202,central,left,48.6,50.0,37.5,50.0,False,False
57713,720575940622928397,KCg-m,central,right,48.6,52.9,38.8,54.5,False,False
109747,720575940632729313,ORN_VM4,sensory,left,48.6,51.4,37.5,50.0,False,False
25537,720575940615953202,PPL107,central,left,48.6,45.7,33.1,40.9,False,False
31516,720575940617605154,KCab,central,right,48.6,52.9,38.8,54.5,False,False
25438,720575940615924037,LHPV4a1,central,right,48.6,51.4,37.5,50.0,False,False
79438,720575940626967070,LHPV5a1,central,left,48.6,48.6,37.5,50.0,False,False
31163,720575940617511169,ORN_DA4m,sensory,left,48.6,50.0,37.5,50.0,False,False
84076,720575940627728917,LHAV7a4b,central,left,48.6,48.6,36.2,45.5,False,False
18321,720575940613729576,KCg-d,central,left,48.6,51.4,37.5,50.0,False,False
6073,720575940608501316,LHAD2c3b,central,left,48.6,50.0,36.2,50.0,False,False
70498,720575940625233997,LHAV2b10,central,left,48.6,50.0,37.5,50.0,False,False
11030,720575940611323670,M_lvPNm35,central,right,48.6,48.6,35.6,45.5,False,False
82180,720575940627390507,PAM12,central,right,48.6,50.0,38.8,50.0,False,False
20283,720575940614405010,CL246,central,left,48.6,50.0,38.8,50.0,False,False
56201,720575940622654444,KCg-m,central,right,48.6,50.0,37.5,50.0,False,False
16172,720575940613051699,ORN_VC1,sensory,left,48.6,51.4,39.4,54.5,False,False
71237,720575940625393701,LHAD1b3,central,left,48.6,51.4,38.1,50.0,False,False
16225,720575940613068595,CB1511,central,right,48.6,51.4,38.8,50.0,False,False
92409,720575940629201423,KCab,central,right,48.6,47.1,35.0,45.5,False,False
112810,720575940633554636,CB0492,central,left,48.6,50.0,39.4,50.0,False,False
76146,720575940626371842,KCg-m,central,left,48.6,50.0,38.8,50.0,False,False
129856,720575940640728179,LHAV2a3c,central,right,48.6,50.0,38.1,50.0,False,False
97737,720575940630258383,CB4220,central,left,48.6,48.6,37.5,50.0,False,False
16789,720575940613248479,KCab,central,right,48.6,45.7,33.8,45.5,False,False
98428,720575940630397527,PAM12,central,right,48.6,52.9,38.8,54.5,False,False
20508,720575940614480790,LHAD1c2b,central,left,48.6,50.0,37.5,50.0,False,False
46029,720575940620882714,ORN_VM7d,sensory,right,48.6,50.0,38.8,50.0,False,False
92427,720575940629204674,CB0540,central,left,48.6,48.6,38.8,59.1,False,False
92172,720575940629154810,ORN_DC1,sensory,right,48.6,51.4,38.1,50.0,False,False
135036,720575940646263331,KCg-m,central,right,48.6,48.6,36.9,50.0,False,False
17124,720575940613365650,ORN_DA4m,sensory,right,48.6,51.4,38.1,50.0,False,False
82926,720575940627517315,LHPV6p1,central,left,48.6,50.0,36.9,50.0,False,False
122654,720575940637510121,CB2845,central,left,48.6,50.0,36.9,50.0,False,False
100683,720575940630810695,AOTU064,central,left,48.6,47.1,37.5,45.5,False,False
89753,720575940628711631,KCab,central,right,48.6,47.1,34.4,50.0,False,False
25161,720575940615838662,KCg-m,central,right,48.6,52.9,38.8,54.5,False,False
37393,720575940618992449,KCapbp-ap1,central,right,48.6,50.0,38.1,50.0,False,False
67608,720575940624693287,KCg-m,central,right,48.6,50.0,37.5,50.0,False,False
67137,720575940624593132,KCg-m,central,right,48.6,50.0,38.8,50.0,False,False
100397,720575940630759485,ORN_VL1,sensory,left,48.6,51.4,37.5,50.0,False,False
122559,720575940637465054,KCg-m,central,right,48.6,50.0,38.1,50.0,False,False
79753,720575940627016859,KCab,central,right,48.6,51.4,38.8,54.5,False,False
99863,720575940630671890,KCg-m,central,right,48.6,51.4,38.1,50.0,False,False
24931,720575940615758395,ORN_DM6,sensory,right,48.6,51.4,37.5,50.0,False,False
79919,720575940627043048,ORN_VM1,sensory,left,48.6,50.0,37.5,50.0,False,False
6470,720575940608819780,CB1818,central,left,48.6,50.0,36.2,45.5,False,False
37531,720575940619028289,KCg-m,central,right,48.6,50.0,37.5,45.5,False,False
63146,720575940623891637,CB1079,central,right,48.6,51.4,38.8,50.0,False,False
107680,720575940632275025,LHPV5d1,central,right,48.6,48.6,34.4,45.5,False,False
74067,720575940625952755,Li33,optic,right,48.6,50.0,38.1,59.1,False,False
58205,720575940623009549,KCg-m,central,right,48.6,51.4,38.8,50.0,False,False
426,720575940603988838,KCab,central,left,48.6,51.4,37.5,50.0,False,False
138197,720575940659536257,KCab,central,right,48.6,51.4,38.8,50.0,False,False
37216,720575940618953217,CB2448,central,left,48.6,51.4,38.8,50.0,False,False
3807,720575940606756030,Pm13,optic,right,48.6,47.1,35.6,45.5,False,False
104526,720575940631549202,DNg86,descending,right,48.6,48.6,36.9,45.5,False,False
72872,720575940625724072,KCg-m,central,right,48.6,50.0,36.9,50.0,False,False
104171,720575940631477305,CB1490,central,left,48.6,51.4,37.5,50.0,False,False
94504,720575940629624702,KCg-m,central,right,48.6,52.9,38.1,50.0,False,False
72965,720575940625742725,ORN_VL1,sensory,left,48.6,50.0,38.1,54.5,False,False
22507,720575940615067688,CB2448,central,right,48.6,50.0,36.2,45.5,False,False
3507,720575940606611977,CB2828,central,right,48.6,52.9,38.8,50.0,False,False
54303,720575940622305304,KCg-m,central,right,48.6,51.4,40.0,54.5,False,False
28490,720575940616799035,LHAV6a1,central,left,48.6,47.1,36.9,50.0,False,False
73014,720575940625751117,KCg-m,central,left,48.6,51.4,38.1,50.0,False,False
12903,720575940612033253,CB0543,central,left,47.1,48.6,36.9,50.0,False,False
118634,720575940635712351,"PLP041,PLP043",central,left,47.1,48.6,35.6,45.5,False,False
115562,720575940634601067,PS058,central,left,47.1,54.3,39.4,59.1,False,False
42279,720575940620181925,LHAV5a2_a2,central,left,47.1,42.9,33.8,45.5,False,False
74806,720575940626089980,KCab,central,right,47.1,50.0,36.9,45.5,False,False
86818,720575940628201259,KCg-m,central,right,47.1,50.0,35.6,45.5,False,False
65205,720575940624233933,SIP053b,central,right,47.1,48.6,37.5,50.0,False,False
60828,720575940623449015,CB1976,central,left,47.1,47.1,36.2,50.0,False,False
42257,720575940620178141,CB2064,central,right,47.1,47.1,35.6,45.5,False,False
119501,720575940636069215,LAL035,central,left,47.1,47.1,36.2,50.0,False,False
119161,720575940635917935,LHAV4b2,central,left,47.1,48.6,36.9,50.0,False,False
118944,720575940635841143,MBON15,central,left,47.1,48.6,38.1,50.0,False,False
93526,720575940629431814,CB2005,central,left,47.1,47.1,35.0,45.5,False,False
12583,720575940611913842,CB1220,central,right,47.1,50.0,37.5,50.0,False,False
107826,720575940632308644,CL029b,central,left,47.1,48.6,35.0,40.9,False,False
101217,720575940630912975,CB1982,central,left,47.1,44.3,33.8,40.9,False,False
50604,720575940621668428,ORN_DA4m,sensory,left,47.1,48.6,36.2,50.0,False,False
47692,720575940621166256,PAM12,central,left,47.1,50.0,38.8,50.0,False,False
28214,720575940616713473,ORN_DM2,sensory,left,47.1,0.0,0.0,0.0,True,False
4003,720575940606910850,KCab,central,left,47.1,48.6,36.2,50.0,False,False
966,720575940604810016,LHAV5a10_b,central,right,47.1,48.6,38.1,50.0,False,False
26623,720575940616245365,KCg-m,central,right,47.1,48.6,36.9,45.5,False,False
57798,720575940622942196,CB0289,central,left,47.1,51.4,37.5,50.0,False,False
88116,720575940628408055,KCg-m,central,right,47.1,50.0,36.9,50.0,False,False
58919,720575940623128359,KCab,central,left,47.1,50.0,36.2,45.5,False,False
104884,720575940631624761,KCg-m,central,right,47.1,48.6,36.9,50.0,False,False
85797,720575940628023882,LHAV6a1,central,right,47.1,45.7,34.4,50.0,False,False
70940,720575940625334424,ORN_VM7d,sensory,left,47.1,48.6,36.2,45.5,False,False
119890,720575940636246446,KCg-m,central,right,47.1,50.0,37.5,50.0,False,False
85053,720575940627899751,CB1259,central,right,47.1,47.1,35.6,50.0,False,False
129931,720575940640756621,KCab,central,right,47.1,50.0,36.2,50.0,False,False
5669,720575940608207317,FB2H_b,central,right,47.1,50.0,36.9,50.0,False,False
29917,720575940617182779,CB1149,central,left,47.1,48.6,36.2,50.0,False,False
92907,720575940629310969,ORN_VL1,sensory,left,47.1,47.1,36.9,50.0,False,False
77305,720575940626606223,ORN_DA1,sensory,left,47.1,48.6,35.6,45.5,False,False
92402,720575940629199810,ORN_VA1v,sensory,left,47.1,48.6,35.6,45.5,False,False
113397,720575940633735063,CB3568,central,right,47.1,48.6,36.9,50.0,False,False
106204,720575940631943213,ORN_DC1,sensory,left,47.1,50.0,37.5,50.0,False,False
106229,720575940631950161,LHPV1c1,central,left,47.1,47.1,36.2,45.5,False,False
30291,720575940617289689,CB1976,central,left,47.1,48.6,35.6,45.5,False,False
35572,720575940618545903,KCab,central,right,47.1,50.0,36.9,50.0,False,False
51948,720575940621896653,ORN_VM4,sensory,left,47.1,50.0,36.2,50.0,False,False
126556,720575940639179709,CB3160,central,left,47.1,51.4,35.6,45.5,False,False
136248,720575940648200068,LHAD1a2,central,left,47.1,48.6,35.6,50.0,False,False
37910,720575940619117039,ORN_VL1,sensory,left,47.1,50.0,36.9,45.5,False,False
9674,720575940610691507,KCab,central,right,47.1,48.6,36.2,50.0,False,False
67082,720575940624584835,KCab,central,right,47.1,44.3,34.4,45.5,False,False
25214,720575940615857691,CB2244,central,right,47.1,48.6,36.2,45.5,False,False
80114,720575940627073448,KCg-m,central,left,47.1,50.0,38.8,50.0,False,False
123178,720575940637711167,LHAD1f3a,central,right,47.1,47.1,36.2,45.5,False,False
80977,720575940627197739,KCab,central,left,47.1,51.4,37.5,54.5,False,False
24592,720575940615669972,l2LN23,central,left,47.1,48.6,36.2,45.5,False,False
16823,720575940613257187,CB1503,central,left,47.1,47.1,35.0,45.5,False,False
43178,720575940620373697,KCg-m,central,left,47.1,48.6,36.9,50.0,False,False
124531,720575940638304838,CB1113,central,right,47.1,48.6,36.2,50.0,False,False
65856,720575940624342825,CB0034,central,right,47.1,50.0,36.9,45.5,False,False
11170,720575940611382195,ORN_DA4m,sensory,right,47.1,48.6,36.9,50.0,False,False
5883,720575940608345867,KCg-m,central,right,47.1,50.0,35.6,50.0,False,False
39176,720575940619470939,M_vPNml87,central,right,47.1,48.6,36.2,50.0,False,False
78302,720575940626782218,KCab,central,left,47.1,50.0,38.1,50.0,False,False
78372,720575940626794027,KCab,central,right,47.1,50.0,37.5,50.0,False,False
78629,720575940626835728,KCab,central,left,47.1,50.0,37.5,50.0,False,False
2584,720575940605985202,KCab,central,left,47.1,48.6,36.9,50.0,False,False
62170,720575940623702345,CB0677,central,left,47.1,42.9,33.1,45.5,False,False
48569,720575940621327798,CB1640,central,right,47.1,47.1,35.6,45.5,False,False
26059,720575940616087323,KCg-m,central,right,47.1,50.0,36.2,50.0,False,False
121649,720575940637051325,LHPV2f2,central,left,47.1,45.7,33.8,40.9,False,False
43678,720575940620477556,ORN_VM4,sensory,left,47.1,48.6,36.9,50.0,False,False
43574,720575940620459910,LHAV5a2_a3,central,left,47.1,47.1,34.4,45.5,False,False
36431,720575940618753445,CB3047,central,right,47.1,47.1,35.6,50.0,False,False
123721,720575940637964521,KCg-m,central,right,47.1,50.0,37.5,50.0,False,False
68095,720575940624785139,CB1258,central,left,47.1,50.0,36.2,50.0,False,False
68020,720575940624770574,KCg-m,central,right,47.1,48.6,36.2,50.0,False,False
6689,720575940608969667,CB3345,central,left,47.1,47.1,35.0,50.0,False,False
24998,720575940615785228,KCapbp-m,central,right,47.1,48.6,36.2,50.0,False,False
79964,720575940627048018,ORN_DA1,sensory,left,47.1,48.6,35.6,45.5,False,False
56772,720575940622746150,CB3587,central,left,47.1,50.0,36.9,50.0,False,False
80789,720575940627173636,lLN9,central,left,47.1,48.6,36.9,50.0,False,False
53056,720575940622099294,ORN_DM2,sensory,right,47.1,0.0,0.0,0.0,True,False
134513,720575940645670020,WEDPN3,central,left,47.1,51.4,38.8,54.5,False,False
63990,720575940624030819,VP1l+_lvPN,central,right,47.1,48.6,36.2,45.5,False,False
35972,720575940618647104,CB2053,central,left,47.1,48.6,36.9,45.5,False,False
90422,720575940628820823,CB1006,central,right,47.1,48.6,36.9,50.0,False,False
21702,720575940614816598,KCg-m,central,right,47.1,48.6,37.5,50.0,False,False
49109,720575940621414900,CB2452,central,left,47.1,48.6,36.9,50.0,False,False
7638,720575940609553419,CB1461,central,left,47.1,48.6,37.5,50.0,False,False
95003,720575940629731579,CRE056,central,right,47.1,47.1,37.5,50.0,False,False
73628,720575940625868184,HRN_VP4,sensory,right,47.1,47.1,36.2,45.5,False,False
116231,720575940634858676,KCg-m,central,right,47.1,48.6,36.2,50.0,False,False
104653,720575940631575599,KCab,central,right,47.1,48.6,35.0,50.0,False,False
21664,720575940614803286,KCab,central,right,47.1,47.1,35.0,50.0,False,False
104437,720575940631529901,LHPV6a3,central,left,47.1,48.6,36.9,50.0,False,False
3658,720575940606680450,PLP073,central,left,47.1,48.6,36.9,45.5,False,False
28718,720575940616855225,v2LN38,central,right,47.1,48.6,38.1,50.0,False,False
137573,720575940653829537,ORN_DM4,sensory,left,45.7,0.0,0.0,0.0,True,False
13108,720575940612105586,ORN_VA6,sensory,left,45.7,47.1,35.0,45.5,False,False
53465,720575940622163197,KCg-m,central,right,45.7,47.1,36.2,45.5,False,False
54670,720575940622363332,ORN_VA6,sensory,left,45.7,47.1,36.2,50.0,False,False
123212,720575940637728063,ORN_DL5,sensory,left,45.7,48.6,36.9,50.0,False,False
107706,720575940632281937,PLP064_b,central,right,45.7,47.1,34.4,45.5,False,False
59661,720575940623249043,CB2793,central,right,45.7,47.1,35.0,45.5,False,False
47331,720575940621102913,SLP011,central,left,45.7,45.7,34.4,45.5,False,False
82124,720575940627380679,LHAD3g1,central,left,45.7,47.1,35.6,45.5,False,False
55284,720575940622476010,CB0972,central,right,45.7,45.7,35.6,50.0,False,False
14535,720575940612572131,SMP175,central,right,45.7,51.4,37.5,50.0,False,False
110755,720575940632963245,KCg-m,central,right,45.7,48.6,36.2,50.0,False,False
79361,720575940626952537,CB0481,central,left,45.7,45.7,35.0,45.5,False,False
110422,720575940632876223,CB1220,central,right,45.7,48.6,36.2,50.0,False,False
75431,720575940626224280,WEDPN9,central,right,45.7,47.1,35.6,45.5,False,False
16089,720575940613016104,M_lvPNm35,central,right,45.7,47.1,35.6,45.5,False,False
8304,720575940609941653,KCab,central,right,45.7,48.6,36.2,50.0,False,False
75925,720575940626326952,KCab,central,right,45.7,47.1,33.8,45.5,False,False
137251,720575940652703393,KCg-m,central,right,45.7,47.1,34.4,45.5,False,False
58870,720575940623119871,KCapbp-ap2,central,left,45.7,48.6,35.0,45.5,False,False
79193,720575940626925480,ORN_VL1,sensory,left,45.7,48.6,35.0,45.5,False,False
94025,720575940629522426,CB3778,central,left,45.7,47.1,35.0,45.5,False,False
48970,720575940621393172,Pm14,optic,left,45.7,44.3,32.5,40.9,False,False
110474,720575940632890681,M_lvPNm42,central,right,45.7,48.6,35.6,50.0,False,False
94054,720575940629528827,ORN_VA6,sensory,left,45.7,48.6,36.2,50.0,False,False
91178,720575940628962938,SMP542,central,left,45.7,50.0,36.2,50.0,False,False
2152,720575940605742002,ORN_DC1,sensory,right,45.7,48.6,36.9,45.5,False,False
127792,720575940639751843,LHAV7a3,central,right,45.7,51.4,38.1,54.5,False,False
123735,720575940637970921,KCg-m,central,left,45.7,47.1,36.9,50.0,False,False
47908,720575940621207216,KCg-m,central,right,45.7,50.0,36.2,45.5,False,False
121599,720575940637029860,"SIP014,SIP016",central,left,45.7,48.6,36.9,50.0,False,False
89333,720575940628632702,ORN_DM4,sensory,left,45.7,0.0,0.0,0.0,True,False
51444,720575940621804159,DNp12,descending,left,45.7,47.1,36.2,50.0,False,False
29888,720575940617176413,KCg-m,central,right,45.7,47.1,35.0,50.0,False,False
87458,720575940628309186,KCab,central,right,45.7,45.7,34.4,45.5,False,False
77250,720575940626593618,ORN_VL1,sensory,right,45.7,47.1,35.6,50.0,False,False
106108,720575940631923816,ORN_DM2,sensory,left,45.7,0.0,0.0,0.0,True,False
23373,720575940615302879,ORN_DM4,sensory,left,45.7,0.0,0.0,0.0,True,False
85248,720575940627931466,KCg-m,central,right,45.7,47.1,35.6,50.0,False,False
58922,720575940623129087,KCab,central,right,45.7,48.6,35.6,50.0,False,False
27159,720575940616398898,ORN_DM2,sensory,left,45.7,0.0,0.0,0.0,True,False
30128,720575940617244347,FB4Y,central,right,45.7,47.1,36.9,45.5,False,False
56798,720575940622751270,ORN_DM6,sensory,left,45.7,47.1,35.0,50.0,False,False
35850,720575940618612928,KCg-m,central,left,45.7,48.6,35.6,50.0,False,False
55531,720575940622520692,LHAD3g1,central,left,45.7,47.1,35.0,45.5,False,False
35710,720575940618576542,ORN_DL4,sensory,left,45.7,48.6,35.0,45.5,False,False
53032,720575940622093436,MBON15,central,right,45.7,48.6,35.6,50.0,False,False
63349,720575940623925577,LHPV6h1,central,right,45.7,48.6,36.2,50.0,False,False
80546,720575940627141509,ATL025,central,left,45.7,48.6,34.4,45.5,False,False
82112,720575940627377937,KCab,central,left,45.7,47.1,34.4,45.5,False,False
2480,720575940605915872,ORN_DM2,sensory,right,45.7,0.0,0.0,0.0,True,False
43725,720575940620488539,SLP438,central,right,45.7,45.7,34.4,45.5,False,False
75681,720575940626277382,KCab,central,right,45.7,47.1,34.4,45.5,False,False
19529,720575940614184204,KCab,central,left,45.7,47.1,35.0,45.5,False,False
46757,720575940621003617,CB2743,central,left,45.7,45.7,35.0,50.0,False,False
58668,720575940623085495,ORN_DM2,sensory,left,45.7,0.0,0.0,0.0,True,False
130354,720575940641039067,ORN_DM2,sensory,right,45.7,0.0,0.0,0.0,True,False
89615,720575940628685059,KCg-m,central,right,45.7,44.3,34.4,45.5,False,False
92644,720575940629248374,AOTU065,central,right,45.7,47.1,35.6,45.5,False,False
81698,720575940627307855,KCab,central,right,45.7,45.7,33.8,45.5,False,False
22186,720575940614969055,KCab,central,left,45.7,48.6,37.5,50.0,False,False
94330,720575940629586417,DNp73,descending,right,45.7,48.6,36.9,50.0,False,False
94205,720575940629559034,LHAV6a3,central,left,45.7,41.4,30.6,40.9,False,False
7613,720575940609533394,CB2924,central,right,45.7,47.1,35.0,45.5,False,False
7699,720575940609590596,ORN_DM6,sensory,left,45.7,48.6,36.2,45.5,False,False
86678,720575940628173138,SMP258,central,right,45.7,48.6,35.6,45.5,False,False
125331,720575940638670397,CB2922,central,right,45.7,47.1,36.2,50.0,False,False
132515,720575940643740872,PS058,central,right,45.7,45.7,32.5,40.9,False,False
59825,720575940623280311,CB1048,central,left,45.7,48.6,35.6,50.0,False,False
14669,720575940612619431,CB2758,central,right,45.7,48.6,36.2,50.0,False,False
70047,720575940625127354,ORN_DM4,sensory,left,45.7,0.0,0.0,0.0,True,False
46331,720575940620931312,"VP5+_l2PN,VP5+VP2_l2PN",central,left,45.7,47.1,36.2,50.0,False,False
75172,720575940626166986,CB3476,central,right,45.7,44.3,34.4,45.5,False,False
129011,720575940640282869,ORN_DM4,sensory,left,45.7,0.0,0.0,0.0,True,False
69941,720575940625107352,"PLP026,PLP027",central,right,45.7,47.1,36.2,50.0,False,False
69690,720575940625059917,KCab,central,left,45.7,48.6,35.0,45.5,False,False
11662,720575940611569301,KCg-m,central,right,45.7,47.1,34.4,45.5,False,False
123246,720575940637743076,CL112,central,left,45.7,50.0,36.2,50.0,False,False
78586,720575940626828574,KCg-m,central,right,45.7,48.6,35.0,45.5,False,False
39292,720575940619509744,KCab,central,right,45.7,45.7,34.4,45.5,False,False
77986,720575940626726730,ORN_DM4,sensory,right,45.7,0.0,0.0,0.0,True,False
11860,720575940611644402,PLP250,central,left,45.7,47.1,35.0,45.5,False,False
132624,720575940643846180,CB2630,central,left,45.7,45.7,36.2,50.0,False,False
77115,720575940626569112,KCab,central,left,45.7,45.7,33.8,45.5,False,False
126753,720575940639260032,ORN_DA4m,sensory,left,45.7,48.6,36.2,45.5,False,False
92131,720575940629148610,PLP022,central,right,45.7,45.7,32.5,40.9,False,False
112038,720575940633311328,ORN_DM2,sensory,left,45.7,0.0,0.0,0.0,True,False
50986,720575940621733364,CB1246,central,right,45.7,47.1,36.9,50.0,False,False
92361,720575940629188507,PAM01,central,left,45.7,48.6,37.5,50.0,False,False
66568,720575940624473575,CB2206,central,left,45.7,47.1,35.6,45.5,False,False
88903,720575940628556649,LHAV7a3,central,left,45.7,45.7,33.1,45.5,False,False
136493,720575940649012857,KCg-m,central,right,45.7,48.6,36.2,45.5,False,False
9585,720575940610649464,KCab,central,left,45.7,47.1,35.6,50.0,False,False
37903,720575940619115845,KCapbp-ap1,central,right,45.7,47.1,36.2,50.0,False,False
107611,720575940632261423,LHAV2b2a,central,left,45.7,42.9,34.4,45.5,False,False
109580,720575940632692051,CB1375,central,right,45.7,42.9,33.1,45.5,False,False
25389,720575940615907997,KCg-m,central,right,44.3,48.6,35.0,45.5,False,False
97637,720575940630241676,CB2452,central,left,44.3,45.7,34.4,45.5,False,False
99643,720575940630630248,ORN_VL1,sensory,left,44.3,45.7,34.4,45.5,False,False
115715,720575940634655851,PAM01,central,right,44.3,47.1,35.6,50.0,False,False
131866,720575940642733216,PAM08,central,right,44.3,47.1,34.4,45.5,False,False
132073,720575940643063200,KCg-m,central,right,44.3,41.4,32.5,45.5,False,False
118784,720575940635767524,HRN_VP5,sensory,left,44.3,45.7,35.6,50.0,False,False
711,720575940604509374,KCab,central,left,44.3,45.7,34.4,45.5,False,False
67392,720575940624645818,CB1824,central,right,44.3,45.7,33.8,45.5,False,False
369,720575940603885856,CB1418,central,right,44.3,47.1,34.4,45.5,False,False
73167,720575940625780648,KCg-m,central,right,44.3,47.1,35.0,45.5,False,False
13721,720575940612321194,CB2469,central,left,44.3,45.7,33.1,45.5,False,False
53401,720575940622150569,LHPV4h1,central,left,44.3,47.1,35.0,45.5,False,False
89570,720575940628675433,ALIN8,central,left,44.3,45.7,33.8,45.5,False,False
137278,720575940652809377,KCab,central,right,44.3,47.1,35.0,50.0,False,False
133742,720575940644951575,CB3510,central,left,44.3,45.7,33.8,45.5,False,False
18242,720575940613699807,ORN_V,sensory,right,44.3,45.7,34.4,45.5,False,False
79110,720575940626911262,KCab,central,right,44.3,44.3,31.9,40.9,False,False
133542,720575940644766574,SMP207,central,left,44.3,45.7,33.1,45.5,False,False
79570,720575940626985253,CB2699,central,left,44.3,44.3,33.8,45.5,False,False
10551,720575940611102578,KCab,central,left,44.3,45.7,35.6,45.5,False,False
10476,720575940611077188,SLP230,central,left,44.3,47.1,34.4,45.5,False,False
130945,720575940641632653,mAL6,central,right,44.3,47.1,33.1,45.5,False,False
59751,720575940623264809,CRE020,central,right,44.3,47.1,35.6,50.0,False,False
93615,720575940629452670,ORN_DM3,sensory,left,44.3,45.7,34.4,45.5,False,False
99550,720575940630612280,ORN_DM2,sensory,right,44.3,0.0,0.0,0.0,True,False
20885,720575940614605730,CB0934,central,right,44.3,45.7,35.6,45.5,False,False
112752,720575940633538018,PLP239,central,left,44.3,44.3,33.1,40.9,False,False
17365,720575940613437359,ORN_DM2,sensory,right,44.3,0.0,0.0,0.0,True,False
105916,720575940631880217,KCab,central,right,44.3,45.7,33.1,40.9,False,False
105489,720575940631763779,LHPV4a10,central,right,44.3,42.9,30.6,40.9,False,False
98252,720575940630360377,KCg-m,central,right,44.3,47.1,34.4,50.0,False,False
16550,720575940613163473,LAL022,central,right,44.3,44.3,33.1,45.5,False,False
98123,720575940630332753,KCab,central,right,44.3,45.7,35.0,45.5,False,False
39462,720575940619566507,ORN_VL1,sensory,right,44.3,45.7,34.4,45.5,False,False
113823,720575940633867927,ORN_VL1,sensory,left,44.3,45.7,34.4,45.5,False,False
83703,720575940627666506,SLP378,central,right,44.3,44.3,33.1,45.5,False,False
43083,720575940620352646,PAM12,central,left,44.3,47.1,35.0,45.5,False,False
106115,720575940631925132,ORN_DM2,sensory,left,44.3,0.0,0.0,0.0,True,False
101441,720575940630953423,CB2907,central,right,44.3,42.9,31.9,40.9,False,False
48131,720575940621250486,KCab,central,right,44.3,45.7,34.4,45.5,False,False
6459,720575940608810709,KCg-m,central,left,44.3,47.1,34.4,45.5,False,False
101291,720575940630926866,KCab,central,left,44.3,45.7,35.0,50.0,False,False
2675,720575940606039241,SMP235,central,right,44.3,44.3,33.1,40.9,False,False
23423,720575940615320505,PS037,central,right,44.3,47.1,33.8,45.5,False,False
51720,720575940621851174,KCab,central,left,44.3,45.7,34.4,45.5,False,False
89163,720575940628599746,ORN_VM5v,sensory,left,44.3,45.7,34.4,45.5,False,False
123393,720575940637806662,SLP395,central,left,44.3,45.7,33.8,45.5,False,False
85255,720575940627932412,KCg-m,central,left,44.3,48.6,35.0,45.5,False,False
97965,720575940630301523,M_vPNml77,central,right,44.3,45.7,34.4,45.5,False,False
102878,720575940631222841,PAM12,central,right,44.3,45.7,34.4,45.5,False,False
36375,720575940618738853,ORN_V,sensory,right,44.3,45.7,34.4,45.5,False,False
118743,720575940635753071,KCab,central,left,44.3,45.7,35.0,45.5,False,False
40984,720575940619916368,LHPV4a10,central,left,44.3,44.3,33.8,45.5,False,False
69939,720575940625107127,LHPV6d1,central,right,44.3,44.3,34.4,45.5,False,False
65901,720575940624349192,CB2552,central,right,44.3,41.4,31.2,40.9,False,False
2017,720575940605664446,KCg-m,central,right,44.3,48.6,35.0,45.5,False,False
21166,720575940614677810,PAM12,central,right,44.3,47.1,36.2,45.5,False,False
123066,720575940637665626,CB3061,central,right,44.3,45.7,35.0,45.5,False,False
120737,720575940636626680,CB0972,central,left,44.3,45.7,35.0,45.5,False,False
56596,720575940622719770,mALD1,central,left,44.3,45.7,33.8,45.5,False,False
56337,720575940622675421,DNp29,descending,left,44.3,45.7,35.0,45.5,False,False
20153,720575940614367715,CB3345,central,right,44.3,45.7,35.0,45.5,False,False
107569,720575940632252068,ORN_VL1,sensory,right,44.3,45.7,35.0,45.5,False,False
44134,720575940620565673,M_lPNm11B,central,right,44.3,47.1,34.4,45.5,False,False
31921,720575940617696769,KCg-d,central,left,44.3,45.7,34.4,45.5,False,False
90059,720575940628766467,KCapbp-m,central,left,44.3,45.7,35.6,50.0,False,False
98532,720575940630420985,KCg-m,central,right,44.3,44.3,34.4,45.5,False,False
88893,720575940628553731,ORN_VM1,sensory,right,44.3,47.1,35.0,45.5,False,False
58536,720575940623062749,ORN_DM2,sensory,left,44.3,0.0,0.0,0.0,True,False
108124,720575940632377375,KCg-m,central,right,44.3,42.9,33.1,40.9,False,False
109353,720575940632638803,CB1640,central,right,44.3,45.7,34.4,45.5,False,False
14830,720575940612668018,KCab,central,right,44.3,47.1,35.6,50.0,False,False
75756,720575940626294090,KCab,central,right,44.3,47.1,34.4,45.5,False,False
12674,720575940611943976,KCg-m,central,right,44.3,47.1,35.0,45.5,False,False
119294,720575940635969399,TRN_VP1m,sensory,right,44.3,45.7,33.8,40.9,False,False
138093,720575940658674049,PAM07,central,right,44.3,45.7,34.4,45.5,False,False
125893,720575940638920757,LHAD1f1b,central,left,44.3,47.1,34.4,50.0,False,False
125880,720575940638914648,ORN_VM1,sensory,left,44.3,47.1,34.4,50.0,False,False
59895,720575940623292307,LHAD1d1,central,right,44.3,45.7,33.1,40.9,False,False
59904,720575940623294186,LHPV2c2b,central,left,44.3,42.9,32.5,45.5,False,False
55704,720575940622559669,KCab,central,left,44.3,47.1,35.0,45.5,False,False
22315,720575940615014184,CB1149,central,right,44.3,44.3,32.5,40.9,False,False
51555,720575940621819630,PLP060,central,left,44.3,42.9,32.5,40.9,False,False
22345,720575940615021418,CB3221,central,left,42.9,42.9,31.9,40.9,False,False
41535,720575940620029575,KCapbp-ap1,central,left,42.9,44.3,33.8,45.5,False,False
115880,720575940634714519,CB3021,central,right,42.9,41.4,31.2,45.5,False,False
116919,720575940635114347,ORN_VL2p,sensory,left,42.9,45.7,35.0,50.0,False,False
58134,720575940622998920,KCapbp-ap1,central,left,42.9,44.3,32.5,45.5,False,False
95967,720575940629918459,ORN_VL2a,sensory,left,42.9,44.3,33.8,45.5,False,False
95863,720575940629900631,CB1124,central,right,42.9,45.7,31.9,40.9,False,False
125684,720575940638832035,CB3149,central,right,42.9,42.9,31.2,40.9,False,False
8515,720575940610073412,SIP052,central,right,42.9,48.6,35.0,45.5,False,False
125915,720575940638929571,CB2245,central,left,42.9,44.3,33.1,40.9,False,False
46848,720575940621019120,ORN_VL2a,sensory,left,42.9,44.3,32.5,45.5,False,False
46487,720575940620955613,KCab,central,left,42.9,45.7,33.1,40.9,False,False
49873,720575940621554693,ORN_VA1d,sensory,left,42.9,45.7,33.8,45.5,False,False
33927,720575940618168635,CB3672,central,right,42.9,38.6,29.4,36.4,False,False
19869,720575940614285930,"ATL017,ATL018",central,right,42.9,45.7,32.5,45.5,False,False
14680,720575940612621721,ORN_VM1,sensory,right,42.9,44.3,32.5,45.5,False,False
14885,720575940612683729,CB1972,central,right,42.9,44.3,33.1,45.5,False,False
115135,720575940634401471,CB3121,central,left,42.9,44.3,33.1,45.5,False,False
119264,720575940635958895,CB2749,central,right,42.9,47.1,34.4,50.0,False,False
75469,720575940626233213,CB3788,central,left,42.9,42.9,33.1,45.5,False,False
60968,720575940623472201,KCab,central,left,42.9,47.1,35.0,45.5,False,False
27247,720575940616419701,LHPV10a1a,central,right,42.9,42.9,31.9,40.9,False,False
97093,720575940630134839,CB0650,central,right,42.9,44.3,33.8,45.5,False,False
96628,720575940630037036,LHAD1d2,central,right,42.9,42.9,33.1,40.9,False,False
74765,720575940626083850,"PLP041,PLP043",central,left,42.9,44.3,33.1,40.9,False,False
29662,720575940617102646,CB3089,central,left,42.9,44.3,33.1,45.5,False,False
116427,720575940634939034,KCab,central,right,42.9,42.9,33.1,40.9,False,False
15053,720575940612732273,v2LN33,central,left,42.9,42.9,31.9,45.5,False,False
133988,720575940645158179,PAM12,central,left,42.9,45.7,34.4,45.5,False,False
25742,720575940616004146,CB2862,central,right,42.9,44.3,33.1,45.5,False,False
98603,720575940630432932,KCg-m,central,right,42.9,40.0,30.0,36.4,False,False
44158,720575940620569197,LHAD1d1,central,left,42.9,44.3,33.1,45.5,False,False
25117,720575940615823666,CB2022,central,left,42.9,44.3,33.1,45.5,False,False
80376,720575940627110931,PAM07,central,right,42.9,44.3,33.1,45.5,False,False
80277,720575940627097361,KCab,central,right,42.9,41.4,30.0,40.9,False,False
80172,720575940627081994,KCg-m,central,right,42.9,44.3,33.1,45.5,False,False
67244,720575940624611992,LHPV5b2,central,right,42.9,44.3,34.4,45.5,False,False
36632,720575940618802123,ORN_VM4,sensory,left,42.9,44.3,33.1,45.5,False,False
83229,720575940627572484,SIP064,central,left,42.9,44.3,32.5,40.9,False,False
52537,720575940622014090,CB2527,central,right,42.9,42.9,34.4,45.5,False,False
64544,720575940624125584,KCab,central,left,42.9,44.3,31.2,40.9,False,False
102162,720575940631088402,KCab,central,right,42.9,45.7,33.8,40.9,False,False
32710,720575940617899403,KCab,central,left,42.9,45.7,31.9,40.9,False,False
105616,720575940631798888,KCg-m,central,right,42.9,45.7,33.1,45.5,False,False
106449,720575940631989841,CB2357,central,left,42.9,44.3,32.5,45.5,False,False
98274,720575940630366684,CB1755,central,right,42.9,44.3,32.5,40.9,False,False
92364,720575940629190615,PAM08,central,left,42.9,44.3,33.8,45.5,False,False
40078,720575940619705983,KCg-m,central,right,42.9,45.7,32.5,45.5,False,False
109721,720575940632722771,DNg31,descending,left,42.9,48.6,40.6,54.5,False,False
63845,720575940624010677,CB2448,central,left,42.9,45.7,33.1,45.5,False,False
63609,720575940623971848,ORN_DL5,sensory,left,42.9,42.9,33.1,40.9,False,False
89320,720575940628630315,SLP136,central,left,42.9,47.1,35.6,45.5,False,False
123540,720575940637869028,KCab,central,right,42.9,44.3,34.4,45.5,False,False
123386,720575940637803379,"PLP026,PLP027",central,right,42.9,45.7,33.1,45.5,False,False
69379,720575940625012301,CB2819,central,right,42.9,42.9,32.5,45.5,False,False
43534,720575940620451916,KCg-m,central,right,42.9,42.9,33.1,45.5,False,False
69030,720575940624951020,ORN_DM2,sensory,right,42.9,0.0,0.0,0.0,True,False
121118,720575940636809950,ORN_VM1,sensory,left,42.9,45.7,33.8,45.5,False,False
120684,720575940636604638,CB2776,central,right,42.9,45.7,34.4,45.5,False,False
57335,720575940622857801,KCab,central,left,42.9,44.3,33.1,40.9,False,False
127588,720575940639661939,CB1939,central,left,42.9,42.9,33.1,45.5,False,False
127278,720575940639515965,KCg-m,central,right,42.9,42.9,34.4,45.5,False,False
91726,720575940629067351,KCapbp-ap1,central,left,42.9,44.3,33.1,45.5,False,False
11719,720575940611594970,CB1201,central,left,42.9,45.7,33.1,45.5,False,False
111869,720575940633259360,ORN_DL5,sensory,right,42.9,45.7,33.1,40.9,False,False
78543,720575940626820395,KCg-m,central,right,42.9,44.3,33.1,45.5,False,False
51113,720575940621755124,LHCENT13_a,central,left,42.9,42.9,32.5,40.9,False,False
58245,720575940623015694,KCab,central,right,42.9,44.3,33.8,40.9,False,False
132884,720575940644156695,KCapbp-ap1,central,left,42.9,44.3,33.1,45.5,False,False
42918,720575940620320380,KCg-m,central,left,42.9,45.7,33.1,45.5,False,False
70969,720575940625339977,LHAV4b2,central,right,42.9,44.3,33.1,45.5,False,False
70865,720575940625318163,KCab,central,right,42.9,44.3,33.8,40.9,False,False
113925,720575940633903897,AVLP593,central,right,42.9,45.7,33.1,45.5,False,False
129707,720575940640634787,KCg-m,central,right,42.9,44.3,32.5,40.9,False,False
12565,720575940611905138,ORN_DL5,sensory,left,42.9,44.3,33.1,40.9,False,False
85476,720575940627969359,CB3089,central,right,42.9,44.3,32.5,45.5,False,False
103357,720575940631306284,LT33,optic,right,42.9,45.7,35.0,50.0,False,False
102668,720575940631180599,OA-AL2i1,visual_centrifugal,left,42.9,44.3,35.6,50.0,False,False
102756,720575940631196264,"CL057,CL106",central,left,42.9,44.3,31.9,45.5,False,False
88162,720575940628414567,KCg-m,central,right,42.9,44.3,32.5,45.5,False,False
34813,720575940618366843,AVLP082,central,left,42.9,41.4,30.0,40.9,False,False
59071,720575940623147959,ORN_DA4m,sensory,left,42.9,44.3,32.5,40.9,False,False
106303,720575940631964503,CB1859,central,left,42.9,44.3,34.4,45.5,False,False
35896,720575940618626171,CB1124,central,right,42.9,42.9,33.8,45.5,False,False
36000,720575940618652736,CB1629,central,right,42.9,45.7,35.6,45.5,False,False
105724,720575940631827527,KCg-m,central,right,42.9,44.3,34.4,45.5,False,False
101863,720575940631024911,KCg-m,central,right,42.9,44.3,33.1,40.9,False,False
56893,720575940622771082,KCg-m,central,right,42.9,44.3,31.2,40.9,False,False
62700,720575940623810487,KCg-m,central,right,42.9,45.7,35.0,45.5,False,False
6565,720575940608886741,"LHAD1b2_a,LHAD1b2_c",central,right,42.9,44.3,33.1,45.5,False,False
126961,720575940639378547,CB1434,central,left,42.9,45.7,33.8,45.5,False,False
99971,720575940630688709,ORN_VA5,sensory,right,42.9,44.3,32.5,45.5,False,False
67775,720575940624721084,KCg-m,central,right,42.9,45.7,33.8,45.5,False,False
122541,720575940637458830,CB2267_a,central,right,42.9,42.9,33.1,40.9,False,False
49610,720575940621507208,CB1861,central,left,42.9,44.3,33.1,40.9,False,False
130846,720575940641546715,SMP181,central,left,42.9,41.4,33.1,45.5,False,False
60343,720575940623367607,ORN_VA5,sensory,right,42.9,44.3,33.1,40.9,False,False
5242,720575940607896843,ORN_VL1,sensory,left,42.9,44.3,33.1,45.5,False,False
115679,720575940634640014,KCab,central,right,42.9,45.7,33.8,45.5,False,False
10427,720575940611053029,KCapbp-m,central,left,42.9,44.3,34.4,45.5,False,False
10194,720575940610946070,KCg-m,central,right,42.9,44.3,34.4,45.5,False,False
99494,720575940630603884,CB0997,central,left,42.9,42.9,32.5,45.5,False,False
91042,720575940628937590,KCab,central,left,42.9,44.3,33.8,40.9,False,False
78942,720575940626883465,CB1961,central,left,42.9,41.4,32.5,45.5,False,False
110691,720575940632946272,KCab,central,left,42.9,45.7,33.1,45.5,False,False
38527,720575940619280981,LHAD1f1b,central,right,42.9,44.3,33.1,45.5,False,False
58867,720575940623119496,CB2667,central,left,42.9,44.3,33.8,45.5,False,False
40423,720575940619781620,KCab,central,right,42.9,44.3,33.1,45.5,False,False
55382,720575940622495092,PAM01,central,right,42.9,45.7,33.8,45.5,False,False
55071,720575940622440840,ORN_DM2,sensory,right,42.9,0.0,0.0,0.0,True,False
97171,720575940630151484,CB2828,central,right,42.9,48.6,33.1,45.5,False,False
50361,720575940621629189,ORN_DM6,sensory,right,42.9,45.7,33.8,40.9,False,False
19502,720575940614174943,ORN_VA6,sensory,left,42.9,44.3,33.1,45.5,False,False
32517,720575940617849920,KCg-m,central,right,42.9,44.3,33.1,40.9,False,False
126831,720575940639301027,SMP529,central,left,42.9,45.7,35.0,45.5,False,False
59623,720575940623242476,ORN_VL1,sensory,right,42.9,44.3,33.1,45.5,False,False
56023,720575940622625097,HRN_VP4,sensory,left,42.9,42.9,32.5,40.9,False,False
116422,720575940634935647,CL126,central,left,42.9,42.9,33.8,45.5,False,False
28467,720575940616793669,ORN_VM1,sensory,left,42.9,44.3,34.4,45.5,False,False
132974,720575940644255255,CB1132,central,left,42.9,44.3,33.1,45.5,False,False
117396,720575940635256500,CL032,central,left,42.9,44.3,33.1,45.5,False,False
116948,720575940635120538,CB3148,central,right,42.9,42.9,31.9,45.5,False,False
73133,720575940625773752,SAD076,central,right,42.9,45.7,32.5,45.5,False,False
73335,720575940625810324,SMP111,central,left,42.9,42.9,33.8,45.5,False,False
95537,720575940629839863,KCg-d,central,right,42.9,44.3,33.1,45.5,False,False
1238,720575940605031084,LHAV7a1a,central,right,41.4,45.7,35.0,45.5,False,False
55107,720575940622446085,LAL022,central,right,41.4,41.4,31.2,45.5,False,False
73225,720575940625793854,LHPV1c1,central,left,41.4,42.9,32.5,40.9,False,False
87441,720575940628306075,KCg-m,central,right,41.4,42.9,32.5,45.5,False,False
54128,720575940622275079,KCab,central,left,41.4,44.3,33.1,45.5,False,False
116665,720575940635026272,ORN_VL1,sensory,left,41.4,42.9,33.1,40.9,False,False
116400,720575940634923967,KCab,central,left,41.4,41.4,31.9,40.9,False,False
116566,720575940634989560,KCab,central,right,41.4,44.3,33.1,45.5,False,False
50888,720575940621715550,ORN_VL1,sensory,right,41.4,44.3,33.1,45.5,False,False
51336,720575940621788125,SIP053b,central,left,41.4,44.3,32.5,40.9,False,False
96838,720575940630084352,SLP400a,central,right,41.4,44.3,31.2,40.9,False,False
132277,720575940643371424,"LHAD1b2_a,LHAD1b2_c",central,right,41.4,40.0,31.2,40.9,False,False
12795,720575940611988946,CB2226,central,left,41.4,41.4,31.9,40.9,False,False
72363,720575940625628391,"PS184,PS272",central,left,41.4,44.3,32.5,45.5,False,False
118662,720575940635723662,CB1220,central,right,41.4,42.9,33.8,45.5,False,False
117617,720575940635342236,"ATL035,ATL036",central,right,41.4,42.9,32.5,45.5,False,False
94347,720575940629588854,ORN_DC3,sensory,left,41.4,42.9,33.1,40.9,False,False
135211,720575940646502020,LHAV5a1,central,left,41.4,42.9,31.2,40.9,False,False
52518,720575940622010373,DNg55,descending,center,41.4,47.1,33.1,45.5,False,False
93801,720575940629485354,KCab,central,right,41.4,41.4,30.6,40.9,False,False
58108,720575940622996360,KCg-m,central,left,41.4,42.9,31.9,40.9,False,False
50955,720575940621729050,"CL057,CL106",central,left,41.4,44.3,32.5,40.9,False,False
118380,720575940635632105,CB1722,central,right,41.4,42.9,31.9,40.9,False,False
18733,720575940613875858,ORN_VL2a,sensory,right,41.4,42.9,33.1,40.9,False,False
125573,720575940638775118,lLN8,central,left,41.4,42.9,33.1,45.5,False,False
25210,720575940615856779,ORN_VA7l,sensory,left,41.4,41.4,32.5,45.5,False,False
114359,720575940634078303,ORN_DM4,sensory,left,41.4,0.0,0.0,0.0,True,False
66729,720575940624508341,ORN_VA1v,sensory,left,41.4,44.3,31.9,40.9,False,False
123363,720575940637790527,CB0130,central,left,41.4,42.9,31.9,40.9,False,False
64964,720575940624193279,PS002,central,right,41.4,41.4,32.5,45.5,False,False
84516,720575940627802374,LAL042,central,right,41.4,45.7,34.4,45.5,False,False
27070,720575940616376287,DNg39,descending,left,41.4,44.3,33.1,40.9,False,False
26823,720575940616303105,CB1117,central,right,41.4,44.3,31.9,45.5,False,False
66014,720575940624366835,ORN_DM6,sensory,right,41.4,42.9,33.1,45.5,False,False
45645,720575940620812353,SMP190,central,right,41.4,44.3,32.5,45.5,False,False
44502,720575940620624177,CB0734,central,left,41.4,42.9,33.1,45.5,False,False
65570,720575940624296376,KCg-m,central,right,41.4,44.3,33.1,40.9,False,False
34989,720575940618405686,DNge069,descending,left,41.4,45.7,31.9,40.9,False,False
90204,720575940628789525,PLP096,central,left,41.4,44.3,33.1,45.5,False,False
75701,720575940626282633,ORN_DM4,sensory,right,41.4,0.0,0.0,0.0,True,False
10083,720575940610901234,KCapbp-m,central,left,41.4,41.4,31.2,40.9,False,False
38059,720575940619154715,CB2920,central,right,41.4,42.9,30.6,40.9,False,False
93033,720575940629336631,ATL043,central,right,41.4,42.9,32.5,40.9,False,False
93133,720575940629358391,SMP089,central,left,41.4,44.3,32.5,45.5,False,False
116027,720575940634776218,ORN_DC1,sensory,right,41.4,42.9,33.1,40.9,False,False
115279,720575940634461280,SLP118,central,left,41.4,40.0,31.9,45.5,False,False
24030,720575940615494022,LHAV7a3,central,right,41.4,42.9,32.5,40.9,False,False
121973,720575940637209822,CB0595,central,right,41.4,40.0,31.9,45.5,False,False
101378,720575940630941783,FB2H_b,central,left,41.4,42.9,33.1,40.9,False,False
11410,720575940611478681,ORN_VL1,sensory,right,41.4,42.9,31.2,40.9,False,False
119255,720575940635955903,CB2448,central,right,41.4,42.9,31.9,40.9,False,False
56777,720575940622746637,CB1160,central,right,41.4,42.9,31.9,45.5,False,False
3700,720575940606698882,ORN_DM2,sensory,left,41.4,0.0,0.0,0.0,True,False
30385,720575940617309725,SMP025a,central,left,41.4,41.4,30.0,36.4,False,False
60774,720575940623442173,PAM01,central,left,41.4,42.9,34.4,45.5,False,False
97322,720575940630179159,KCg-m,central,right,41.4,42.9,33.1,45.5,False,False
112794,720575940633551028,KCab,central,right,41.4,42.9,33.1,45.5,False,False
78171,720575940626758489,KCg-m,central,right,41.4,44.3,31.9,40.9,False,False
84923,720575940627872515,LAL116,central,right,41.4,47.1,32.5,40.9,False,False
77587,720575940626655321,KCab,central,right,41.4,42.9,31.9,40.9,False,False
137749,720575940655010209,ORN_DM2,sensory,right,41.4,0.0,0.0,0.0,True,False
81429,720575940627271762,WED121,central,right,41.4,40.0,31.2,40.9,False,False
19681,720575940614224490,KCg-m,central,right,41.4,44.3,31.9,40.9,False,False
112885,720575940633573836,cL16,visual_centrifugal,right,41.4,44.3,31.9,45.5,False,False
48359,720575940621291852,ORN_VA6,sensory,right,41.4,42.9,31.2,40.9,False,False
92144,720575940629151031,ORN_VM1,sensory,left,41.4,42.9,31.9,45.5,False,False
128778,720575940640178640,AOTU064,central,right,41.4,44.3,30.6,36.4,False,False
61515,720575940623567082,CB2693,central,left,41.4,42.9,30.6,40.9,False,False
130558,720575940641251712,LHAV1a4,central,left,41.4,42.9,33.8,45.5,False,False
76223,720575940626385182,CB3112,central,right,41.4,41.4,31.2,40.9,False,False
126295,720575940639076669,ORN_VM7d,sensory,right,41.4,42.9,31.9,40.9,False,False
64116,720575940624054280,LHAV3e2,central,right,41.4,42.9,31.2,40.9,False,False
63382,720575940623930211,"CB1141,CB1285",central,left,41.4,42.9,31.2,45.5,False,False
62790,720575940623828999,LHPV6p1,central,right,41.4,41.4,30.6,40.9,False,False
16246,720575940613073960,SMP207,central,right,41.4,42.9,31.2,40.9,False,False
63991,720575940624030856,CRE056,central,right,41.4,42.9,33.1,45.5,False,False
63622,720575940623973356,ORN_DA4m,sensory,left,41.4,44.3,31.9,40.9,False,False
47058,720575940621059137,DN1-l,central,left,41.4,45.7,34.4,45.5,False,False
15998,720575940612991730,KCg-m,central,left,41.4,42.9,33.1,45.5,False,False
38674,720575940619319512,KCg-m,central,left,41.4,44.3,33.1,40.9,False,False
78740,720575940626852400,M_vPNml86,central,left,41.4,42.9,33.1,45.5,False,False
18685,720575940613858046,CB2421,central,right,41.4,40.0,30.0,40.9,False,False
73425,720575940625825820,ORN_DM2,sensory,left,40.0,0.0,0.0,0.0,True,False
55628,720575940622541005,Z_vPNml1,central,left,40.0,42.9,31.2,40.9,False,False
73630,720575940625868440,CB1545,central,left,40.0,42.9,31.9,40.9,False,False
97143,720575940630146103,M_vPNml83,central,left,40.0,38.6,30.0,40.9,False,False
96739,720575940630057728,CB0650,central,left,40.0,41.4,31.9,45.5,False,False
3890,720575940606806473,CL080,central,left,40.0,41.4,29.4,36.4,False,False
97095,720575940630135084,DNge053,descending,right,40.0,35.7,25.6,31.8,False,False
12396,720575940611845034,ORN_DC1,sensory,right,40.0,41.4,31.9,40.9,False,False
119744,720575940636168414,KCab,central,right,40.0,42.9,30.6,40.9,False,False
71476,720575940625442795,SLP286,central,left,40.0,38.6,31.2,40.9,False,False
50551,720575940621659563,TRN_VP3a,sensory,right,40.0,40.0,31.2,40.9,False,False
12267,720575940611802330,KCab,central,right,40.0,41.4,31.9,40.9,False,False
102001,720575940631056184,CB2632,central,right,40.0,40.0,31.2,40.9,False,False
117894,720575940635465317,ORN_VL1,sensory,left,40.0,41.4,31.9,40.9,False,False
52602,720575940622026334,CB1241,central,left,40.0,41.4,31.2,40.9,False,False
12921,720575940612040910,SLP256,central,left,40.0,44.3,32.5,45.5,False,False
12797,720575940611990738,ORN_DM4,sensory,left,40.0,0.0,0.0,0.0,True,False
117521,720575940635304116,ORN_VL1,sensory,right,40.0,42.9,31.2,45.5,False,False
103220,720575940631282194,DNg104,descending,left,40.0,44.3,32.5,45.5,False,False
93892,720575940629499330,KCg-m,central,left,40.0,41.4,31.9,40.9,False,False
93561,720575940629439238,CB2552,central,right,40.0,35.7,26.9,36.4,False,False
137283,720575940652822945,KCab,central,right,40.0,42.9,31.9,40.9,False,False
1550,720575940605305777,CB3202,central,right,40.0,41.4,31.2,40.9,False,False
52496,720575940622006506,KCab,central,left,40.0,41.4,30.6,45.5,False,False
53870,720575940622228173,CB2428,central,left,40.0,42.9,31.9,45.5,False,False
54571,720575940622348424,KCg-m,central,right,40.0,42.9,32.5,45.5,False,False
54489,720575940622334902,ATL043,central,left,40.0,42.9,31.9,40.9,False,False
117257,720575940635211768,CB0626,central,left,40.0,42.9,30.6,40.9,False,False
117059,720575940635153515,SLP313,central,left,40.0,42.9,32.5,40.9,False,False
116067,720575940634790648,PLP060,central,right,40.0,45.7,32.5,40.9,False,False
105411,720575940631741983,ORN_VM1,sensory,left,40.0,41.4,31.2,40.9,False,False
100988,720575940630870871,CB1644,central,right,40.0,41.4,30.6,40.9,False,False
120707,720575940636612207,PLP187,central,right,40.0,41.4,30.6,40.9,False,False
120505,720575940636533574,CB2261,central,left,40.0,42.9,32.5,40.9,False,False
88522,720575940628481512,LHAV3q1,central,right,40.0,42.9,29.4,40.9,False,False
26646,720575940616256059,ORN_DL5,sensory,left,40.0,41.4,31.2,40.9,False,False
66009,720575940624366323,ORN_VL2p,sensory,right,40.0,42.9,32.5,45.5,False,False
90630,720575940628862507,LHAD1d2,central,left,40.0,41.4,31.2,40.9,False,False
66031,720575940624369968,ORN_VC2,sensory,left,40.0,42.9,31.9,40.9,False,False
65822,720575940624335851,CB3288,central,left,40.0,40.0,31.2,40.9,False,False
66074,720575940624377358,SLP281,central,right,40.0,40.0,30.0,40.9,False,False
66113,720575940624383928,"PLP084,PLP085",central,left,40.0,40.0,30.6,40.9,False,False
45587,720575940620802230,ORN_VM7d,sensory,right,40.0,41.4,31.9,40.9,False,False
104223,720575940631487652,ORN_VL1,sensory,right,40.0,41.4,30.6,40.9,False,False
68834,720575940624918972,LHPV2i2b,central,left,40.0,38.6,30.0,36.4,False,False
44048,720575940620550705,ALON3,central,right,40.0,41.4,30.6,40.9,False,False
123763,720575940637982552,PLP028,central,right,40.0,41.4,30.6,45.5,False,False
44867,720575940620684156,KCg-m,central,right,40.0,40.0,30.0,36.4,False,False
67467,720575940624664556,LHAV2o1,central,left,40.0,40.0,30.0,40.9,False,False
75334,720575940626202237,ORN_DM4,sensory,right,40.0,0.0,0.0,0.0,True,False
75237,720575940626179940,AOTU065,central,left,40.0,40.0,30.6,45.5,False,False
10192,720575940610945558,KCg-m,central,right,40.0,41.4,30.6,40.9,False,False
25028,720575940615794619,ORN_DA4l,sensory,left,40.0,41.4,30.6,40.9,False,False
120999,720575940636753118,ORN_DA4m,sensory,left,40.0,41.4,31.9,40.9,False,False
120047,720575940636318350,CB1357,central,right,40.0,44.3,33.1,45.5,False,False
11838,720575940611637418,ORN_DM3,sensory,left,40.0,42.9,31.2,40.9,False,False
31971,720575940617712438,ORN_VM2,sensory,right,40.0,41.4,30.6,40.9,False,False
24887,720575940615747259,ORN_DM2,sensory,left,40.0,0.0,0.0,0.0,True,False
74364,720575940626003130,LHCENT8,central,left,40.0,40.0,28.7,40.9,False,False
33303,720575940618038301,LHPD3a2,central,right,40.0,44.3,31.9,40.9,False,False
120929,720575940636716718,CB3507,central,right,40.0,41.4,30.6,40.9,False,False
32186,720575940617766228,KCg-m,central,right,40.0,41.4,31.2,45.5,False,False
49944,720575940621567472,KCab,central,right,40.0,42.9,31.2,40.9,False,False
93037,720575940629337191,LHAV5a2_a2,central,right,40.0,34.3,25.0,31.8,False,False
4416,720575940607233458,CB3108,central,right,40.0,40.0,31.9,40.9,False,False
18563,720575940613808638,PLP015,central,left,40.0,42.9,30.6,36.4,False,False
21221,720575940614691690,ORN_DM4,sensory,left,40.0,0.0,0.0,0.0,True,False
49175,720575940621426300,ATL031,central,left,40.0,41.4,29.4,40.9,False,False
98062,720575940630317942,LHPV5b4,central,left,40.0,41.4,32.5,45.5,False,False
98153,720575940630339403,LHAD1a2,central,left,40.0,41.4,30.6,45.5,False,False
47313,720575940621100117,ORN_DM4,sensory,left,40.0,0.0,0.0,0.0,True,False
97823,720575940630274678,CB0952,central,right,40.0,41.4,31.9,40.9,False,False
63478,720575940623947500,KCg-m,central,right,40.0,41.4,31.2,40.9,False,False
31109,720575940617497925,KCab,central,left,40.0,44.3,32.5,45.5,False,False
104158,720575940631474316,ORN_DM4,sensory,right,40.0,0.0,0.0,0.0,True,False
59376,720575940623196819,CB2048,central,right,40.0,40.0,31.2,40.9,False,False
38524,720575940619280110,ORN_DM4,sensory,left,40.0,0.0,0.0,0.0,True,False
85739,720575940628012332,KCab,central,right,40.0,35.7,26.9,36.4,False,False
21619,720575940614791018,CB3248,central,right,40.0,42.9,31.9,40.9,False,False
17761,720575940613552947,AVLP533,central,left,40.0,41.4,31.2,40.9,False,False
40004,720575940619689350,ORN_VM4,sensory,right,40.0,40.0,31.2,40.9,False,False
60863,720575940623455239,CB0527,central,left,40.0,40.0,31.9,40.9,False,False
27071,720575940616376891,LHAD2c3b,central,right,40.0,42.9,32.5,40.9,False,False
97335,720575940630180935,KCapbp-m,central,right,40.0,41.4,30.6,40.9,False,False
61638,720575940623594378,SLP438,central,right,40.0,40.0,30.6,40.9,False,False
6110,720575940608527299,KCab,central,left,40.0,42.9,31.2,40.9,False,False
48756,720575940621357147,KCg-m,central,right,40.0,42.9,33.1,45.5,False,False
28946,720575940616913822,KCg-m,central,right,40.0,41.4,31.2,40.9,False,False
55743,720575940622567659,M_lvPNm41,central,right,40.0,40.0,31.2,40.9,False,False
61376,720575940623540477,CB1824,central,left,40.0,41.4,31.2,40.9,False,False
48835,720575940621370484,LHPV2a1_a,central,right,40.0,41.4,31.2,45.5,False,False
137431,720575940653339041,KCg-m,central,right,40.0,42.9,31.2,45.5,False,False
19958,720575940614311079,KCapbp-m,central,left,40.0,40.0,28.7,36.4,False,False
108926,720575940632536780,KCg-m,central,right,40.0,41.4,31.2,45.5,False,False
37258,720575940618963950,KCab,central,left,40.0,42.9,31.2,40.9,False,False
19306,720575940614105342,ORN_DM4,sensory,right,40.0,0.0,0.0,0.0,True,False
84037,720575940627722826,LHPV5b3,central,right,40.0,41.4,30.6,40.9,False,False
94492,720575940629621975,KCab,central,left,40.0,42.9,31.9,45.5,False,False
94853,720575940629702905,LAL170,central,right,40.0,41.4,30.6,40.9,False,False
96233,720575940629962044,PLP064_b,central,left,38.6,38.6,29.4,36.4,False,False
41457,720575940620015201,ORN_DM4,sensory,right,38.6,0.0,0.0,0.0,True,False
2599,720575940605993649,LHAD1d2,central,left,38.6,41.4,31.2,40.9,False,False
28105,720575940616675638,KCab,central,right,38.6,37.1,27.5,36.4,False,False
135197,720575940646488430,SLP391,central,left,38.6,40.0,30.6,40.9,False,False
112920,720575940633583712,SMP353,central,right,38.6,42.9,31.2,40.9,False,False
76683,720575940626482521,LHAD1d2,central,right,38.6,40.0,29.4,40.9,False,False
85759,720575940628016387,LAL042,central,left,38.6,44.3,30.6,45.5,False,False
57208,720575940622828056,SMP181,central,right,38.6,37.1,27.5,40.9,False,False
117724,720575940635385440,LT86,visual_projection,right,38.6,34.3,27.5,40.9,False,False
57700,720575940622925715,CB4220,central,right,38.6,38.6,29.4,40.9,False,False
71531,720575940625451920,KCg-m,central,right,38.6,41.4,30.0,40.9,False,False
119593,720575940636110222,CB3007,central,left,38.6,40.0,29.4,40.9,False,False
58242,720575940623015245,SLP157,central,left,38.6,40.0,29.4,36.4,False,False
12059,720575940611722961,CB1357,central,right,38.6,41.4,30.0,36.4,False,False
132914,720575940644184087,AVLP593,central,left,38.6,40.0,29.4,40.9,False,False
71715,720575940625489160,DNge150,descending,center,38.6,38.6,30.0,36.4,False,False
23110,720575940615225907,CB3424,central,left,38.6,40.0,30.0,36.4,False,False
2068,720575940605686886,ORN_DA1,sensory,right,38.6,40.0,28.7,36.4,False,False
36644,720575940618806101,ORN_VA6,sensory,right,38.6,40.0,29.4,40.9,False,False
107591,720575940632258468,ORN_VL1,sensory,right,38.6,40.0,30.0,40.9,False,False
49675,720575940621518218,KCab,central,right,38.6,41.4,30.0,40.9,False,False
76543,720575940626450265,CB3208,central,left,38.6,41.4,30.6,40.9,False,False
91305,720575940628989562,ORN_VL1,sensory,right,38.6,40.0,30.6,40.9,False,False
62323,720575940623735310,KCab,central,left,38.6,41.4,30.6,40.9,False,False
126474,720575940639153752,PS160,central,right,38.6,37.1,30.0,40.9,False,False
86139,720575940628080369,LHAV7a4a,central,right,38.6,42.9,31.9,40.9,False,False
33994,720575940618182535,KCab,central,right,38.6,37.1,26.9,31.8,False,False
77066,720575940626560857,KCab,central,right,38.6,37.1,26.9,36.4,False,False
128569,720575940640093056,LHAV2g1b,central,left,38.6,40.0,31.2,40.9,False,False
92277,720575940629174012,FB6V,central,left,38.6,38.6,31.2,40.9,False,False
26319,720575940616155933,CB2063,central,right,38.6,41.4,30.6,36.4,False,False
58516,720575940623059347,ORN_DM3,sensory,right,38.6,41.4,30.6,40.9,False,False
60796,720575940623444604,PS037,central,right,38.6,37.1,28.7,36.4,False,False
127998,720575940639836624,ORN_VA7m,sensory,right,38.6,40.0,30.0,40.9,False,False
127527,720575940639638086,VES001,central,right,38.6,40.0,32.5,40.9,False,False
91689,720575940629060986,LHAV4l1,central,right,38.6,35.7,26.9,36.4,False,False
51819,720575940621871228,CB2881,central,right,38.6,40.0,30.0,40.9,False,False
98193,720575940630346860,DNp54,descending,left,38.6,38.6,30.6,40.9,False,False
108447,720575940632429732,CB3016,central,left,38.6,41.4,30.0,40.9,False,False
108607,720575940632464146,SMP175,central,left,38.6,38.6,30.0,40.9,False,False
83755,720575940627675535,ORN_DC3,sensory,right,38.6,40.0,30.0,40.9,False,False
72618,720575940625676012,SIP076,central,left,38.6,38.6,30.0,36.4,False,False
105781,720575940631842956,KCg-m,central,right,38.6,40.0,30.6,40.9,False,False
81587,720575940627293194,SLP248,central,left,38.6,38.6,28.1,36.4,False,False
36784,720575940618845504,ORN_VL1,sensory,right,38.6,40.0,30.0,40.9,False,False
107964,720575940632344290,PAM05,central,right,38.6,40.0,29.4,40.9,False,False
72967,720575940625743204,CB2267_a,central,right,38.6,40.0,30.0,40.9,False,False
137609,720575940654194337,ORN_DM2,sensory,right,38.6,0.0,0.0,0.0,True,False
28018,720575940616647483,DNp19,descending,left,38.6,41.4,31.2,40.9,False,False
137730,720575940654927777,"WEDPN6B, WEDPN6C",central,left,38.6,40.0,29.4,40.9,False,False
117169,720575940635184485,ORN_DM2,sensory,right,38.6,0.0,0.0,0.0,True,False
67568,720575940624684531,LHAV3p1,central,left,38.6,40.0,28.7,36.4,False,False
81146,720575940627223614,LHPV2g1,central,left,38.6,41.4,30.0,36.4,False,False
106395,720575940631978956,CB2471,central,right,38.6,40.0,30.0,40.9,False,False
132034,720575940643002528,ORN_DM4,sensory,right,38.6,0.0,0.0,0.0,True,False
74757,720575940626082404,KCg-m,central,right,38.6,41.4,31.2,40.9,False,False
69075,720575940624960522,M_vPNml75,central,right,38.6,40.0,29.4,40.9,False,False
74021,720575940625943838,CB2245,central,left,38.6,41.4,30.6,40.9,False,False
68473,720575940624859032,KCg-m,central,right,38.6,40.0,31.2,40.9,False,False
122104,720575940637264617,SLP248,central,right,38.6,38.6,30.0,45.5,False,False
45802,720575940620841825,CB2342,central,right,38.6,38.6,30.6,40.9,False,False
124807,720575940638445894,KCg-m,central,right,38.6,38.6,29.4,40.9,False,False
65965,720575940624359828,CB3735,central,left,38.6,41.4,30.0,40.9,False,False
8182,720575940609873358,KCg-m,central,right,38.6,35.7,26.2,36.4,False,False
31543,720575940617612518,LHAV3e2,central,left,38.6,38.6,28.7,40.9,False,False
86802,720575940628198759,ORN_DM6,sensory,left,38.6,40.0,30.6,40.9,False,False
75726,720575940626289021,CB0865,central,left,38.6,38.6,30.6,40.9,False,False
15664,720575940612914546,LHPV2a4,central,left,38.6,38.6,28.7,36.4,False,False
90746,720575940628885591,KCab,central,right,38.6,41.4,30.0,40.9,False,False
59387,720575940623199070,FB1C,central,right,38.6,40.0,30.0,40.9,False,False
29659,720575940617102173,CB2524,central,right,38.6,40.0,28.7,40.9,False,False
7088,720575940609237187,mAL6,central,left,38.6,40.0,29.4,40.9,False,False
105055,720575940631661337,CB1200,central,left,38.6,41.4,31.2,40.9,False,False
7879,720575940609708100,KCg-m,central,left,38.6,41.4,30.6,40.9,False,False
111036,720575940633043295,KCab,central,right,38.6,38.6,30.0,40.9,False,False
110111,720575940632804543,KCab,central,right,38.6,35.7,28.1,36.4,False,False
12003,720575940611696370,ORN_DM2,sensory,left,38.6,0.0,0.0,0.0,True,False
99116,720575940630536441,PAM12,central,right,38.6,41.4,30.6,40.9,False,False
69642,720575940625051725,SMP589,central,right,38.6,41.4,30.6,40.9,False,False
43093,720575940620354241,KCg-m,central,right,38.6,40.0,31.2,40.9,False,False
101932,720575940631041071,ORN_DL1,sensory,right,38.6,40.0,30.0,40.9,False,False
43052,720575940620346795,FB1G,central,left,38.6,40.0,30.0,40.9,False,False
101610,720575940630983186,KCab,central,left,38.6,40.0,31.9,40.9,False,False
30712,720575940617395412,KCg-m,central,right,38.6,40.0,30.6,40.9,False,False
100404,720575940630760771,LAL150a,central,left,38.6,41.4,30.6,40.9,False,False
122389,720575940637387098,ORN_VL1,sensory,right,38.6,40.0,30.0,40.9,False,False
89647,720575940628690423,ORN_DL2d,sensory,right,38.6,40.0,30.6,40.9,False,False
68981,720575940624942855,SMP208,central,right,38.6,38.6,29.4,40.9,False,False
90433,720575940628823299,CB2378,central,right,38.6,41.4,30.6,40.9,False,False
109449,720575940632662611,CB2524,central,right,38.6,40.0,28.1,40.9,False,False
84352,720575940627777265,ORN_DA1,sensory,left,38.6,40.0,30.0,40.9,False,False
80563,720575940627144394,LHPV5b2,central,left,38.6,40.0,29.4,36.4,False,False
109933,720575940632765388,ORN_DA1,sensory,left,38.6,41.4,30.6,40.9,False,False
79696,720575940627008954,CB2357,central,right,38.6,40.0,30.6,40.9,False,False
59541,720575940623225513,CB1500,central,right,38.6,41.4,31.9,40.9,False,False
35576,720575940618547280,KCab,central,right,38.6,41.4,30.0,40.9,False,False
49383,720575940621462797,KCg-m,central,right,38.6,38.6,30.0,36.4,False,False
44001,720575940620541099,DNge054,descending,left,38.6,41.4,30.0,40.9,False,False
9100,720575940610403448,CB2802,central,left,38.6,38.6,30.0,40.9,False,False
44639,720575940620649084,KCapbp-ap2,central,right,38.6,41.4,30.6,40.9,False,False
86016,720575940628060934,KCg-m,central,right,37.1,40.0,29.4,36.4,False,False
104063,720575940631453922,KCab,central,right,37.1,37.1,28.7,40.9,False,False
5565,720575940608144732,CB0677,central,right,37.1,37.1,28.1,36.4,False,False
49011,720575940621398366,ORN_DM4,sensory,right,37.1,0.0,0.0,0.0,True,False
16613,720575940613189785,PLP051,central,right,37.1,38.6,25.6,40.9,False,False
21804,720575940614842262,HRN_VP5,sensory,right,37.1,38.6,29.4,40.9,False,False
15754,720575940612935317,WED182,central,right,37.1,40.0,29.4,40.9,False,False
97826,720575940630275269,VP3+_l2PN,central,right,37.1,40.0,30.0,40.9,False,False
5607,720575940608168028,PAM12,central,left,37.1,38.6,29.4,40.9,False,False
127718,720575940639718453,IB020,central,right,37.1,37.1,28.7,36.4,False,False
63047,720575940623877475,aMe17a2,visual_centrifugal,left,37.1,37.1,27.5,36.4,False,False
26488,720575940616203067,ORN_DM2,sensory,right,37.1,0.0,0.0,0.0,True,False
126857,720575940639322752,FB5J,central,right,37.1,40.0,30.6,40.9,False,False
130831,720575940641535117,CL064,central,left,37.1,34.3,26.2,40.9,False,False
132697,720575940643941832,SLP130,central,left,37.1,38.6,28.1,36.4,False,False
58573,720575940623067942,KCg-m,central,right,37.1,37.1,27.5,36.4,False,False
28831,720575940616886228,ORN_DM2,sensory,right,37.1,0.0,0.0,0.0,True,False
28734,720575940616858086,ORN_VM4,sensory,right,37.1,38.6,28.7,36.4,False,False
737,720575940604552894,ORN_VL1,sensory,left,37.1,38.6,30.0,40.9,False,False
56395,720575940622685367,ORN_DM2,sensory,left,37.1,0.0,0.0,0.0,True,False
117789,720575940635416431,LHPV5e2,central,left,37.1,38.6,28.7,36.4,False,False
103865,720575940631413585,ORN_VL2a,sensory,left,37.1,38.6,30.0,40.9,False,False
138295,720575940660093313,LHPV6d1,central,left,37.1,40.0,29.4,36.4,False,False
875,720575940604714208,LHAD1d2,central,left,37.1,40.0,29.4,40.9,False,False
28199,720575940616709593,CRE019,central,right,37.1,38.6,30.0,40.9,False,False
28123,720575940616682875,M_vPNml84,central,left,37.1,40.0,30.0,40.9,False,False
1816,720575940605520062,CB2129,central,left,37.1,38.6,30.0,40.9,False,False
104786,720575940631604024,CB1737,central,left,37.1,38.6,28.7,36.4,False,False
38995,720575940619420838,LHAD1d2,central,right,37.1,40.0,28.7,36.4,False,False
129416,720575940640468725,KCapbp-m,central,left,37.1,38.6,30.0,40.9,False,False
49049,720575940621403844,KCg-m,central,right,37.1,38.6,29.4,40.9,False,False
20178,720575940614376615,SMP568,central,right,37.1,38.6,26.2,36.4,False,False
33092,720575940617989417,ORN_V,sensory,left,37.1,40.0,28.7,36.4,False,False
71721,720575940625489808,CB1621,central,left,37.1,38.6,30.0,40.9,False,False
20090,720575940614348394,KCg-m,central,right,37.1,38.6,28.1,36.4,False,False
19991,720575940614318482,KCg-m,central,right,37.1,35.7,27.5,36.4,False,False
36539,720575940618775943,PAM12,central,left,37.1,40.0,29.4,40.9,False,False
106886,720575940632081036,LHAV4e4,central,left,37.1,38.6,28.7,40.9,False,False
676,720575940604470240,CB0626,central,right,37.1,38.6,28.1,36.4,False,False
102264,720575940631103744,SMP108,central,left,37.1,38.6,26.9,36.4,False,False
58311,720575940623026357,ORN_DL4,sensory,right,37.1,38.6,30.0,40.9,False,False
117896,720575940635465396,M_vPNml69,central,right,37.1,40.0,28.7,36.4,False,False
58735,720575940623095276,KCab,central,left,37.1,40.0,29.4,36.4,False,False
132879,720575940644150819,CB1577,central,right,37.1,38.6,28.7,36.4,False,False
132394,720575940643547296,KCg-m,central,right,37.1,35.7,27.5,36.4,False,False
97144,720575940630146135,KCg-m,central,right,37.1,40.0,30.0,40.9,False,False
11903,720575940611660714,KCab,central,right,37.1,37.1,28.7,36.4,False,False
70049,720575940625128067,PAM12,central,left,37.1,38.6,28.1,36.4,False,False
46713,720575940620993718,ORN_VA1v,sensory,left,37.1,38.6,28.7,36.4,False,False
104289,720575940631502392,CB3133,central,right,37.1,38.6,28.7,36.4,False,False
8477,720575940610051733,FB4O,central,right,37.1,38.6,30.0,40.9,False,False
75084,720575940626147971,ORN_DM2,sensory,right,37.1,0.0,0.0,0.0,True,False
113969,720575940633915327,ORN_VL2p,sensory,right,37.1,38.6,28.1,36.4,False,False
40295,720575940619754699,SIP090,central,right,37.1,38.6,27.5,40.9,False,False
104374,720575940631518776,PLP141,central,right,37.1,34.3,28.1,40.9,False,False
86517,720575940628142352,CB2908,central,right,37.1,38.6,28.1,36.4,False,False
101223,720575940630914511,LHPV6k1,central,right,37.1,40.0,28.1,36.4,False,False
100913,720575940630852439,CL003,central,left,37.1,35.7,28.1,36.4,False,False
74186,720575940625970471,MTe47,visual_projection,left,37.1,37.1,30.6,36.4,False,False
115829,720575940634695263,LHAV2b2a,central,right,37.1,35.7,26.9,40.9,False,False
115158,720575940634414231,ORN_DA4m,sensory,left,37.1,37.1,28.7,36.4,False,False
14964,720575940612704802,ORN_V,sensory,left,37.1,38.6,28.7,36.4,False,False
103924,720575940631425235,KCab,central,right,37.1,38.6,28.7,40.9,False,False
115316,720575940634480820,LAL031,central,right,37.1,38.6,28.7,40.9,False,False
121794,720575940637114334,PAM05,central,left,37.1,38.6,28.7,36.4,False,False
43572,720575940620459702,HRN_VP5,sensory,left,37.1,40.0,28.7,36.4,False,False
11222,720575940611403730,ATL030,central,left,37.1,40.0,30.0,40.9,False,False
120425,720575940636504165,CB2744,central,left,37.1,37.1,26.9,36.4,False,False
11185,720575940611390742,KCab,central,left,37.1,38.6,30.0,40.9,False,False
71144,720575940625376329,SLP286,central,right,37.1,38.6,28.7,36.4,False,False
71772,720575940625498512,CRE069,central,left,37.1,35.7,26.9,36.4,False,False
118991,720575940635859354,IB008,central,left,37.1,37.1,30.0,36.4,False,False
38849,720575940619376577,FB4O,central,right,37.1,38.6,29.4,40.9,False,False
64993,720575940624198181,CB3281,central,left,37.1,40.0,30.0,40.9,False,False
43244,720575940620390822,PAM03,central,right,37.1,38.6,28.7,40.9,False,False
11046,720575940611331251,CB2334,central,left,37.1,40.0,30.0,40.9,False,False
21135,720575940614671978,LHAD1a2,central,right,37.1,34.3,26.2,31.8,False,False
84601,720575940627818633,SLP383,central,right,37.1,38.6,28.1,40.9,False,False
125541,720575940638764403,PLP251,central,right,37.1,38.6,25.6,36.4,False,False
8014,720575940609777198,SLP305,central,right,37.1,40.0,29.4,36.4,False,False
119313,720575940635978126,CB3121,central,right,37.1,38.6,28.7,36.4,False,False
71072,720575940625360784,ORN_DM2,sensory,left,37.1,0.0,0.0,0.0,True,False
75329,720575940626201372,AVLP029,central,left,37.1,38.6,28.1,40.9,False,False
66381,720575940624434323,VES005,central,right,37.1,35.7,26.9,36.4,False,False
89738,720575940628709019,CB0595,central,left,37.1,40.0,28.7,36.4,False,False
122301,720575940637345845,CB2934,central,right,37.1,34.3,25.6,31.8,False,False
100227,720575940630731595,CB1320,central,right,37.1,37.1,28.7,36.4,False,False
66852,720575940624534972,VES075,central,right,37.1,34.3,26.2,36.4,False,False
18907,720575940613944785,ORN_VL1,sensory,right,37.1,38.6,28.7,36.4,False,False
122861,720575940637596126,LHPD3a5,central,left,37.1,40.0,29.4,40.9,False,False
10531,720575940611094478,WED015,central,left,37.1,37.1,29.4,40.9,False,False
22146,720575940614957023,CB1361,central,left,37.1,40.0,29.4,40.9,False,False
30249,720575940617280985,AVLP017,central,left,37.1,37.1,30.0,40.9,False,False
18504,720575940613791399,l2LN22,central,right,37.1,37.1,28.1,36.4,False,False
68978,720575940624942264,CB2482,central,right,37.1,32.9,23.8,31.8,False,False
44058,720575940620551901,KCg-m,central,right,37.1,38.6,28.7,40.9,False,False
55367,720575940622491632,vLN26,central,left,37.1,38.6,30.0,40.9,False,False
53940,720575940622241160,CRE087,central,right,37.1,40.0,30.0,36.4,False,False
72565,720575940625666964,CRE105,central,right,37.1,40.0,30.0,40.9,False,False
116478,720575940634954164,KCg-m,central,right,37.1,38.6,28.7,36.4,False,False
13665,720575940612306138,ORN_VA1d,sensory,right,37.1,37.1,29.4,40.9,False,False
116467,720575940634951007,KCg-m,central,right,37.1,37.1,28.1,36.4,False,False
88039,720575940628398295,KCg-m,central,right,37.1,35.7,25.6,31.8,False,False
102702,720575940631186432,LHAV1a3,central,left,37.1,38.6,28.1,40.9,False,False
75550,720575940626251778,KCab,central,right,37.1,40.0,30.0,40.9,False,False
138229,720575940659773313,LHAD3g1,central,right,37.1,38.6,29.4,40.9,False,False
109105,720575940632584787,KCg-m,central,right,37.1,40.0,29.4,40.9,False,False
107931,720575940632335953,ORN_VL1,sensory,left,37.1,37.1,28.7,36.4,False,False
94991,720575940629730263,KCg-m,central,right,37.1,38.6,28.1,36.4,False,False
94935,720575940629719422,CB0948,central,left,37.1,38.6,28.7,36.4,False,False
19628,720575940614212263,PLP073,central,right,37.1,35.7,27.5,36.4,False,False
36647,720575940618807454,CL053,central,right,37.1,34.3,26.2,40.9,False,False
82004,720575940627357457,PAL01,central,right,35.7,34.3,25.0,36.4,False,False
36960,720575940618888246,CB2796,central,right,35.7,38.6,30.0,36.4,False,False
72453,720575940625649214,FB1G,central,right,35.7,38.6,27.5,40.9,False,False
72703,720575940625691372,CB0690,central,right,35.7,37.1,25.6,36.4,False,False
108942,720575940632541523,PAM02,central,left,35.7,38.6,28.7,36.4,False,False
19128,720575940614036019,KCg-m,central,right,35.7,37.1,29.4,40.9,False,False
137884,720575940655587489,DNp73,descending,left,35.7,38.6,28.1,36.4,False,False
103387,720575940631311660,SMP010,central,left,35.7,37.1,29.4,40.9,False,False
28011,720575940616643924,PAM12,central,right,35.7,38.6,28.7,40.9,False,False
13117,720575940612107762,FB5N,central,right,35.7,38.6,31.2,40.9,False,False
72857,720575940625720890,ORN_VL2a,sensory,right,35.7,35.7,28.1,36.4,False,False
41549,720575940620031366,CB0853,central,left,35.7,35.7,26.9,36.4,False,False
14068,720575940612430821,CB3869,central,right,35.7,37.1,28.7,36.4,False,False
73503,720575940625843075,KCg-m,central,right,35.7,35.7,28.1,36.4,False,False
87044,720575940628238473,CB1305,central,left,35.7,35.7,26.9,36.4,False,False
90587,720575940628853118,LHAD3a8,central,left,35.7,38.6,28.1,40.9,False,False
124353,720575940638228643,KCg-m,central,right,35.7,38.6,28.1,40.9,False,False
15124,720575940612754582,KCg-m,central,right,35.7,37.1,28.7,36.4,False,False
34135,720575940618209585,CL315,central,left,35.7,37.1,28.1,36.4,False,False
8571,720575940610108002,ORN_DM4,sensory,left,35.7,0.0,0.0,0.0,True,False
1629,720575940605376800,CB1246,central,right,35.7,38.6,28.1,36.4,False,False
55624,720575940622540713,ORN_DM3,sensory,left,35.7,37.1,27.5,36.4,False,False
31384,720575940617570008,CB3393,central,right,35.7,37.1,28.1,36.4,False,False
68174,720575940624800188,KCab,central,right,35.7,38.6,28.7,40.9,False,False
24559,720575940615659381,ORN_DM4,sensory,right,35.7,0.0,0.0,0.0,True,False
68592,720575940624878992,ORN_VL2p,sensory,right,35.7,37.1,28.1,36.4,False,False
24946,720575940615763573,SMP116,central,left,35.7,35.7,21.2,22.7,False,False
90278,720575940628800060,LHAV2g2_b,central,right,35.7,37.1,28.7,36.4,False,False
138238,720575940659832705,CB2424,central,left,35.7,35.7,27.5,36.4,False,False
122229,720575940637315418,KCab,central,right,35.7,35.7,26.2,36.4,False,False
80081,720575940627068772,cL22c,visual_centrifugal,left,35.7,38.6,25.0,36.4,False,False
131769,720575940642617544,LAL147c,central,right,35.7,35.7,25.6,36.4,False,False
44217,720575940620577217,ORN_DM2,sensory,left,35.7,0.0,0.0,0.0,True,False
93272,720575940629384953,ORN_DM2,sensory,right,35.7,0.0,0.0,0.0,True,False
89828,720575940628725071,SMP190,central,left,35.7,37.1,30.6,40.9,False,False
105393,720575940631737593,CL100,central,right,35.7,37.1,26.9,36.4,False,False
124516,720575940638300093,HRN_VP5,sensory,left,35.7,37.1,28.1,36.4,False,False
124790,720575940638436405,KCab,central,left,35.7,40.0,28.7,40.9,False,False
77165,720575940626579075,LHAV9a1_a,central,right,35.7,38.6,27.5,31.8,False,False
77234,720575940626589053,ORN_DL5,sensory,right,35.7,37.1,28.1,36.4,False,False
112599,720575940633488153,DNpe003,descending,right,35.7,34.3,29.4,40.9,False,False
12790,720575940611988197,CB0117,central,left,35.7,37.1,27.5,36.4,False,False
118745,720575940635754431,AVLP031,central,left,35.7,38.6,27.5,40.9,False,False
39689,720575940619620278,LAL151,central,left,35.7,38.6,27.5,36.4,False,False
85974,720575940628054839,KCab,central,right,35.7,35.7,27.5,36.4,False,False
52268,720575940621957267,KCg-m,central,left,35.7,38.6,28.7,36.4,False,False
3445,720575940606573490,CRE023,central,right,35.7,32.9,26.2,27.3,False,False
56372,720575940622681889,cM11,visual_centrifugal,left,35.7,37.1,28.1,36.4,False,False
43121,720575940620358336,CB1218,central,right,35.7,38.6,27.5,36.4,False,False
120025,720575940636309093,PAM01,central,right,35.7,37.1,28.7,36.4,False,False
119029,720575940635870831,SMP026,central,left,35.7,32.9,26.9,31.8,False,False
88331,720575940628446010,CB0021,central,right,35.7,38.6,28.1,36.4,False,False
71757,720575940625495298,ORN_VM3,sensory,left,35.7,37.1,28.7,40.9,False,False
101230,720575940630915748,ORN_DM6,sensory,left,35.7,37.1,27.5,36.4,False,False
7694,720575940609586645,ORN_DM2,sensory,left,35.7,0.0,0.0,0.0,True,False
64280,720575940624083484,VP1l+_lvPN,central,right,35.7,37.1,28.1,36.4,False,False
86153,720575940628082053,LT42,visual_centrifugal,right,35.7,37.1,27.5,36.4,False,False
86017,720575940628060983,KCab,central,right,35.7,34.3,26.2,36.4,False,False
126445,720575940639143256,CRE020,central,left,35.7,37.1,28.1,36.4,False,False
6891,720575940609104579,KCab,central,right,35.7,37.1,28.1,36.4,False,False
101747,720575940631003723,ORN_DM4,sensory,right,35.7,0.0,0.0,0.0,True,False
120238,720575940636401776,M_vPNml60,central,right,35.7,35.7,27.5,36.4,False,False
65010,720575940624200974,CB3383,central,left,35.7,37.1,28.1,36.4,False,False
10784,720575940611208818,ORN_VM7d,sensory,left,35.7,37.1,27.5,36.4,False,False
79230,720575940626930947,KCab,central,right,35.7,37.1,26.9,36.4,False,False
96682,720575940630046524,SMP010,central,right,35.7,37.1,28.1,40.9,False,False
111844,720575940633253346,LHPV5c1,central,left,35.7,37.1,27.5,36.4,False,False
18436,720575940613772194,LHPV5d1,central,left,35.7,37.1,27.5,36.4,False,False
110250,720575940632832301,CB1003,central,right,35.7,37.1,26.9,36.4,False,False
38867,720575940619382875,KCg-m,central,right,35.7,37.1,28.1,36.4,False,False
32252,720575940617787649,CB0609,central,left,35.7,35.7,26.9,40.9,False,False
32284,720575940617796642,ATL006,central,right,35.7,32.9,26.2,45.5,False,False
121412,720575940636938212,FB2B,central,left,35.7,35.7,27.5,36.4,False,False
121205,720575940636851824,KCab,central,left,35.7,37.1,29.4,36.4,False,False
120740,720575940636627960,CB1437,central,left,35.7,37.1,27.5,36.4,False,False
14538,720575940612572670,KCab,central,right,35.7,37.1,27.5,36.4,False,False
115859,720575940634706035,ORN_DM3,sensory,right,35.7,38.6,28.1,40.9,False,False
15182,720575940612770418,KCg-m,central,right,35.7,37.1,28.1,36.4,False,False
95858,720575940629899820,KCapbp-ap1,central,left,35.7,37.1,28.1,36.4,False,False
95809,720575940629888599,ORN_DL4,sensory,right,35.7,37.1,28.7,36.4,False,False
133684,720575940644902179,ORN_VM7d,sensory,left,35.7,37.1,28.7,36.4,False,False
20303,720575940614412946,KCab,central,left,35.7,37.1,27.5,36.4,False,False
72019,720575940625551716,SLPpm3_P03,central,left,35.7,37.1,27.5,36.4,False,False
96874,720575940630089031,FB5B,central,right,35.7,37.1,28.1,36.4,False,False
128838,720575940640205520,PLP156,central,left,35.7,37.1,28.1,36.4,False,False
98313,720575940630374987,LHPV5d1,central,left,35.7,37.1,26.9,36.4,False,False
51980,720575940621902301,PS002,central,left,35.7,35.7,28.1,40.9,False,False
93639,720575940629457452,CB1434,central,right,35.7,37.1,28.1,36.4,False,False
27607,720575940616534201,ORN_VM3,sensory,left,35.7,37.1,28.1,36.4,False,False
133250,720575940644545060,CB1413,central,right,35.7,34.3,24.4,31.8,False,False
52680,720575940622039551,ORN_DM2,sensory,left,35.7,0.0,0.0,0.0,True,False
3078,720575940606319794,ATL009,central,right,35.7,37.1,27.5,40.9,False,False
3140,720575940606373321,SMP250,central,right,35.7,35.7,26.2,31.8,False,False
118,720575940603084972,KCab,central,right,35.7,38.6,29.4,36.4,False,False
47278,720575940621094527,KCg-m,central,right,35.7,37.1,28.7,36.4,False,False
56918,720575940622775443,"LHAD1b2_a,LHAD1b2_c",central,left,35.7,37.1,27.5,36.4,False,False
91919,720575940629108332,CB1067,central,right,35.7,37.1,27.5,36.4,False,False
5417,720575940608027915,"PLP084,PLP085",central,right,35.7,37.1,25.6,31.8,False,False
30960,720575940617466395,PAM05,central,left,35.7,37.1,29.4,40.9,False,False
16523,720575940613154582,CB0503,central,right,35.7,34.3,28.1,36.4,False,False
113651,720575940633810527,CRE056,central,left,35.7,37.1,28.1,40.9,False,False
16652,720575940613201814,ORN_VM5v,sensory,left,35.7,37.1,28.7,36.4,False,False
97731,720575940630257772,ORN_DA2,sensory,right,35.7,62.9,28.1,36.4,True,False
92518,720575940629226044,ORN_VM1,sensory,left,35.7,38.6,28.7,40.9,False,False
65740,720575940624323342,CB2661,central,right,34.3,35.7,26.2,31.8,False,False
87092,720575940628245559,KCab,central,left,34.3,35.7,26.9,31.8,False,False
64806,720575940624168741,LHAV4d1,central,right,34.3,40.0,26.9,36.4,False,False
46739,720575940621000180,KCg-m,central,left,34.3,35.7,26.9,36.4,False,False
124354,720575940638229080,ORN_VM7d,sensory,left,34.3,37.1,27.5,36.4,False,False
8451,720575940610036834,ORN_VA6,sensory,left,34.3,35.7,26.9,36.4,False,False
102812,720575940631208466,CB1735,central,right,34.3,35.7,25.0,31.8,False,False
1788,720575940605491302,KCab,central,left,34.3,37.1,26.9,31.8,False,False
94986,720575940629728988,ORN_DM4,sensory,right,34.3,0.0,0.0,0.0,True,False
138020,720575940656077473,DP1m_vPN,central,left,34.3,35.7,26.9,36.4,False,False
106116,720575940631925156,DNpe017,descending,right,34.3,35.7,28.1,31.8,False,False
35702,720575940618574983,HRN_VP4,sensory,left,34.3,35.7,26.2,36.4,False,False
137728,720575940654924961,LHAV4g1c,central,left,34.3,35.7,26.9,31.8,False,False
103418,720575940631317329,SLP048,central,right,34.3,37.1,26.9,31.8,False,False
38212,720575940619197366,CB2750,central,right,34.3,35.7,26.2,36.4,False,False
80893,720575940627185064,ORN_DA4m,sensory,right,34.3,35.7,26.2,31.8,False,False
37734,720575940619075073,HRN_VP4,sensory,right,34.3,37.1,26.9,36.4,False,False
131603,720575940642449909,DNge125,descending,left,34.3,35.7,27.5,31.8,False,False
4610,720575940607375881,ORN_VA5,sensory,right,34.3,35.7,25.6,36.4,False,False
59679,720575940623252884,CB2179,central,right,34.3,37.1,27.5,36.4,False,False
67848,720575940624737511,LHPV5c1,central,right,34.3,34.3,25.6,36.4,False,False
9749,720575940610724306,ORN_DL5,sensory,right,34.3,37.1,27.5,36.4,False,False
105430,720575940631747395,CL099a,central,left,34.3,35.7,25.6,31.8,False,False
13663,720575940612305506,CB1686,central,left,34.3,37.1,27.5,36.4,False,False
29480,720575940617046785,ORN_DA4m,sensory,left,34.3,35.7,25.6,31.8,False,False
94150,720575940629546538,DC4_vPN,central,left,34.3,34.3,26.9,36.4,False,False
117248,720575940635209884,CB4218,central,left,34.3,35.7,27.5,31.8,False,False
88139,720575940628411612,KCg-d,central,right,34.3,37.1,27.5,36.4,False,False
13552,720575940612269747,CB3133,central,left,34.3,35.7,25.6,31.8,False,False
54316,720575940622306736,CB3873,central,left,34.3,34.3,26.9,31.8,False,False
66944,720575940624555838,ORN_DC1,sensory,left,34.3,35.7,25.6,31.8,False,False
114884,720575940634296986,CB0349,central,left,34.3,32.9,25.0,36.4,False,False
54943,720575940622410189,PAM03,central,left,34.3,37.1,26.9,36.4,False,False
136621,720575940649802873,CB3133,central,left,34.3,35.7,26.9,36.4,False,False
100730,720575940630818242,CB1992,central,left,34.3,35.7,26.9,31.8,False,False
99773,720575940630655140,CL100,central,left,34.3,35.7,26.2,31.8,False,False
9718,720575940610710130,KCg-m,central,right,34.3,32.9,24.4,31.8,False,False
43966,720575940620534744,ATL006,central,left,34.3,34.3,25.6,40.9,False,False
86393,720575940628122706,"PS184,PS272",central,right,34.3,37.1,26.2,31.8,False,False
104420,720575940631527085,CB2047,central,left,34.3,32.9,24.4,31.8,False,False
86269,720575940628102876,CB2428,central,right,34.3,34.3,26.2,36.4,False,False
104668,720575940631577901,PAM12,central,left,34.3,37.1,26.9,36.4,False,False
63585,720575940623966903,CB1698,central,left,34.3,37.1,27.5,36.4,False,False
119494,720575940636066167,CRE088,central,left,34.3,35.7,26.9,31.8,False,False
101913,720575940631036687,KCg-m,central,left,34.3,35.7,26.9,31.8,False,False
64509,720575940624117528,CB4212,motor,left,34.3,42.9,28.7,31.8,False,False
62766,720575940623825405,LHAV2g1a,central,right,34.3,34.3,26.2,36.4,False,False
92733,720575940629267962,CB3169,central,right,34.3,35.7,26.9,31.8,False,False
92949,720575940629317991,M_vPNml53,central,left,34.3,34.3,26.2,36.4,False,False
46205,720575940620912086,ORN_DM4,sensory,left,34.3,0.0,0.0,0.0,True,False
70127,720575940625146882,KCapbp-ap1,central,left,34.3,35.7,27.5,36.4,False,False
100835,720575940630835195,ORN_DM6,sensory,left,34.3,35.7,26.2,31.8,False,False
71851,720575940625516436,KCg-m,central,left,34.3,37.1,28.1,36.4,False,False
32711,720575940617899584,ORN_VL2p,sensory,left,34.3,35.7,27.5,31.8,False,False
46904,720575940621026640,CB2976,central,right,34.3,32.9,24.4,31.8,False,False
101155,720575940630903823,CB2249,central,left,34.3,37.1,26.9,36.4,False,False
101196,720575940630909714,WED046,central,right,34.3,35.7,26.2,36.4,False,False
15233,720575940612785174,LHAD3d4,central,right,34.3,25.7,18.8,22.7,False,False
40411,720575940619778645,KCg-m,central,right,34.3,34.3,25.6,31.8,False,False
116060,720575940634788600,FB4D,central,right,34.3,37.1,26.9,36.4,False,False
115974,720575940634752666,CRE009,central,left,34.3,34.3,25.6,36.4,False,False
121181,720575940636839536,LAL199,central,left,34.3,35.7,27.5,40.9,False,False
4100,720575940606987906,CB1434,central,right,34.3,35.7,25.6,31.8,False,False
59506,720575940623221161,KCab,central,left,34.3,35.7,26.2,36.4,False,False
125324,720575940638666473,CB1818,central,left,34.3,34.3,26.9,36.4,False,False
43471,720575940620441024,Z_vPNml1,central,right,34.3,37.1,28.1,36.4,False,False
10660,720575940611153370,ORN_VM4,sensory,left,34.3,35.7,26.2,31.8,False,False
110864,720575940632994970,M_vPNml77,central,left,34.3,35.7,27.5,36.4,False,False
78440,720575940626803279,KCapbp-ap1,central,right,34.3,35.7,26.9,36.4,False,False
27079,720575940616379707,CB3717,central,right,34.3,38.6,28.1,36.4,False,False
32183,720575940617765405,LHAV8a1,central,left,34.3,35.7,26.2,31.8,False,False
120982,720575940636741488,ORN_DM2,sensory,left,34.3,0.0,0.0,0.0,True,False
47008,720575940621048758,CB2214,central,left,34.3,35.7,26.2,31.8,False,False
47137,720575940621072297,ORN_VA6,sensory,left,34.3,35.7,27.5,36.4,False,False
132961,720575940644237591,ORN_DM2,sensory,left,34.3,0.0,0.0,0.0,True,False
96369,720575940629986816,CL092,central,right,34.3,35.7,25.0,31.8,False,False
93783,720575940629482362,KCapbp-ap1,central,left,34.3,34.3,26.9,36.4,False,False
127038,720575940639410291,FB4N,central,right,34.3,37.1,26.9,31.8,False,False
130665,720575940641361104,CB2179,central,left,34.3,35.7,26.2,31.8,False,False
130679,720575940641369808,CB1988,central,left,34.3,30.0,21.9,27.3,False,False
130458,720575940641149429,NPFL1-I,central,left,34.3,37.1,27.5,36.4,False,False
76560,720575940626454786,CB1359,central,right,34.3,35.7,26.9,36.4,False,False
61532,720575940623571644,CB1902,central,right,34.3,37.1,27.5,36.4,False,False
26470,720575940616199071,CB0734,central,right,34.3,34.3,25.6,36.4,False,False
93781,720575940629481935,KCapbp-m,central,left,34.3,35.7,26.9,36.4,False,False
26346,720575940616162373,KCg-m,central,right,34.3,35.7,26.2,36.4,False,False
102354,720575940631118610,PAM02,central,left,34.3,35.7,26.2,36.4,False,False
118387,720575940635634021,CB0333,central,left,34.3,34.3,25.6,31.8,False,False
76768,720575940626498566,CB0492,central,right,34.3,30.0,26.9,36.4,False,False
82091,720575940627374598,ATL014,central,right,34.3,34.3,25.6,27.3,False,False
62064,720575940623681511,CB1361,central,right,34.3,35.7,28.1,36.4,False,False
135374,720575940646682932,KCab,central,right,34.3,35.7,26.9,36.4,False,False
17687,720575940613529770,PAM01,central,left,34.3,35.7,26.2,36.4,False,False
104908,720575940631627843,KCg-d,central,right,34.3,37.1,25.6,31.8,False,False
103293,720575940631295116,ORN_DM2,sensory,right,34.3,0.0,0.0,0.0,True,False
1907,720575940605597216,KCg-m,central,right,34.3,34.3,26.9,36.4,False,False
93964,720575940629510956,CRE096,central,right,34.3,35.7,26.9,36.4,False,False
28995,720575940616924902,KCapbp-m,central,left,34.3,35.7,27.5,36.4,False,False
135094,720575940646351412,SMP031,central,left,34.3,34.3,26.2,36.4,False,False
3348,720575940606514889,LHAD1d1,central,left,34.3,35.7,25.6,31.8,False,False
22071,720575940614934178,ORN_DL4,sensory,left,34.3,35.7,25.6,31.8,False,False
28707,720575940616852763,KCapbp-m,central,left,34.3,35.7,26.9,36.4,False,False
96457,720575940630005147,SLP080,central,right,32.9,34.3,23.8,31.8,False,False
2141,720575940605733042,CB1972,central,left,32.9,32.9,25.0,36.4,False,False
50490,720575940621649396,CB3016,central,left,32.9,32.9,25.0,31.8,False,False
132621,720575940643842340,ORN_DC1,sensory,left,32.9,34.3,26.9,36.4,False,False
132538,720575940643768736,SLP155,central,right,32.9,30.0,23.8,31.8,False,False
133451,720575940644711328,CB3328,central,right,32.9,35.7,25.6,31.8,False,False
3107,720575940606342089,DNg78,descending,right,32.9,34.3,26.2,31.8,False,False
18521,720575940613795880,PLP003,central,right,32.9,32.9,24.4,31.8,False,False
42532,720575940620233307,CB4218,central,right,32.9,34.3,26.9,36.4,False,False
70297,720575940625176506,CB0046,central,left,32.9,34.3,27.5,36.4,False,False
38230,720575940619202008,CRE043,central,left,32.9,35.7,25.6,36.4,False,False
37659,720575940619060321,KCab,central,right,32.9,30.0,22.5,27.3,False,False
37737,720575940619075437,CB2703,central,right,32.9,35.7,25.6,36.4,False,False
58331,720575940623030861,HRN_VP4,sensory,right,32.9,34.3,26.2,31.8,False,False
97124,720575940630142007,SLP206,central,left,32.9,34.3,23.8,27.3,False,False
99808,720575940630662737,ORN_DM4,sensory,left,32.9,0.0,0.0,0.0,True,False
45129,720575940620720623,LHAV5a2_a2,central,right,32.9,25.7,20.0,27.3,False,False
33310,720575940618039067,LHAV4a6,central,left,32.9,34.3,24.4,31.8,False,False
86972,720575940628225852,KCg-m,central,right,32.9,34.3,25.6,31.8,False,False
121322,720575940636898281,KCg-m,central,right,32.9,34.3,24.4,31.8,False,False
40653,720575940619841456,LHAD1c2c,central,left,32.9,35.7,25.6,36.4,False,False
24412,720575940615615929,CB2442,central,right,32.9,27.1,20.6,27.3,False,False
121162,720575940636832879,AVLP536,central,left,32.9,32.9,25.6,36.4,False,False
102943,720575940631236167,ORN_DA4m,sensory,right,32.9,34.3,25.6,31.8,False,False
2602,720575940605995209,KCapbp-ap1,central,left,32.9,34.3,25.6,36.4,False,False
41922,720575940620109550,ORN_DM3,sensory,right,32.9,34.3,26.2,31.8,False,False
41773,720575940620076415,LHAV4c2,central,right,32.9,34.3,26.2,36.4,False,False
56319,720575940622673703,KCab,central,right,32.9,32.9,24.4,31.8,False,False
58098,720575940622994323,"SMP144,SMP150",central,right,32.9,34.3,26.9,36.4,False,False
135061,720575940646290979,KCab,central,right,32.9,35.7,25.6,31.8,False,False
81077,720575940627213736,ORN_DL1,sensory,left,32.9,34.3,25.6,31.8,False,False
94233,720575940629564922,CB2296,central,left,32.9,31.4,23.8,31.8,False,False
38786,720575940619357275,KCab,central,left,32.9,34.3,25.6,31.8,False,False
78706,720575940626848275,AVLP077,central,right,32.9,31.4,24.4,36.4,False,False
130124,720575940640858019,ALON3,central,right,32.9,34.3,24.4,31.8,False,False
60913,720575940623463562,CB3735,central,right,32.9,34.3,24.4,31.8,False,False
30884,720575940617443001,AVLP471,central,right,32.9,35.7,26.9,36.4,False,False
6715,720575940608978901,CB3314,central,left,32.9,34.3,25.6,36.4,False,False
130192,720575940640891736,CRE005,central,right,32.9,35.7,27.5,40.9,False,False
30736,720575940617401574,SLP155,central,left,32.9,32.9,24.4,36.4,False,False
30947,720575940617461204,CB1371,central,right,32.9,35.7,25.6,36.4,False,False
33805,720575940618145147,ORN_DL4,sensory,right,32.9,34.3,26.2,31.8,False,False
77038,720575940626555440,CB0478,central,right,32.9,34.3,25.6,36.4,False,False
126591,720575940639195776,ORN_VL2p,sensory,left,32.9,37.1,26.2,31.8,False,False
64022,720575940624037052,ORN_DM4,sensory,right,32.9,0.0,0.0,0.0,True,False
63457,720575940623943404,PLP231,central,left,32.9,34.3,25.6,31.8,False,False
7581,720575940609508654,PLP199,central,right,32.9,31.4,23.8,31.8,False,False
111811,720575940633243755,KCab,central,right,32.9,34.3,25.6,36.4,False,False
50688,720575940621681321,CB3007,central,right,32.9,34.3,24.4,31.8,False,False
76054,720575940626353905,KCab,central,right,32.9,32.9,23.8,31.8,False,False
4957,720575940607685571,KCab,central,left,32.9,35.7,26.2,36.4,False,False
79602,720575940626991771,KCg-m,central,right,32.9,34.3,24.4,31.8,False,False
27309,720575940616440098,KCg-m,central,right,32.9,31.4,24.4,31.8,False,False
30236,720575940617277145,AVLP251,central,left,32.9,31.4,23.1,27.3,False,False
31616,720575940617626781,ORN_DA1,sensory,right,32.9,34.3,25.6,36.4,False,False
125737,720575940638852736,ORN_VA2,sensory,left,32.9,34.3,25.0,31.8,False,False
31095,720575940617495441,CB2677,central,right,32.9,37.1,25.6,36.4,False,False
8033,720575940609785208,ORN_VM4,sensory,left,32.9,34.3,25.6,36.4,False,False
45664,720575940620815213,LHAV5a2_a2,central,left,32.9,32.9,23.8,31.8,False,False
10730,720575940611182554,CB2544,central,left,32.9,34.3,25.0,36.4,False,False
46737,720575940620999606,CB2244,central,left,32.9,34.3,26.2,31.8,False,False
43619,720575940620468718,DNp02,descending,right,32.9,32.9,23.1,31.8,False,False
88720,720575940628523819,"FB2H_a,FB2I_b",central,left,32.9,34.3,25.0,31.8,False,False
39475,720575940619571009,SIP048,central,right,32.9,37.1,26.2,40.9,False,False
77132,720575940626572802,VESa2_H04,central,left,32.9,35.7,25.6,31.8,False,False
48551,720575940621325338,ORN_DM2,sensory,right,32.9,0.0,0.0,0.0,True,False
62119,720575940623691619,AVLP031,central,right,32.9,34.3,23.8,31.8,False,False
127430,720575940639594355,LHAD1a2,central,left,32.9,35.7,25.6,31.8,False,False
47989,720575940621226661,LHAV1d2,central,right,32.9,34.3,24.4,31.8,False,False
797,720575940604630240,KCg-m,central,right,32.9,34.3,26.2,36.4,False,False
28588,720575940616826380,DNb09,descending,left,32.9,32.9,23.8,36.4,False,False
107335,720575940632190765,ORN_DA2,sensory,left,32.9,55.7,25.6,36.4,True,False
20122,720575940614357731,CB2063,central,left,32.9,34.3,25.0,31.8,False,False
624,720575940604403628,VP5+VP3_l2PN,central,right,32.9,35.7,25.6,36.4,False,False
135721,720575940647207044,CL064,central,right,32.9,34.3,23.8,31.8,False,False
117083,720575940635159982,ORN_VM7d,sensory,left,32.9,34.3,26.2,36.4,False,False
107261,720575940632172770,KCapbp-m,central,left,32.9,28.6,21.2,27.3,False,False
42379,720575940620202111,ORN_DM4,sensory,right,32.9,0.0,0.0,0.0,True,False
53892,720575940622232458,KCg-m,central,left,32.9,34.3,25.6,36.4,False,False
19513,720575940614178198,PS037,central,right,32.9,31.4,25.6,31.8,False,False
19388,720575940614128691,CB0437,central,left,32.9,37.1,27.5,36.4,False,False
77563,720575940626651288,KCab,central,right,32.9,35.7,26.2,36.4,False,False
97555,720575940630222807,CB2713,central,right,32.9,37.1,26.9,36.4,False,False
129445,720575940640487669,KCg-m,central,right,32.9,32.9,23.1,27.3,False,False
78046,720575940626737685,ORN_DM4,sensory,left,32.9,0.0,0.0,0.0,True,False
39223,720575940619487425,AN_SPS_IPS_6,ascending,right,32.9,34.3,25.6,36.4,False,False
343,720575940603832288,ORN_DA2,sensory,right,32.9,60.0,24.4,31.8,True,False
98081,720575940630323961,KCab,central,left,32.9,35.7,26.9,36.4,False,False
74675,720575940626065162,CB1434,central,left,31.4,31.4,25.0,36.4,False,False
122284,720575940637335012,SMP025a,central,right,31.4,31.4,24.4,31.8,False,False
115689,720575940634644063,CB2452,central,right,31.4,31.4,24.4,31.8,False,False
87041,720575940628237705,LHAD3g1,central,right,31.4,31.4,23.1,27.3,False,False
9059,720575940610384994,ORN_VA1v,sensory,left,31.4,32.9,24.4,31.8,False,False
33189,720575940618011604,PLP142,central,right,31.4,30.0,23.8,40.9,False,False
31769,720575940617665876,LHAV2f2_a,central,left,31.4,32.9,24.4,31.8,False,False
138178,720575940659400577,DA3_adPN,central,left,31.4,31.4,23.8,31.8,False,False
55046,720575940622436980,SLP223,central,left,31.4,32.9,25.6,31.8,False,False
55274,720575940622474899,CB0212,central,right,31.4,31.4,23.8,31.8,False,False
54912,720575940622403881,ORN_DC1,sensory,right,31.4,34.3,25.0,31.8,False,False
57709,720575940622927348,CB2467,central,right,31.4,30.0,23.1,31.8,False,False
133508,720575940644750116,ALON2,central,left,31.4,32.9,24.4,31.8,False,False
57733,720575940622930712,LHAV2g5,central,right,31.4,30.0,23.1,27.3,False,False
103909,720575940631422776,WED144,central,right,31.4,35.7,26.2,36.4,False,False
45275,720575940620744870,CB1220,central,right,31.4,32.9,25.0,31.8,False,False
74319,720575940625995251,KCab,central,right,31.4,30.0,23.1,27.3,False,False
12721,720575940611960872,KCapbp-ap2,central,right,31.4,34.3,25.0,31.8,False,False
12729,720575940611963346,FB6P,central,left,31.4,34.3,25.6,36.4,False,False
103559,720575940631347011,VP2_l2PN,central,right,31.4,35.7,25.0,36.4,False,False
116695,720575940635035278,KCab,central,left,31.4,34.3,25.6,36.4,False,False
24752,720575940615713292,KCg-d,central,left,31.4,34.3,26.2,36.4,False,False
100682,720575940630810486,DNg98,descending,left,31.4,32.9,24.4,36.4,False,False
119738,720575940636165743,ORN_DA1,sensory,left,31.4,34.3,24.4,31.8,False,False
23215,720575940615255603,AVLP215,central,right,31.4,31.4,23.8,36.4,False,False
22803,720575940615138735,LHAV3a1,central,left,31.4,32.9,23.8,31.8,False,False
33038,720575940617977684,LHAV4i2,central,right,31.4,35.7,23.8,27.3,False,False
117985,720575940635498871,KCg-m,central,right,31.4,34.3,25.0,31.8,False,False
118139,720575940635552948,DNpe037,descending,right,31.4,30.0,23.8,27.3,False,False
118933,720575940635837887,CB0204,central,left,31.4,31.4,24.4,27.3,False,False
96671,720575940630044409,ORN_VA6,sensory,right,31.4,32.9,25.0,31.8,False,False
4278,720575940607128412,LHAV4c2,central,left,31.4,32.9,25.0,31.8,False,False
3856,720575940606776962,CB1961,central,right,31.4,32.9,24.4,31.8,False,False
37557,720575940619036911,KCg-m,central,right,31.4,32.9,25.0,31.8,False,False
109673,720575940632714465,HRN_VP5,sensory,right,31.4,31.4,24.4,31.8,False,False
80173,720575940627082236,SMP173,central,left,31.4,32.9,25.6,36.4,False,False
80167,720575940627081534,CB0746,central,left,31.4,34.3,25.6,31.8,False,False
32574,720575940617866048,KCg-m,central,right,31.4,34.3,25.6,36.4,False,False
89145,720575940628597291,ORN_DL5,sensory,right,31.4,32.9,25.6,31.8,False,False
99283,720575940630566487,CRE103b,central,right,31.4,30.0,23.8,31.8,False,False
21825,720575940614849832,Lawf2,optic,left,31.4,35.7,26.2,36.4,False,False
22043,720575940614926790,ORN_DM4,sensory,left,31.4,0.0,0.0,0.0,True,False
21989,720575940614909506,DNge123,descending,right,31.4,31.4,23.1,31.8,False,False
77041,720575940626555800,PAM01,central,right,31.4,31.4,23.8,31.8,False,False
21961,720575940614900886,KCab,central,right,31.4,31.4,23.8,31.8,False,False
47227,720575940621087408,KCg-m,central,right,31.4,30.0,22.5,31.8,False,False
76936,720575940626534226,ORN_DM4,sensory,left,31.4,0.0,0.0,0.0,True,False
6992,720575940609179331,KCg-m,central,right,31.4,32.9,24.4,36.4,False,False
5514,720575940608098261,cM01c,visual_centrifugal,left,31.4,34.3,24.4,31.8,False,False
78971,720575940626886933,ORN_DC3,sensory,right,31.4,32.9,25.0,36.4,False,False
5354,720575940607982428,PS013,central,right,31.4,32.9,24.4,31.8,False,False
30096,720575940617234077,ORN_DM2,sensory,right,31.4,0.0,0.0,0.0,True,False
30037,720575940617216379,SLP290,central,left,31.4,30.0,23.8,31.8,False,False
6729,720575940608987349,CB1640,central,left,31.4,31.4,24.4,31.8,False,False
6713,720575940608978115,CB1220,central,left,31.4,34.3,25.0,36.4,False,False
31702,720575940617645652,ORN_DM2,sensory,left,31.4,0.0,0.0,0.0,True,False
65804,720575940624334012,IB058,central,left,31.4,32.9,22.5,31.8,False,False
125253,720575940638637501,DNp102,descending,left,31.4,27.1,21.2,27.3,False,False
46251,720575940620919646,FB2B,central,left,31.4,34.3,23.8,31.8,False,False
32473,720575940617839389,PLP064_b,central,right,31.4,32.9,23.8,31.8,False,False
101487,720575940630960780,ORN_DA4m,sensory,left,31.4,32.9,23.8,31.8,False,False
15341,720575940612821727,M_lvPNm40,central,right,31.4,32.9,23.8,31.8,False,False
40884,720575940619896047,ORN_VA7l,sensory,left,31.4,32.9,23.8,31.8,False,False
75441,720575940626226946,CB4198,central,left,31.4,31.4,26.9,36.4,False,False
9642,720575940610676403,KCab,central,right,31.4,28.6,21.2,31.8,False,False
114205,720575940634003795,SMP091,central,left,31.4,31.4,25.0,31.8,False,False
40255,720575940619744960,KCg-m,central,right,31.4,32.9,23.1,31.8,False,False
59407,720575940623202633,AN_SPS_IPS_6,ascending,left,31.4,34.3,25.0,36.4,False,False
60047,720575940623318566,SLP438,central,left,31.4,32.9,24.4,31.8,False,False
110156,720575940632813741,KCab,central,left,31.4,32.9,24.4,31.8,False,False
132177,720575940643234760,"ATL035,ATL036",central,right,31.4,31.4,25.0,31.8,False,False
10584,720575940611117425,ORN_VA6,sensory,right,31.4,31.4,24.4,31.8,False,False
54469,720575940622332771,ORN_VA7l,sensory,right,31.4,32.9,24.4,31.8,False,False
604,720575940604352689,ORN_DL5,sensory,left,31.4,32.9,25.0,31.8,False,False
1044,720575940604880841,CB2398,central,right,31.4,37.1,26.2,36.4,False,False
47982,720575940621225910,KCab,central,right,31.4,31.4,23.8,31.8,False,False
126847,720575940639314229,DNge141,descending,left,31.4,31.4,23.8,36.4,False,False
48262,720575940621273460,LHPV6a1,central,right,31.4,32.9,23.1,31.8,False,False
98924,720575940630496118,KCg-m,central,right,31.4,31.4,23.8,31.8,False,False
48991,720575940621396044,ORN_VA7m,sensory,left,31.4,32.9,25.0,31.8,False,False
49115,720575940621415885,KCab,central,right,31.4,30.0,21.9,31.8,False,False
127660,720575940639692605,CB3288,central,right,31.4,31.4,22.5,31.8,False,False
128018,720575940639844597,CB2714,central,right,31.4,35.7,25.6,31.8,False,False
76266,720575940626394767,CB3590,central,left,31.4,32.9,24.4,31.8,False,False
17082,720575940613353538,KCab,central,right,31.4,32.9,23.8,31.8,False,False
17674,720575940613527761,CB0065,central,left,31.4,31.4,23.8,31.8,False,False
63407,720575940623935159,KCg-m,central,left,31.4,32.9,23.1,31.8,False,False
94850,720575940629701881,CB0429,central,right,31.4,28.6,23.1,31.8,False,False
88018,720575940628393559,LHAV1a3,central,right,31.4,32.9,24.4,31.8,False,False
13351,720575940612197101,CB3021,central,left,31.4,32.9,23.8,31.8,False,False
134708,720575940645858868,ORN_VM4,sensory,right,31.4,31.4,24.4,31.8,False,False
29863,720575940617166993,PLP209,central,right,31.4,30.0,23.1,27.3,False,False
2641,720575940606015154,CB0669,central,right,31.4,31.4,23.1,27.3,False,False
133172,720575940644465568,LTe20,visual_projection,right,31.4,28.6,21.2,31.8,False,False
81174,720575940627228090,CB3735,central,left,31.4,32.9,23.8,31.8,False,False
2628,720575940606010057,SLP247,central,right,31.4,32.9,23.1,31.8,False,False
102933,720575940631234643,ORN_VC1,sensory,left,31.4,34.3,25.6,31.8,False,False
750,720575940604569824,AVLP082,central,right,31.4,35.7,25.0,27.3,False,False
13254,720575940612160153,ORN_DL5,sensory,left,31.4,32.9,25.6,31.8,False,False
82881,720575940627510409,ORN_VM4,sensory,right,31.4,32.9,23.8,31.8,False,False
42424,720575940620210857,KCab,central,right,31.4,32.9,24.4,31.8,False,False
52414,720575940621988684,CB0965,central,left,31.4,31.4,25.0,36.4,False,False
95548,720575940629842681,ORN_DM3,sensory,right,31.4,32.9,25.0,36.4,False,False
55520,720575940622519372,ORN_V,sensory,right,30.0,31.4,24.4,31.8,False,False
28959,720575940616917149,PLP155,central,left,30.0,31.4,21.9,31.8,False,False
82878,720575940627510012,Lawf2,optic,right,30.0,34.3,25.6,31.8,False,False
106495,720575940631998405,SLP103,central,right,30.0,30.0,23.1,27.3,False,False
20246,720575940614392999,MBON29,central,left,30.0,27.1,21.9,27.3,False,False
35742,720575940618587622,CB1799,central,left,30.0,31.4,23.8,31.8,False,False
72727,720575940625695280,LHPV4a10,central,right,30.0,31.4,23.8,31.8,False,False
116973,720575940635129881,SMP025a,central,left,30.0,30.0,22.5,31.8,False,False
13534,720575940612261603,CB3463,central,left,30.0,30.0,23.1,31.8,False,False
116906,720575940635111449,PLP065a,central,right,30.0,34.3,23.8,31.8,False,False
41787,720575940620079440,AN_GNG_SAD_12,ascending,left,30.0,30.0,22.5,27.3,False,False
96311,720575940629975799,CB0349,central,right,30.0,30.0,21.9,31.8,False,False
50889,720575940621716044,LHPD4b1a,central,right,30.0,32.9,24.4,31.8,False,False
95917,720575940629909199,FB6V,central,right,30.0,34.3,25.6,36.4,False,False
95682,720575940629866283,DNpe017,descending,left,30.0,31.4,23.1,22.7,False,False
57029,720575940622792423,CB1013,central,right,30.0,31.4,23.8,31.8,False,False
81547,720575940627286794,CB1003,central,right,30.0,34.3,25.0,31.8,False,False
84128,720575940627737073,ORN_VA2,sensory,left,30.0,32.9,24.4,31.8,False,False
83891,720575940627702293,Lawf2,optic,right,30.0,34.3,24.4,31.8,False,False
82142,720575940627384049,SLP400b,central,right,30.0,31.4,23.8,31.8,False,False
28689,720575940616849041,LHAD1d1,central,left,30.0,32.9,23.1,31.8,False,False
94547,720575940629637163,Lawf2,optic,right,30.0,35.7,25.6,31.8,False,False
53490,720575940622168052,CB0901,motor,right,30.0,34.3,24.4,31.8,False,False
397,720575940603938238,CB2245,central,right,30.0,31.4,23.1,31.8,False,False
62126,720575940623693320,FB4A,central,left,30.0,31.4,24.4,31.8,False,False
92009,720575940629127109,KCg-m,central,right,30.0,32.9,23.8,36.4,False,False
92674,720575940629254656,CB2224,central,left,30.0,32.9,23.8,31.8,False,False
47141,720575940621072816,PAM12,central,left,30.0,32.9,24.4,31.8,False,False
63455,720575940623943316,KCab,central,left,30.0,31.4,24.4,31.8,False,False
39452,720575940619563429,ORN_DA4m,sensory,left,30.0,31.4,23.8,31.8,False,False
77103,720575940626567178,CRE103a,central,right,30.0,28.6,22.5,31.8,False,False
112668,720575940633509949,ORN_V,sensory,left,30.0,31.4,24.4,31.8,False,False
48639,720575940621339156,SMP085,central,right,30.0,34.3,23.8,36.4,False,False
92233,720575940629166587,KCab,central,right,30.0,30.0,21.9,27.3,False,False
25347,720575940615898251,LHAV5a2_a3,central,left,30.0,28.6,21.9,31.8,False,False
25369,720575940615903547,ORN_VL2a,sensory,right,30.0,31.4,23.8,31.8,False,False
7981,720575940609760814,CB1361,central,right,30.0,30.0,23.1,31.8,False,False
113445,720575940633753336,"PLP084,PLP085",central,left,30.0,31.4,23.8,31.8,False,False
21939,720575940614892182,MBON28,central,right,30.0,37.1,26.2,40.9,False,False
63546,720575940623959566,ORN_DL4,sensory,left,30.0,31.4,24.4,31.8,False,False
126437,720575940639140329,SLP012,central,right,30.0,30.0,24.4,31.8,False,False
97740,720575940630258572,CB2470,central,right,30.0,31.4,24.4,31.8,False,False
62523,720575940623777065,SMP545,central,right,30.0,30.0,23.1,31.8,False,False
26674,720575940616264148,KCapbp-ap1,central,left,30.0,30.0,23.8,31.8,False,False
38817,720575940619367083,ORN_DL3,sensory,left,30.0,31.4,23.1,31.8,False,False
38922,720575940619403028,ORN_VM1,sensory,right,30.0,31.4,24.4,31.8,False,False
111353,720575940633142498,PAM01,central,right,30.0,31.4,23.8,31.8,False,False
78834,720575940626865289,ORN_DC1,sensory,left,30.0,32.9,24.4,31.8,False,False
18049,720575940613639538,Lawf2,optic,left,30.0,34.3,25.0,36.4,False,False
79475,720575940626972420,CB2776,central,left,30.0,31.4,23.1,27.3,False,False
29777,720575940617139457,SMP528,central,right,30.0,34.3,25.6,31.8,False,False
59175,720575940623163844,KCab,central,left,30.0,31.4,23.8,31.8,False,False
58925,720575940623129587,ORN_DL5,sensory,right,30.0,31.4,23.8,31.8,False,False
59417,720575940623203767,KCg-m,central,right,30.0,31.4,23.1,31.8,False,False
131436,720575940642295181,LHAV3e3b,central,left,30.0,31.4,22.5,31.8,False,False
123398,720575940637809118,SMP121,central,right,30.0,31.4,23.1,31.8,False,False
90257,720575940628796780,DNpe014,descending,right,30.0,35.7,20.6,18.2,False,False
45419,720575940620769133,CB3231,central,right,30.0,30.0,22.5,31.8,False,False
67354,720575940624636930,CB2841,central,right,30.0,30.0,21.9,27.3,False,False
44836,720575940620679233,ORN_DM2,sensory,left,30.0,0.0,0.0,0.0,True,False
115143,720575940634407263,ORN_VL1,sensory,right,30.0,31.4,22.5,31.8,False,False
114345,720575940634072756,KCg-m,central,right,30.0,30.0,23.8,31.8,False,False
40166,720575940619725844,ORN_DM2,sensory,right,30.0,0.0,0.0,0.0,True,False
114048,720575940633941549,LHAV5a2_a3,central,right,30.0,27.1,20.6,27.3,False,False
46455,720575940620952779,CB3458,central,left,30.0,30.0,22.5,27.3,False,False
123973,720575940638077091,CB2494,central,right,30.0,31.4,23.1,27.3,False,False
7695,720575940609586901,ORN_VL2a,sensory,right,30.0,31.4,22.5,27.3,False,False
64696,720575940624152051,CL339,central,right,30.0,31.4,23.1,31.8,False,False
65188,720575940624231143,CB3887,central,center,30.0,31.4,23.8,36.4,False,False
125722,720575940638844504,CB2471,central,right,30.0,31.4,24.4,31.8,False,False
10759,720575940611197658,PS214,central,right,30.0,31.4,23.1,31.8,False,False
121553,720575940637002574,ORN_VC2,sensory,left,30.0,31.4,22.5,27.3,False,False
73997,720575940625939801,KCab,central,right,30.0,31.4,24.4,27.3,False,False
74788,720575940626086960,SMP085,central,left,30.0,31.4,23.8,31.8,False,False
14914,720575940612690338,KCg-m,central,right,30.0,28.6,22.5,31.8,False,False
9903,720575940610798946,,central,right,30.0,31.4,24.4,31.8,False,False
24374,720575940615606489,SLP286,central,right,30.0,31.4,22.5,31.8,False,False
73475,720575940625837060,KCab,central,right,30.0,30.0,22.5,27.3,False,False
14047,720575940612423922,CB0889,central,left,30.0,30.0,21.2,27.3,False,False
42069,720575940620136071,CB1972,central,left,30.0,32.9,23.8,31.8,False,False
103820,720575940631406411,CB0781,central,left,30.0,34.3,27.5,22.7,False,False
103347,720575940631305164,KCg-d,central,left,30.0,31.4,24.4,31.8,False,False
74302,720575940625993656,CB3590,central,left,30.0,32.9,23.1,31.8,False,False
119272,720575940635960943,LHPV2e1_a,central,right,30.0,28.6,21.2,27.3,False,False
12781,720575940611985174,ORN_VA7l,sensory,left,30.0,31.4,24.4,31.8,False,False
72197,720575940625589593,ORN_VA6,sensory,left,30.0,31.4,22.5,31.8,False,False
72127,720575940625573322,DNae006,descending,right,30.0,31.4,24.4,31.8,False,False
102253,720575940631102279,ORN_DL4,sensory,left,30.0,31.4,24.4,31.8,False,False
12437,720575940611858906,CB3674,central,left,30.0,31.4,23.1,31.8,False,False
71868,720575940625520412,ORN_VM2,sensory,left,30.0,31.4,24.4,31.8,False,False
70012,720575940625119625,CB1668,central,left,30.0,31.4,24.4,31.8,False,False
120474,720575940636523877,LHAV7a4a,central,left,30.0,30.0,23.1,31.8,False,False
79760,720575940627018383,KCg-m,central,right,30.0,32.9,23.1,31.8,False,False
79937,720575940627044885,DNge141,descending,right,30.0,31.4,22.5,31.8,False,False
79941,720575940627045202,SMP128,central,left,30.0,31.4,23.1,31.8,False,False
80559,720575940627144069,"MBON25,MBON34",central,right,30.0,31.4,23.1,31.8,False,False
109486,720575940632669800,MTe47,visual_projection,left,30.0,30.0,27.5,31.8,False,False
20754,720575940614569414,ORN_DA1,sensory,left,30.0,31.4,22.5,27.3,False,False
132560,720575940643790536,PAM05,central,left,30.0,31.4,23.1,31.8,False,False
132597,720575940643817838,LHPD4b1a,central,left,30.0,32.9,23.8,31.8,False,False
3994,720575940606902741,KCab,central,right,30.0,31.4,23.8,31.8,False,False
129532,720575940640536408,CB0609,central,right,28.6,28.6,21.9,27.3,False,False
88737,720575940628526735,PAM04,central,left,28.6,28.6,21.9,27.3,False,False
49595,720575940621504794,PAM05,central,left,28.6,30.0,22.5,31.8,False,False
59792,720575940623273254,CB1437,central,right,28.6,21.4,16.9,22.7,False,False
67989,720575940624763123,CB3273,central,left,28.6,30.0,20.6,27.3,False,False
131370,720575940642212552,M_lvPNm40,central,left,28.6,30.0,22.5,27.3,False,False
43978,720575940620537153,CB3885,central,center,28.6,30.0,23.8,31.8,False,False
60279,720575940623356651,SMP447,central,right,28.6,27.1,21.2,27.3,False,False
21865,720575940614861974,KCab,central,right,28.6,30.0,21.2,27.3,False,False
82042,720575940627364629,CB1167,central,left,28.6,31.4,23.8,31.8,False,False
52906,720575940622075928,ORN_VM4,sensory,right,28.6,30.0,22.5,31.8,False,False
55559,720575940622525729,Lawf2,optic,right,28.6,34.3,23.8,31.8,False,False
86754,720575940628188732,KCab,central,right,28.6,31.4,23.8,31.8,False,False
107676,720575940632273378,KCg-m,central,left,28.6,30.0,22.5,31.8,False,False
43210,720575940620382400,CB0997,central,right,28.6,31.4,23.1,31.8,False,False
10188,720575940610944022,KCg-m,central,right,28.6,25.7,19.4,22.7,False,False
25145,720575940615833174,ORN_VC4,sensory,left,28.6,31.4,22.5,27.3,False,False
35119,720575940618439569,LAL022,central,left,28.6,25.7,21.2,22.7,False,False
114358,720575940634078200,KCg-m,central,right,28.6,28.6,22.5,31.8,False,False
67719,720575940624711655,KCg-m,central,right,28.6,28.6,21.9,31.8,False,False
114978,720575940634334675,SLP066,central,right,28.6,27.1,21.2,31.8,False,False
9842,720575940610763874,LHAV4l1,central,left,28.6,27.1,18.8,22.7,False,False
28889,720575940616899073,ORN_DL4,sensory,left,28.6,30.0,21.9,27.3,False,False
43968,720575940620534875,CB1309,central,left,28.6,30.0,23.1,31.8,False,False
123123,720575940637686750,VESa2_P01,central,right,28.6,30.0,22.5,31.8,False,False
112137,720575940633339105,CB2467,central,right,28.6,28.6,22.5,27.3,False,False
22292,720575940615006248,cL19,visual_centrifugal,left,28.6,31.4,22.5,31.8,False,False
75595,720575940626259458,CB1226,central,right,28.6,31.4,23.1,31.8,False,False
93073,720575940629343799,ORN_DL2d,sensory,left,28.6,31.4,23.1,31.8,False,False
6027,720575940608451420,CB0565,central,left,28.6,27.1,20.6,27.3,False,False
6038,720575940608461251,CB1800,central,right,28.6,28.6,21.2,27.3,False,False
27435,720575940616480852,ORN_VC2,sensory,left,28.6,30.0,21.9,31.8,False,False
4620,720575940607384242,DNge149,descending,center,28.6,30.0,23.8,36.4,False,False
59715,720575940623260201,FB4Y,central,right,28.6,30.0,25.6,31.8,False,False
9048,720575940610380970,CB2630,central,right,28.6,27.1,21.2,27.3,False,False
66875,720575940624538599,CB0442,central,left,28.6,30.0,22.5,27.3,False,False
44921,720575940620690804,AVLP533,central,right,28.6,30.0,23.1,27.3,False,False
38797,720575940619360532,ORN_VA2,sensory,right,28.6,30.0,22.5,27.3,False,False
67632,720575940624696810,MBON15-like,central,left,28.6,30.0,22.5,31.8,False,False
135139,720575940646416419,M_lvPNm40,central,right,28.6,30.0,23.1,31.8,False,False
19344,720575940614117374,ORN_VA1v,sensory,right,28.6,30.0,21.9,31.8,False,False
21556,720575940614775592,PAL01,central,left,28.6,28.6,21.2,27.3,False,False
97864,720575940630282199,LHAV6a3,central,left,28.6,24.3,18.1,22.7,False,False
126128,720575940639024462,ORN_DM2,sensory,right,28.6,0.0,0.0,0.0,True,False
72911,720575940625732496,KCab,central,right,28.6,30.0,23.1,27.3,False,False
72852,720575940625720341,KCab,central,right,28.6,31.4,21.9,31.8,False,False
57974,720575940622972820,TRN_VP3b,sensory,left,28.6,28.6,22.5,31.8,False,False
126062,720575940638993853,KCg-m,central,left,28.6,28.6,20.0,27.3,False,False
13415,720575940612219629,CB2179,central,right,28.6,30.0,23.1,27.3,False,False
100632,720575940630800066,FB5B,central,left,28.6,28.6,22.5,27.3,False,False
113242,720575940633686754,CB2470,central,left,28.6,30.0,22.5,31.8,False,False
136187,720575940647978804,ORN_DP1l,sensory,left,28.6,30.0,23.1,27.3,False,False
89605,720575940628683002,ORN_DA3,sensory,right,28.6,30.0,22.5,31.8,False,False
120891,720575940636695982,KCab,central,left,28.6,31.4,23.1,31.8,False,False
121186,720575940636841840,"FB2H_a,FB2I_b",central,right,28.6,30.0,21.9,27.3,False,False
13571,720575940612277090,CB3378,central,left,28.6,27.1,21.2,22.7,False,False
116553,720575940634984372,ORN_DA4m,sensory,left,28.6,30.0,21.9,27.3,False,False
109730,720575940632725459,KCapbp-m,central,right,28.6,28.6,20.6,27.3,False,False
106370,720575940631975109,PS192,central,left,28.6,30.0,22.5,31.8,False,False
89696,720575940628698640,CB2232,central,right,28.6,28.6,23.8,31.8,False,False
69679,720575940625058173,KCab,central,right,28.6,30.0,21.2,27.3,False,False
113389,720575940633733401,PAM01,central,left,28.6,30.0,23.8,31.8,False,False
137580,720575940653913505,ORN_VL2p,sensory,right,28.6,31.4,23.8,31.8,False,False
94879,720575940629706362,LHAV4b1,central,left,28.6,28.6,20.6,27.3,False,False
10896,720575940611253746,CB2174,central,left,28.6,28.6,22.5,27.3,False,False
79218,720575940626928650,CB3416,central,left,28.6,30.0,23.1,31.8,False,False
63612,720575940623972279,CB1286,central,left,28.6,30.0,23.1,31.8,False,False
3985,720575940606892674,KCg-s2,central,right,28.6,30.0,22.5,27.3,False,False
6936,720575940609137500,LT42,visual_centrifugal,left,28.6,28.6,21.9,27.3,False,False
13151,720575940612120026,LHAV3g2,central,right,28.6,28.6,20.6,27.3,False,False
14086,720575940612435454,KCab,central,right,28.6,27.1,20.6,27.3,False,False
6857,720575940609077828,ATL029,central,left,28.6,30.0,21.9,27.3,False,False
56649,720575940622726896,PVLP084,central,right,28.6,30.0,21.9,27.3,False,False
117564,720575940635323255,ORN_VM2,sensory,left,28.6,30.0,22.5,31.8,False,False
87772,720575940628356666,"LT53,PLP098",visual_projection,left,28.6,28.6,20.0,27.3,False,False
29086,720575940616950161,CB0710,central,right,28.6,30.0,22.5,31.8,False,False
93563,720575940629439994,CB2035,central,right,28.6,30.0,21.9,27.3,False,False
125113,720575940638576829,ORN_DM2,sensory,left,28.6,0.0,0.0,0.0,True,False
51812,720575940621870204,CB1485,central,right,28.6,28.6,21.9,31.8,False,False
37219,720575940618953630,CB1626,central,left,28.6,28.6,20.6,27.3,False,False
22898,720575940615171084,ORN_DA4m,sensory,na,28.6,30.0,21.9,31.8,False,False
118623,720575940635707534,CB4242,central,right,28.6,30.0,23.8,31.8,False,False
57128,720575940622811400,CB3007,central,right,28.6,30.0,23.8,31.8,False,False
23440,720575940615324994,CB1511,central,left,28.6,28.6,21.2,27.3,False,False
123636,720575940637922367,CL126,central,right,28.6,31.4,21.9,27.3,False,False
74419,720575940626012453,CB3504,central,left,28.6,30.0,22.5,31.8,False,False
74297,720575940625992325,LHAV5a2_a3,central,right,28.6,25.7,20.6,27.3,False,False
26119,720575940616104379,CB2087,central,right,28.6,28.6,20.0,27.3,False,False
12925,720575940612042774,CB2492,central,right,28.6,30.0,21.9,27.3,False,False
127418,720575940639588723,KCg-m,central,right,28.6,30.0,23.1,27.3,False,False
118805,720575940635774071,IB008,central,right,28.6,25.7,23.1,31.8,False,False
124180,720575940638155632,SMP568,central,left,28.6,28.6,23.1,31.8,False,False
12910,720575940612036837,DNg96,descending,left,28.6,35.7,27.5,36.4,False,False
12928,720575940612042981,lLN9,central,right,28.6,30.0,21.9,31.8,False,False
91943,720575940629112579,FB4C,central,right,28.6,30.0,23.8,31.8,False,False
115348,720575940634498202,SLP103,central,right,28.6,30.0,21.2,27.3,False,False
127048,720575940639415248,ORN_DM4,sensory,left,28.6,0.0,0.0,0.0,True,False
112031,720575940633308371,PS100,central,left,27.1,30.0,22.5,36.4,False,False
33250,720575940618027803,CB1241,central,right,27.1,30.0,23.1,31.8,False,False
75038,720575940626135122,PAM05,central,right,27.1,30.0,20.6,27.3,False,False
127092,720575940639434704,ORN_DL1,sensory,left,27.1,28.6,22.5,27.3,False,False
44785,720575940620671512,ORN_VC2,sensory,left,27.1,28.6,21.9,27.3,False,False
62295,720575940623729907,ORN_VA7m,sensory,right,27.1,28.6,22.5,27.3,False,False
56617,720575940622722659,CL036,central,left,27.1,24.3,20.0,27.3,False,False
43078,720575940620351838,KCab,central,right,27.1,28.6,20.6,27.3,False,False
134904,720575940646088324,ORN_DL1,sensory,left,27.1,30.0,21.2,27.3,False,False
52071,720575940621921501,ORN_VL2a,sensory,left,27.1,28.6,22.5,31.8,False,False
123323,720575940637771829,ORN_VL1,sensory,left,27.1,28.6,20.0,27.3,False,False
66701,720575940624500519,ORN_DM2,sensory,right,27.1,0.0,0.0,0.0,True,False
42526,720575940620232363,KCg-m,central,right,27.1,28.6,21.9,27.3,False,False
1873,720575940605559986,KCg-m,central,left,27.1,30.0,20.6,27.3,False,False
1908,720575940605597385,CB3169,central,left,27.1,28.6,21.9,27.3,False,False
1977,720575940605641830,CB1114,central,left,27.1,27.1,20.0,27.3,False,False
59358,720575940623192781,CB0889,central,right,27.1,31.4,23.1,31.8,False,False
93485,720575940629425482,LAL037,central,left,27.1,27.1,21.9,27.3,False,False
78164,720575940626756117,ORN_VM4,sensory,left,27.1,28.6,21.2,27.3,False,False
97724,720575940630255813,CB2805,central,right,27.1,25.7,21.2,27.3,False,False
128747,720575940640164029,vDeltaF,central,right,27.1,27.1,22.5,27.3,False,False
93235,720575940629379402,Lai,optic,right,27.1,37.1,24.4,22.7,False,False
83610,720575940627649673,CB3654,central,left,27.1,28.6,21.9,31.8,False,False
56087,720575940622633693,LHAD1b5,central,left,27.1,25.7,18.1,27.3,False,False
52376,720575940621978117,IB038,central,left,27.1,27.1,20.6,27.3,False,False
67714,720575940624710653,CB0543,central,right,27.1,28.6,20.0,22.7,False,False
20781,720575940614574994,CL036,central,right,27.1,28.6,21.2,27.3,False,False
108315,720575940632407826,DNg70,descending,left,27.1,28.6,20.6,27.3,False,False
105847,720575940631863583,FB5N,central,left,27.1,27.1,20.6,27.3,False,False
55809,720575940622584069,cM01a,visual_centrifugal,left,27.1,32.9,20.0,18.2,False,False
43905,720575940620522305,ORN_VC1,sensory,right,27.1,28.6,21.2,27.3,False,False
32384,720575940617819728,LHPV5b1,central,right,27.1,28.6,21.2,27.3,False,False
4829,720575940607574283,CB2129,central,left,27.1,30.0,20.0,27.3,False,False
39401,720575940619548799,DNpe014,descending,right,27.1,34.3,19.4,18.2,False,False
32580,720575940617868249,CB0429,central,left,27.1,27.1,20.6,31.8,False,False
71435,720575940625434768,LHPV6d1,central,right,27.1,28.6,21.9,31.8,False,False
128450,720575940640032600,CB0071,central,right,27.1,28.6,21.9,27.3,False,False
97246,720575940630164028,CB2782,central,right,27.1,30.0,21.9,31.8,False,False
97474,720575940630209658,ORN_VA1v,sensory,right,27.1,28.6,21.2,27.3,False,False
76854,720575940626516026,ORN_DM6,sensory,right,27.1,28.6,21.2,27.3,False,False
120199,720575940636381541,KCab,central,left,27.1,30.0,21.2,27.3,False,False
10352,720575940611014570,ATL042,central,left,27.1,27.1,20.0,31.8,False,False
10344,720575940611012721,LHAV2g2_a,central,right,27.1,27.1,20.6,27.3,False,False
136133,720575940647907124,LHAV3k5,central,right,27.1,28.6,20.6,27.3,False,False
129392,720575940640451536,KCapbp-ap2,central,left,27.1,28.6,22.5,27.3,False,False
75822,720575940626308697,CB0761,central,left,27.1,28.6,20.6,27.3,False,False
16111,720575940613023911,KCab,central,left,27.1,28.6,21.2,27.3,False,False
26661,720575940616260825,KCapbp-m,central,left,27.1,28.6,21.2,27.3,False,False
43701,720575940620482182,CB0994,central,right,27.1,18.6,15.0,22.7,False,False
131225,720575940642010056,KCab,central,right,27.1,28.6,22.5,31.8,False,False
60263,720575940623353488,ORN_DL5,sensory,left,27.1,28.6,21.2,27.3,False,False
76069,720575940626357586,ORN_DA2,sensory,left,27.1,57.1,21.9,31.8,True,False
15783,720575940612941293,PLP199,central,right,27.1,25.7,18.1,27.3,False,False
86588,720575940628155868,PLP028,central,right,27.1,27.1,20.0,27.3,False,False
32998,720575940617969961,HRN_VP4,sensory,left,27.1,28.6,21.2,27.3,False,False
73796,720575940625898633,PAM08,central,left,27.1,28.6,20.6,27.3,False,False
3916,720575940606835401,CB2215,central,left,27.1,28.6,21.9,27.3,False,False
111649,720575940633209159,LHAV2o1,central,right,27.1,28.6,22.5,27.3,False,False
37206,720575940618950814,SLP129_c,central,left,27.1,30.0,21.2,27.3,False,False
8683,720575940610181496,PAM12,central,right,27.1,28.6,22.5,31.8,False,False
66561,720575940624471020,ORN_VL1,sensory,right,27.1,28.6,20.6,27.3,False,False
134814,720575940645989655,mALB5,central,right,27.1,30.0,21.9,31.8,False,False
105358,720575940631730349,PAM05,central,left,27.1,28.6,20.6,27.3,False,False
87943,720575940628380827,ORN_DA2,sensory,right,27.1,47.1,21.2,27.3,True,False
91304,720575940628989519,SLP457,central,right,27.1,31.4,20.0,27.3,False,False
93710,720575940629470726,SMP173,central,right,27.1,28.6,21.9,27.3,False,False
23076,720575940615218875,CB1621,central,right,27.1,30.0,20.6,31.8,False,False
21046,720575940614647658,ORN_VA1v,sensory,right,27.1,28.6,21.9,31.8,False,False
18755,720575940613885506,ORN_VM7v,sensory,left,27.1,28.6,20.0,27.3,False,False
51666,720575940621839086,KCapbp-m,central,right,27.1,30.0,21.2,27.3,False,False
37779,720575940619084909,CB1124,central,left,27.1,28.6,21.2,27.3,False,False
80766,720575940627170898,KCg-m,central,right,27.1,28.6,20.6,27.3,False,False
125085,720575940638564797,ORN_VL2p,sensory,right,27.1,28.6,22.5,27.3,False,False
58851,720575940623116585,KCg-m,central,left,27.1,28.6,21.9,27.3,False,False
73203,720575940625787536,FB5H,central,left,27.1,28.6,23.1,31.8,False,False
58392,720575940623041732,CB2796,central,left,27.1,28.6,19.4,27.3,False,False
13921,720575940612384665,KCg-m,central,right,27.1,27.1,20.0,27.3,False,False
103735,720575940631387949,CB1371,central,right,27.1,30.0,23.8,31.8,False,False
72723,720575940625694857,ORN_DL5,sensory,right,27.1,27.1,21.2,27.3,False,False
88690,720575940628517675,ORN_DA4l,sensory,left,27.1,28.6,20.6,27.3,False,False
78853,720575940626868361,ORN_VL2a,sensory,left,27.1,28.6,20.6,31.8,False,False
18036,720575940613636325,DNpe005,descending,left,27.1,28.6,21.9,31.8,False,False
17451,720575940613466577,ORN_DM4,sensory,right,27.1,0.0,0.0,0.0,True,False
115849,720575940634702431,ORN_DA1,sensory,left,27.1,28.6,21.2,27.3,False,False
59037,720575940623142536,CB1289,central,left,27.1,30.0,21.9,27.3,False,False
29640,720575940617097684,CB0069,central,left,27.1,25.7,18.1,27.3,False,False
64794,720575940624166949,vDeltaF,central,left,27.1,28.6,21.9,27.3,False,False
116748,720575940635059551,LHAD1c2c,central,right,27.1,30.0,21.9,31.8,False,False
125917,720575940638931133,ORN_VL1,sensory,right,27.1,28.6,21.9,27.3,False,False
96194,720575940629955372,PLP130,central,right,27.1,30.0,20.6,27.3,False,False
102915,720575940631229999,CB2584,central,right,27.1,28.6,21.2,27.3,False,False
22753,720575940615127471,OA-AL2b1,visual_centrifugal,left,27.1,28.6,21.9,31.8,False,False
41685,720575940620055905,ORN_DA2,sensory,left,27.1,52.9,21.2,27.3,True,False
29101,720575940616953467,CB1013,central,right,27.1,28.6,21.9,27.3,False,False
110386,720575940632868051,DNbe001,descending,left,27.1,24.3,18.1,27.3,False,False
34286,720575940618242353,ORN_DM6,sensory,right,27.1,28.6,21.9,27.3,False,False
210,720575940603492012,CB2211,central,right,27.1,28.6,21.2,31.8,False,False
54820,720575940622388318,Lawf2,optic,right,27.1,32.9,25.0,31.8,False,False
7783,720575940609647627,CB2245,central,left,27.1,28.6,20.6,27.3,False,False
29517,720575940617062706,CB1640,central,left,27.1,28.6,21.9,27.3,False,False
80436,720575940627120536,ORN_VA1v,sensory,left,27.1,28.6,21.9,27.3,False,False
8100,720575940609826168,CB3452,central,right,27.1,27.1,21.9,27.3,False,False
125353,720575940638678179,ORN_VC5,sensory,right,27.1,28.6,21.9,27.3,False,False
18505,720575940613791528,LHAV3a1,central,left,27.1,28.6,21.2,27.3,False,False
13536,720575940612264817,AVLP079,central,left,27.1,25.7,18.8,22.7,False,False
65002,720575940624200336,CB1846,central,right,27.1,28.6,23.1,31.8,False,False
25529,720575940615951814,LHAV7a7,central,left,27.1,28.6,21.2,27.3,False,False
102784,720575940631203276,CB4220,central,left,27.1,28.6,21.2,27.3,False,False
53266,720575940622128639,ATL009,central,right,27.1,30.0,21.2,27.3,False,False
53215,720575940622122010,CB2230,central,left,27.1,28.6,20.6,31.8,False,False
53608,720575940622190550,CB1843,central,right,27.1,27.1,19.4,27.3,False,False
54483,720575940622334448,M_spPN5t10,central,right,27.1,30.0,21.9,27.3,False,False
70264,720575940625171289,KCab,central,right,27.1,30.0,21.2,31.8,False,False
24473,720575940615631266,LAL101,central,right,27.1,28.6,20.0,22.7,False,False
60858,720575940623453959,CB0030,central,left,27.1,31.4,24.4,31.8,False,False
137146,720575940652311030,KCab,central,right,27.1,28.6,21.2,27.3,False,False
587,720575940604319078,KCapbp-ap1,central,right,27.1,27.1,21.9,31.8,False,False
236,720575940603556198,CB1513,central,left,27.1,28.6,22.5,31.8,False,False
89771,720575940628714358,KCg-m,central,right,27.1,30.0,21.2,27.3,False,False
70339,720575940625185613,PAM04,central,left,27.1,27.1,20.6,27.3,False,False
136508,720575940649134969,ORN_DM2,sensory,right,27.1,0.0,0.0,0.0,True,False
24348,720575940615596850,CB0886,motor,right,27.1,27.1,21.9,22.7,False,False
136482,720575940648931705,ORN_VA7m,sensory,right,27.1,28.6,22.5,31.8,False,False
1235,720575940605029250,KCapbp-ap2,central,right,27.1,28.6,20.6,27.3,False,False
138205,720575940659613569,CL118,central,right,27.1,27.1,21.2,31.8,False,False
136602,720575940649743481,LHAV7a1a,central,right,27.1,31.4,23.8,31.8,False,False
23974,720575940615474875,aSP-f3,central,left,27.1,27.1,20.6,27.3,False,False
24024,720575940615490814,CB3121,central,left,27.1,25.7,20.6,27.3,False,False
68413,720575940624849040,ORN_VA3,sensory,right,25.7,27.1,20.6,27.3,False,False
121478,720575940636970096,CRE023,central,left,25.7,25.7,18.8,22.7,False,False
121271,720575940636883034,ORN_DM3,sensory,left,25.7,27.1,20.0,27.3,False,False
1246,720575940605037996,CB1309,central,right,25.7,24.3,20.0,22.7,False,False
24926,720575940615757162,PLP012,central,left,25.7,27.1,19.4,27.3,False,False
107562,720575940632250285,SLP340,central,right,25.7,25.7,19.4,27.3,False,False
20232,720575940614390755,CB1735,central,left,25.7,25.7,19.4,22.7,False,False
60358,720575940623370180,KCg-m,central,right,25.7,27.1,19.4,27.3,False,False
16680,720575940613213165,LHPV2b5,central,right,25.7,25.7,18.8,22.7,False,False
86372,720575940628119555,KCab,central,left,25.7,27.1,20.0,27.3,False,False
35730,720575940618583965,LAL150a,central,left,25.7,30.0,20.6,27.3,False,False
54211,720575940622289919,ORN_VM4,sensory,left,25.7,27.1,19.4,27.3,False,False
54122,720575940622274013,CB2211,central,right,25.7,27.1,19.4,27.3,False,False
5400,720575940608015627,KCg-m,central,right,25.7,27.1,20.6,27.3,False,False
48971,720575940621393573,CB4171,central,right,25.7,27.1,20.6,27.3,False,False
94898,720575940629710444,ORN_DC1,sensory,right,25.7,27.1,21.9,27.3,False,False
54366,720575940622314928,SIP028b,central,right,25.7,25.7,20.0,31.8,False,False
138339,720575940660229505,DNg31,descending,right,25.7,28.6,21.9,31.8,False,False
106294,720575940631962705,LHPV5a1,central,right,25.7,15.7,11.9,13.6,False,False
117898,720575940635465573,ORN_VL1,sensory,left,25.7,27.1,21.2,27.3,False,False
72248,720575940625602608,KCapbp-m,central,left,25.7,27.1,20.0,22.7,False,False
46512,720575940620959256,KCg-m,central,right,25.7,27.1,21.2,27.3,False,False
79362,720575940626952847,Lawf2,optic,right,25.7,30.0,21.9,31.8,False,False
46836,720575940621017540,M_vPNml83,central,right,25.7,22.9,16.2,18.2,False,False
133339,720575940644630564,CB1348,central,left,25.7,27.1,19.4,27.3,False,False
31058,720575940617488477,CB0853,central,right,25.7,25.7,18.8,27.3,False,False
125626,720575940638804669,ORN_VC2,sensory,right,25.7,28.6,21.2,31.8,False,False
64950,720575940624191181,"AVLP011,AVLP012",central,right,25.7,25.7,20.0,27.3,False,False
133398,720575940644667246,ORN_VC5,sensory,right,25.7,27.1,20.6,27.3,False,False
57635,720575940622911768,CB3284,central,left,25.7,25.7,20.6,27.3,False,False
29496,720575940617052450,CB2334,central,left,25.7,28.6,20.0,27.3,False,False
79633,720575940626997013,WEDPN8D,central,left,25.7,27.1,19.4,22.7,False,False
50966,720575940621730567,LHPV6f1,central,right,25.7,30.0,21.9,31.8,False,False
94434,720575940629607273,CB1079,central,right,25.7,25.7,20.0,22.7,False,False
105370,720575940631732328,KCapbp-m,central,left,25.7,27.1,19.4,27.3,False,False
119372,720575940636008366,CRE007,central,right,25.7,28.6,20.0,27.3,False,False
23737,720575940615408490,Lawf2,optic,right,25.7,28.6,21.2,27.3,False,False
26397,720575940616178026,CL118,central,right,25.7,25.7,20.0,27.3,False,False
132675,720575940643906340,ORN_DP1l,sensory,left,25.7,27.1,20.6,27.3,False,False
65625,720575940624305642,WEDPN6A,central,left,25.7,24.3,20.0,27.3,False,False
103623,720575940631365260,mALD4,central,left,25.7,25.7,19.4,27.3,False,False
65520,720575940624289564,CB1644,central,left,25.7,27.1,20.0,27.3,False,False
18972,720575940613977041,KCab,central,right,25.7,27.1,19.4,27.3,False,False
126130,720575940639025998,ORN_VA6,sensory,right,25.7,27.1,20.0,27.3,False,False
112490,720575940633447394,CRE105,central,left,25.7,28.6,21.2,27.3,False,False
48407,720575940621301274,CB0352,central,left,25.7,28.6,20.6,27.3,False,False
39813,720575940619651019,KCapbp-ap2,central,right,25.7,27.1,19.4,22.7,False,False
113988,720575940633921453,CB2014,central,right,25.7,28.6,21.2,31.8,False,False
17311,720575940613426930,CB2810,central,left,25.7,27.1,19.4,27.3,False,False
49208,720575940621433641,LHAV2b7_b,central,left,25.7,28.6,21.2,27.3,False,False
131442,720575940642302605,CB1560,central,right,25.7,24.3,17.5,27.3,False,False
21852,720575940614858399,CB1686,central,right,25.7,30.0,20.6,27.3,False,False
68054,720575940624775975,LHPD2d2,central,left,25.7,27.1,20.0,22.7,False,False
70985,720575940625343550,PAM12,central,right,25.7,28.6,20.0,27.3,False,False
48704,720575940621349590,ORN_VA6,sensory,left,25.7,27.1,21.2,27.3,False,False
89220,720575940628612112,KCab,central,right,25.7,27.1,20.6,27.3,False,False
10367,720575940611022819,CB0972,central,right,25.7,25.7,19.4,27.3,False,False
31778,720575940617668510,LHPV6f1,central,right,25.7,28.6,21.9,31.8,False,False
135950,720575940647589172,LT41,visual_centrifugal,left,25.7,25.7,18.8,22.7,False,False
107809,720575940632305951,CRE056,central,right,25.7,27.1,21.2,31.8,False,False
82471,720575940627438076,AVLP201,central,right,25.7,28.6,21.2,27.3,False,False
82178,720575940627390440,CB2908,central,left,25.7,27.1,21.2,27.3,False,False
82697,720575940627478427,CB3727,central,right,25.7,27.1,20.6,27.3,False,False
15903,720575940612972328,ORN_DA2,sensory,right,25.7,62.9,20.6,27.3,True,False
106144,720575940631930060,ORN_VA6,sensory,left,25.7,27.1,21.2,27.3,False,False
81867,720575940627334782,ORN_VA6,sensory,right,25.7,27.1,20.0,27.3,False,False
81761,720575940627318696,ORN_DA2,sensory,left,25.7,52.9,19.4,27.3,True,False
9557,720575940610637235,KCab,central,left,25.7,27.1,21.2,27.3,False,False
74926,720575940626109315,MBON19,central,right,25.7,28.6,22.5,31.8,False,False
50094,720575940621589887,LHPV10d1,central,left,25.7,27.1,16.9,18.2,False,False
25083,720575940615811634,CB1153,central,right,25.7,27.1,21.2,27.3,False,False
132139,720575940643183140,ORN_DC1,sensory,right,25.7,27.1,20.6,27.3,False,False
5863,720575940608339209,AOTUv1A_T01,central,right,25.7,27.1,20.0,27.3,False,False
114495,720575940634141596,CL316,central,left,25.7,24.3,19.4,27.3,False,False
114321,720575940634057976,ORN_VC1,sensory,left,25.7,27.1,19.4,27.3,False,False
85726,720575940628009771,ORN_DM6,sensory,left,25.7,25.7,20.6,27.3,False,False
85745,720575940628013898,CB2159,central,right,25.7,27.1,19.4,27.3,False,False
4115,720575940607000450,DSKMP3,central,left,25.7,27.1,20.6,27.3,False,False
78133,720575940626751294,Lawf2,optic,right,25.7,31.4,23.1,31.8,False,False
99859,720575940630671122,SLP447,central,right,25.7,28.6,20.6,27.3,False,False
6227,720575940608619787,CB2714,central,right,25.7,30.0,19.4,27.3,False,False
119558,720575940636092393,KCab,central,right,25.7,18.6,13.8,18.2,False,False
119688,720575940636151391,CB1545,central,right,25.7,27.1,20.0,27.3,False,False
9495,720575940610605530,ORN_VA4,sensory,left,25.7,25.7,20.6,27.3,False,False
71533,720575940625452176,LHPV4a1,central,right,25.7,25.7,18.8,22.7,False,False
127264,720575940639509336,ORN_VA1v,sensory,right,25.7,28.6,20.0,27.3,False,False
6242,720575940608628419,VM7v_adPN,central,right,25.7,28.6,20.6,27.3,False,False
111648,720575940633208647,PS065,central,left,25.7,27.1,21.9,27.3,False,False
124312,720575940638212166,ORN_DC1,sensory,left,25.7,27.1,21.2,27.3,False,False
59142,720575940623158601,CL288,central,right,25.7,27.1,20.6,27.3,False,False
115673,720575940634638562,Dm17,optic,right,25.7,30.0,21.2,27.3,False,False
119107,720575940635899566,KCapbp-ap2,central,left,25.7,25.7,19.4,27.3,False,False
71947,720575940625534187,LHPV5c1,central,right,25.7,25.7,18.1,22.7,False,False
90429,720575940628822805,SMP595,central,left,25.7,27.1,21.2,27.3,False,False
90624,720575940628861660,CB2263,central,right,25.7,30.0,20.0,22.7,False,False
1730,720575940605441312,KCapbp-ap1,central,left,25.7,25.7,20.6,27.3,False,False
39446,720575940619559956,ORN_VL2a,sensory,right,25.7,27.1,20.0,27.3,False,False
114792,720575940634257890,CB0238,central,right,25.7,30.0,21.2,27.3,False,False
112316,720575940633389281,ORN_DL1,sensory,right,25.7,27.1,20.0,22.7,False,False
101476,720575940630958673,ORN_DM6,sensory,right,25.7,27.1,20.6,27.3,False,False
31932,720575940617701633,PAM10,central,left,25.7,27.1,19.4,27.3,False,False
104379,720575940631520312,aSP22,descending,right,25.7,28.6,21.2,31.8,False,False
93237,720575940629379415,PAM08,central,left,25.7,27.1,21.2,27.3,False,False
83882,720575940627700484,KCapbp-m,central,right,25.7,25.7,20.0,22.7,False,False
108066,720575940632364881,ORN_VL2a,sensory,right,25.7,27.1,19.4,22.7,False,False
32288,720575940617797149,CB2476,central,right,25.7,21.4,16.9,22.7,False,False
105783,720575940631843724,PAM04,central,left,25.7,25.7,18.8,22.7,False,False
71976,720575940625539786,ORN_DM3,sensory,left,24.3,25.7,19.4,22.7,False,False
103280,720575940631293202,CB0565,central,right,24.3,24.3,17.5,27.3,False,False
64449,720575940624108361,CB2714,central,left,24.3,27.1,18.1,22.7,False,False
25672,720575940615983510,CB3340,central,left,24.3,20.0,16.2,22.7,False,False
8230,720575940609904196,LHPV6f1,central,left,24.3,25.7,20.0,27.3,False,False
57389,720575940622867436,CB1357,central,right,24.3,25.7,20.6,27.3,False,False
35422,720575940618510265,LT52,visual_projection,right,24.3,24.3,17.5,22.7,False,False
126545,720575940639175869,LHAV2g3,central,right,24.3,24.3,18.8,27.3,False,False
73068,720575940625762447,KCab,central,right,24.3,21.4,16.9,22.7,False,False
73012,720575940625750671,KCg-m,central,right,24.3,27.1,19.4,27.3,False,False
78858,720575940626869013,ORN_DA1,sensory,right,24.3,25.7,18.1,22.7,False,False
18077,720575940613647007,PAM01,central,right,24.3,24.3,19.4,22.7,False,False
125165,720575940638603709,PVLP022,central,right,24.3,20.0,17.5,27.3,False,False
52172,720575940621943139,ORN_VA6,sensory,left,24.3,24.3,18.8,27.3,False,False
72524,720575940625660088,Lawf2,optic,left,24.3,28.6,20.0,27.3,False,False
42416,720575940620208879,CB3347,central,left,24.3,27.1,20.0,27.3,False,False
125047,720575940638548021,PAM07,central,left,24.3,27.1,20.0,27.3,False,False
72586,720575940625671426,ORN_VA6,sensory,right,24.3,25.7,20.6,27.3,False,False
13186,720575940612132826,LHAD1d1,central,right,24.3,22.9,17.5,22.7,False,False
102445,720575940631135789,CB2923,central,right,24.3,30.0,18.1,22.7,False,False
51202,720575940621767629,ORN_VA6,sensory,right,24.3,24.3,19.4,22.7,False,False
51246,720575940621775130,"SMP501,SMP502",central,right,24.3,24.3,18.1,27.3,False,False
2834,720575940606136498,CB4220,central,left,24.3,25.7,19.4,27.3,False,False
41913,720575940620107399,CB3048,central,right,24.3,25.7,21.2,27.3,False,False
57665,720575940622916075,ORN_VM3,sensory,left,24.3,25.7,19.4,22.7,False,False
31181,720575940617516760,KCab,central,right,24.3,25.7,19.4,27.3,False,False
13522,720575940612258019,CB2214,central,right,24.3,25.7,19.4,22.7,False,False
106879,720575940632080268,LHPV6h1,central,left,24.3,24.3,18.1,22.7,False,False
69483,720575940625028380,ORN_DL1,sensory,right,24.3,25.7,18.8,27.3,False,False
844,720575940604682976,CB0997,central,left,24.3,25.7,20.6,27.3,False,False
54286,720575940622302488,KCg-m,central,right,24.3,24.3,19.4,27.3,False,False
20361,720575940614428722,KCab,central,right,24.3,27.1,19.4,27.3,False,False
54904,720575940622403030,KCapbp-m,central,left,24.3,25.7,20.0,27.3,False,False
136923,720575940650822265,ORN_VL2a,sensory,left,24.3,25.7,20.0,27.3,False,False
7745,720575940609621316,CB1752,central,left,24.3,25.7,19.4,22.7,False,False
102032,720575940631061559,CB1646,central,left,24.3,25.7,19.4,22.7,False,False
43415,720575940620429317,KCapbp-ap2,central,left,24.3,25.7,20.0,27.3,False,False
11288,720575940611428977,SIP064,central,right,24.3,22.9,16.2,22.7,False,False
121937,720575940637190990,KCg-m,central,right,24.3,21.4,16.9,22.7,False,False
2813,720575940606123698,KCapbp-ap1,central,left,24.3,25.7,19.4,27.3,False,False
57455,720575940622880588,ORN_DM2,sensory,left,24.3,0.0,0.0,0.0,True,False
109776,720575940632734033,CB0894,central,left,24.3,25.7,19.4,27.3,False,False
116430,720575940634939546,KCab,central,left,24.3,25.7,19.4,22.7,False,False
7345,720575940609365828,CB3625,central,right,24.3,22.9,21.2,31.8,False,False
38777,720575940619354965,CB2015,central,right,24.3,25.7,19.4,22.7,False,False
38712,720575940619331157,SLP207,central,right,24.3,24.3,19.4,27.3,False,False
34205,720575940618226085,KCab,central,right,24.3,24.3,18.1,22.7,False,False
51523,720575940621814911,CB0495,central,left,24.3,24.3,18.1,22.7,False,False
27735,720575940616566745,ORN_DC1,sensory,right,24.3,25.7,19.4,27.3,False,False
34349,720575940618256833,M_vPNml53,central,right,24.3,27.1,19.4,27.3,False,False
105256,720575940631708973,SAD084,central,left,24.3,24.3,21.9,31.8,False,False
29605,720575940617089876,ORN_DM6,sensory,left,24.3,25.7,18.1,22.7,False,False
12004,720575940611697066,KCg-m,central,right,24.3,24.3,18.1,22.7,False,False
127651,720575940639688611,KCab,central,right,24.3,27.1,18.8,22.7,False,False
127665,720575940639693373,PLP065b,central,left,24.3,25.7,20.0,27.3,False,False
15554,720575940612881114,"PLP041,PLP043",central,right,24.3,25.7,17.5,22.7,False,False
85135,720575940627912492,KCg-m,central,right,24.3,25.7,18.8,27.3,False,False
78418,720575940626800792,ORN_VA1d,sensory,right,24.3,27.1,19.4,27.3,False,False
77451,720575940626632721,CB1220,central,right,24.3,25.7,17.5,27.3,False,False
132002,720575940642949576,SMP121,central,left,24.3,24.3,18.8,22.7,False,False
45131,720575940620720878,CL317,central,left,24.3,27.1,21.9,27.3,False,False
25111,720575940615820556,CB0942,central,left,24.3,25.7,19.4,27.3,False,False
75129,720575940626158692,KCapbp-m,central,left,24.3,25.7,18.1,22.7,False,False
45286,720575940620746093,KCab,central,right,24.3,25.7,19.4,27.3,False,False
40638,720575940619838518,CRE043,central,right,24.3,25.7,18.1,27.3,False,False
75009,720575940626128386,CB3610,central,right,24.3,27.1,20.6,22.7,False,False
92240,720575940629167515,CB3507,central,left,24.3,24.3,18.8,22.7,False,False
21435,720575940614742214,ORN_VL2a,sensory,right,24.3,25.7,19.4,22.7,False,False
52040,720575940621915397,IB059b,central,left,24.3,25.7,18.1,22.7,False,False
74512,720575940626027964,CB2881,central,left,24.3,27.1,19.4,27.3,False,False
124208,720575940638165875,ORN_VC1,sensory,left,24.3,25.7,19.4,22.7,False,False
92064,720575940629137148,LT77,visual_projection,right,24.3,25.7,18.8,27.3,False,False
90656,720575940628868352,ORN_VL2a,sensory,left,24.3,24.3,18.8,27.3,False,False
118127,720575940635549620,DNp29,descending,right,24.3,24.3,16.9,18.2,False,False
93967,720575940629511383,ORN_DA1,sensory,right,24.3,27.1,18.8,22.7,False,False
37111,720575940618929112,CB3452,central,left,24.3,22.9,18.8,22.7,False,False
58707,720575940623090412,ORN_DL2d,sensory,left,24.3,24.3,19.4,22.7,False,False
3789,720575940606745266,CB1473,central,left,24.3,27.1,18.1,22.7,False,False
78715,720575940626849423,ORN_VM4,sensory,right,24.3,25.7,19.4,27.3,False,False
78619,720575940626833994,CB2164,central,right,24.3,25.7,20.0,27.3,False,False
38928,720575940619403942,CB0244,central,right,24.3,28.6,20.6,27.3,False,False
39041,720575940619432261,DNp26,descending,left,24.3,24.3,20.6,27.3,False,False
6243,720575940608629973,LHAV4d1,central,right,24.3,28.6,20.0,27.3,False,False
67444,720575940624659914,SMP119,central,right,24.3,25.7,20.6,31.8,False,False
66528,720575940624462850,WED015,central,left,24.3,25.7,18.1,22.7,False,False
120136,720575940636356836,KCg-m,central,right,24.3,25.7,17.5,27.3,False,False
48308,720575940621282774,ORN_DM3,sensory,right,24.3,24.3,19.4,22.7,False,False
77715,720575940626676869,CB3873,central,right,24.3,25.7,19.4,27.3,False,False
27404,720575940616472465,ORN_DL4,sensory,right,24.3,25.7,18.1,22.7,False,False
27235,720575940616417169,ORN_VA6,sensory,right,24.3,25.7,20.0,27.3,False,False
22270,720575940615000426,LHAD1b4,central,right,24.3,22.9,18.8,27.3,False,False
42999,720575940620337072,ORN_DA4m,sensory,left,24.3,25.7,20.0,27.3,False,False
67839,720575940624736400,ORN_VM4,sensory,right,24.3,25.7,19.4,27.3,False,False
55845,720575940622590669,LHAV4b1,central,right,24.3,22.9,18.1,22.7,False,False
24097,720575940615513410,CB2973,central,left,24.3,25.7,20.6,27.3,False,False
83996,720575940627717575,KCg-m,central,left,24.3,25.7,19.4,22.7,False,False
20848,720575940614595218,MBON28,central,left,24.3,25.7,21.2,31.8,False,False
12195,720575940611772514,cL16,visual_centrifugal,left,24.3,22.9,16.9,22.7,False,False
10149,720575940610926762,ORN_VM4,sensory,right,24.3,25.7,20.0,27.3,False,False
22222,720575940614983274,KCg-m,central,right,24.3,27.1,19.4,27.3,False,False
101350,720575940630936915,KCab,central,left,24.3,25.7,20.0,27.3,False,False
5854,720575940608336514,AVLP536,central,right,24.3,24.3,16.9,22.7,False,False
15363,720575940612829663,CB3383,central,right,24.3,25.7,19.4,27.3,False,False
36799,720575940618849227,SMP089,central,left,24.3,25.7,19.4,27.3,False,False
135426,720575940646768419,MTe18,visual_projection,left,24.3,25.7,20.0,22.7,False,False
36981,720575940618893366,CB1513,central,right,24.3,25.7,18.8,22.7,False,False
82058,720575940627368723,DNde005,descending,left,24.3,28.6,20.6,31.8,False,False
15128,720575940612755618,PAM07,central,right,24.3,25.7,18.8,27.3,False,False
76860,720575940626518302,CB2908,central,left,24.3,25.7,20.0,27.3,False,False
113104,720575940633642391,ORN_VL2p,sensory,right,24.3,27.1,20.0,22.7,False,False
48871,720575940621376196,KCab,central,right,24.3,24.3,18.8,22.7,False,False
129967,720575940640770957,PAM12,central,right,24.3,25.7,20.0,22.7,False,False
26613,720575940616239873,HRN_VP4,sensory,left,24.3,25.7,18.8,22.7,False,False
92984,720575940629325911,CB2476,central,left,24.3,21.4,15.6,22.7,False,False
104017,720575940631446855,PLP213,central,left,24.3,22.9,16.2,22.7,False,False
130250,720575940640932003,SLP274,central,left,24.3,27.1,19.4,27.3,False,False
79993,720575940627053861,Pm13,optic,left,22.9,22.9,18.1,22.7,False,False
2905,720575940606179686,DNpe021,descending,left,22.9,25.7,18.8,27.3,False,False
125255,720575940638638406,LHPV4a10,central,right,22.9,18.6,13.8,13.6,False,False
105214,720575940631698340,AVLP449,central,right,22.9,18.6,15.6,22.7,False,False
125567,720575940638772387,ORN_VM4,sensory,left,22.9,22.9,18.1,22.7,False,False
21091,720575940614660519,CB0461,central,right,22.9,22.9,18.8,27.3,False,False
32867,720575940617938269,IB117,central,left,22.9,21.4,16.2,22.7,False,False
102372,720575940631123820,PLP187,central,left,22.9,24.3,18.1,22.7,False,False
82061,720575940627369810,AVLP471,central,left,22.9,24.3,18.1,22.7,False,False
52769,720575940622055201,LHAV2b10,central,right,22.9,22.9,20.0,27.3,False,False
82815,720575940627497244,Li33,optic,left,22.9,24.3,19.4,13.6,False,False
30062,720575940617224861,CB2669,central,left,22.9,24.3,17.5,22.7,False,False
43276,720575940620400116,CB2471,central,left,22.9,24.3,18.8,22.7,False,False
1810,720575940605513417,ORN_DL1,sensory,left,22.9,24.3,16.9,22.7,False,False
64902,720575940624184063,Lawf2,optic,left,22.9,25.7,19.4,27.3,False,False
115968,720575940634748385,Pm13,optic,left,22.9,22.9,18.1,22.7,False,False
29410,720575940617034013,ORN_VA6,sensory,left,22.9,24.3,17.5,22.7,False,False
108195,720575940632389688,ORN_VA1v,sensory,left,22.9,24.3,18.8,22.7,False,False
50637,720575940621674108,ORN_VA6,sensory,right,22.9,24.3,18.1,27.3,False,False
73175,720575940625781541,KCapbp-ap2,central,right,22.9,24.3,19.4,27.3,False,False
44067,720575940620553094,CB0159,central,left,22.9,24.3,17.5,22.7,False,False
74223,720575940625977870,mALB4,central,right,22.9,24.3,18.1,27.3,False,False
48851,720575940621373052,"SMP144,SMP150",central,right,22.9,21.4,16.9,22.7,False,False
575,720575940604284337,WEDPN7B,central,right,22.9,25.7,19.4,22.7,False,False
128651,720575940640133083,CB3918,central,center,22.9,24.3,18.8,22.7,False,False
112714,720575940633523808,ORN_DL4,sensory,left,22.9,22.9,17.5,22.7,False,False
101307,720575940630929426,CB1361,central,left,22.9,24.3,17.5,22.7,False,False
902,720575940604735660,CB0049,central,right,22.9,28.6,17.5,22.7,False,False
43949,720575940620532244,ORN_VA1v,sensory,left,22.9,24.3,18.8,22.7,False,False
83964,720575940627713813,LHAV7a5,central,right,22.9,24.3,17.5,22.7,False,False
20876,720575940614603707,"PLP026,PLP027",central,left,22.9,25.7,18.8,27.3,False,False
80179,720575940627082500,FB5C,central,right,22.9,24.3,20.6,27.3,False,False
58188,720575940623007100,cLP05,visual_centrifugal,right,22.9,22.9,17.5,22.7,False,False
30705,720575940617392980,CB0734,central,left,22.9,24.3,18.1,27.3,False,False
65830,720575940624336647,WED104,central,right,22.9,24.3,18.8,27.3,False,False
23798,720575940615426610,PLP142,central,right,22.9,24.3,18.1,31.8,False,False
67967,720575940624758361,CB0079,central,left,22.9,22.9,17.5,22.7,False,False
10267,720575940610979938,CB1626,central,right,22.9,22.9,18.1,27.3,False,False
18131,720575940613668266,AVLP432,central,left,22.9,22.9,15.0,18.2,False,False
65654,720575940624309739,CB1363,central,right,22.9,21.4,17.5,22.7,False,False
128951,720575940640258613,CB1824,central,right,22.9,22.9,17.5,22.7,False,False
134188,720575940645360663,Lawf2,optic,right,22.9,25.7,20.0,27.3,False,False
93424,720575940629414903,ORN_VL1,sensory,left,22.9,24.3,18.1,27.3,False,False
23870,720575940615446338,CB2679,central,left,22.9,21.4,17.5,22.7,False,False
136411,720575940648646532,cM16,visual_centrifugal,right,22.9,21.4,18.8,22.7,False,False
43566,720575940620458461,CB3132,central,right,22.9,24.3,17.5,27.3,False,False
136622,720575940649803129,CB3448,central,left,22.9,20.0,15.0,18.2,False,False
24899,720575940615750075,ORN_VA7m,sensory,right,22.9,22.9,17.5,22.7,False,False
11399,720575940611475370,ORN_VM1,sensory,left,22.9,24.3,18.8,22.7,False,False
92095,720575940629142171,SLP132,central,left,22.9,24.3,16.2,18.2,False,False
134418,720575940645577348,KCab,central,left,22.9,24.3,18.1,22.7,False,False
12702,720575940611952810,CB2036,central,left,22.9,25.7,18.1,22.7,False,False
45293,720575940620746478,PS100,central,right,22.9,27.1,21.9,36.4,False,False
131822,720575940642663368,KCab,central,left,22.9,22.9,17.5,22.7,False,False
19258,720575940614087377,CB1640,central,right,22.9,24.3,18.1,22.7,False,False
83388,720575940627604977,AVLP537,central,right,22.9,22.9,15.6,22.7,False,False
108459,720575940632432402,CB3169,central,left,22.9,24.3,17.5,22.7,False,False
47895,720575940621204095,CB2196,central,right,22.9,22.9,16.9,22.7,False,False
111426,720575940633163711,PAM12,central,left,22.9,24.3,18.8,22.7,False,False
14469,720575940612553642,CB2296,central,right,22.9,21.4,16.9,22.7,False,False
111622,720575940633203225,ORN_DM2,sensory,left,22.9,0.0,0.0,0.0,True,False
108356,720575940632413604,LHPV5b2,central,left,22.9,24.3,18.1,22.7,False,False
57164,720575940622820586,KCg-m,central,right,22.9,17.1,13.1,18.2,False,False
99709,720575940630645067,ORN_DM3,sensory,right,22.9,24.3,18.1,22.7,False,False
99736,720575940630650063,PAM01,central,right,22.9,24.3,18.1,22.7,False,False
117571,720575940635325551,SLP395,central,right,22.9,25.7,19.4,27.3,False,False
87913,720575940628375255,KCg-m,central,right,22.9,24.3,17.5,22.7,False,False
8328,720575940609957315,CB0496,central,right,22.9,24.3,18.1,22.7,False,False
51836,720575940621875821,CB4202,central,center,22.9,24.3,18.8,27.3,False,False
90447,720575940628825210,CB3463,central,right,22.9,24.3,18.1,22.7,False,False
38518,720575940619277733,ORN_DM2,sensory,right,22.9,0.0,0.0,0.0,True,False
126609,720575940639202467,CB1321,central,right,22.9,24.3,18.8,27.3,False,False
51516,720575940621814049,SMP376,central,left,22.9,21.4,17.5,22.7,False,False
58335,720575940623031223,ORN_DA3,sensory,right,22.9,24.3,16.9,22.7,False,False
122525,720575940637451497,CB0942,central,left,22.9,25.7,18.8,27.3,False,False
35093,720575940618432185,Lawf2,optic,right,22.9,25.7,18.8,27.3,False,False
48328,720575940621285452,ORN_VA6,sensory,left,22.9,24.3,18.8,27.3,False,False
114579,720575940634183103,ORN_DL4,sensory,right,22.9,25.7,18.1,27.3,False,False
71030,720575940625352456,PAM01,central,left,22.9,24.3,17.5,22.7,False,False
20493,720575940614475943,CB1560,central,left,22.9,24.3,17.5,22.7,False,False
187,720575940603430112,ORN_VM5d,sensory,left,22.9,24.3,18.1,22.7,False,False
55110,720575940622446341,LAL022,central,right,22.9,22.9,18.1,27.3,False,False
136560,720575940649494137,CB2524,central,left,22.9,22.9,16.9,22.7,False,False
16540,720575940613161267,ORN_VM4,sensory,right,22.9,24.3,18.8,22.7,False,False
61147,720575940623503111,KCg-m,central,right,22.9,21.4,16.2,22.7,False,False
34436,720575940618273241,CB0606,central,right,22.9,21.4,16.9,22.7,False,False
34077,720575940618198233,SMP128,central,right,22.9,25.7,19.4,27.3,False,False
88739,720575940628527247,FB6A_c,central,left,22.9,24.3,18.1,22.7,False,False
30182,720575940617258821,ORN_VM3,sensory,left,22.9,22.9,18.1,22.7,False,False
100511,720575940630778746,Lawf2,optic,left,22.9,27.1,19.4,27.3,False,False
20083,720575940614344755,ORN_VA1d,sensory,right,22.9,24.3,16.9,22.7,False,False
100838,720575940630836471,CB1289,central,right,22.9,22.9,19.4,27.3,False,False
28246,720575940616727782,LHAV4c2,central,right,22.9,24.3,18.8,27.3,False,False
137316,720575940652941217,CB4219,central,right,22.9,24.3,17.5,22.7,False,False
121152,720575940636828334,CB0467,central,left,22.9,27.1,19.4,27.3,False,False
25541,720575940615954070,Lawf2,optic,right,22.9,24.3,18.1,27.3,False,False
81081,720575940627214235,l2LN23,central,right,22.9,24.3,18.8,22.7,False,False
105543,720575940631777956,LHAV7a4b,central,right,22.9,21.4,18.1,22.7,False,False
6626,720575940608929749,CB1511,central,right,22.9,22.9,18.1,27.3,False,False
122181,720575940637297271,CB1246,central,left,22.9,25.7,18.1,22.7,False,False
35935,720575940618634107,LHPV6r1,central,left,22.9,22.9,17.5,22.7,False,False
2704,720575940606053041,ORN_V,sensory,right,22.9,24.3,18.8,22.7,False,False
123643,720575940637928164,PAM04,central,right,22.9,24.3,17.5,22.7,False,False
26568,720575940616228213,ORN_DA4m,sensory,left,22.9,24.3,18.8,22.7,False,False
37814,720575940619093524,ORN_VA2,sensory,left,21.4,22.9,16.2,22.7,False,False
132495,720575940643707246,HRN_VP4,sensory,right,21.4,22.9,16.2,22.7,False,False
22794,720575940615137199,CB2148,central,left,21.4,21.4,16.9,22.7,False,False
91346,720575940628996348,Lawf2,optic,left,21.4,21.4,16.2,22.7,False,False
25298,720575940615885195,ORN_VM3,sensory,right,21.4,24.3,16.9,22.7,False,False
72780,720575940625703923,cLP05,visual_centrifugal,left,21.4,22.9,17.5,27.3,False,False
32914,720575940617947771,CB3054,central,right,21.4,24.3,18.1,22.7,False,False
31076,720575940617492180,LHPV4d3,central,right,21.4,11.4,9.4,13.6,False,False
57659,720575940622915060,WEDPN12,central,right,21.4,24.3,15.6,22.7,False,False
25539,720575940615953350,CB1246,central,left,21.4,22.9,18.1,22.7,False,False
125775,720575940638871128,ORN_VA7m,sensory,right,21.4,22.9,16.9,22.7,False,False
86689,720575940628174674,LHAV2b9,central,right,21.4,21.4,18.1,22.7,False,False
31874,720575940617687067,SLP286,central,left,21.4,21.4,16.9,22.7,False,False
17847,720575940613588246,cL16,visual_centrifugal,right,21.4,21.4,16.2,22.7,False,False
85414,720575940627956471,"PS184,PS272",central,right,21.4,20.0,14.4,18.2,False,False
128480,720575940640048974,Lawf2,optic,left,21.4,24.3,16.9,22.7,False,False
122361,720575940637374441,ORN_DA4m,sensory,right,21.4,22.9,16.2,22.7,False,False
128610,720575940640113616,ORN_DL3,sensory,right,21.4,22.9,16.2,22.7,False,False
9857,720575940610769506,CB2584,central,left,21.4,24.3,16.9,22.7,False,False
68003,720575940624766768,CB2910,central,left,21.4,22.9,16.9,22.7,False,False
130711,720575940641403021,ORN_DA2,sensory,left,21.4,45.7,16.9,22.7,True,False
70426,720575940625214183,Lawf2,optic,right,21.4,24.3,18.1,22.7,False,False
65203,720575940624233418,CB0972,central,left,21.4,22.9,18.1,22.7,False,False
17215,720575940613396130,ORN_VC4,sensory,left,21.4,21.4,16.2,22.7,False,False
104695,720575940631585388,CB2470,central,right,21.4,22.9,16.9,27.3,False,False
76304,720575940626400019,CB1062,central,right,21.4,24.3,17.5,27.3,False,False
15824,720575940612951789,ORN_VL2a,sensory,left,21.4,24.3,16.9,22.7,False,False
135997,720575940647663748,Lawf2,optic,right,21.4,25.7,18.1,22.7,False,False
43180,720575940620374693,CB0778,central,left,21.4,24.3,18.8,18.2,False,False
43207,720575940620381575,CL323b,central,left,21.4,21.4,16.2,22.7,False,False
16623,720575940613191591,TRN_VP3a,sensory,left,21.4,21.4,16.2,22.7,False,False
104693,720575940631584876,OA-AL2i4,visual_centrifugal,left,21.4,21.4,16.2,18.2,False,False
130899,720575940641592973,ORN_V,sensory,right,21.4,22.9,16.9,22.7,False,False
48917,720575940621383679,CB1490,central,right,21.4,22.9,17.5,22.7,False,False
15099,720575940612743958,KCapbp-ap1,central,left,21.4,22.9,16.2,22.7,False,False
40274,720575940619749767,ORN_VA1d,sensory,left,21.4,22.9,16.2,22.7,False,False
12346,720575940611830937,ORN_VM7d,sensory,right,21.4,22.9,18.1,22.7,False,False
67901,720575940624746940,mAL6,central,right,21.4,22.9,18.1,22.7,False,False
95561,720575940629845303,SMP077,central,left,21.4,20.0,16.2,22.7,False,False
115295,720575940634468975,ORN_VC2,sensory,left,21.4,22.9,17.5,22.7,False,False
74671,720575940626064138,ORN_DL1,sensory,left,21.4,24.3,16.9,22.7,False,False
135007,720575940646221108,ORN_DM3,sensory,right,21.4,21.4,16.2,22.7,False,False
96444,720575940630003195,CB3776,central,left,21.4,24.3,16.9,27.3,False,False
134984,720575940646192692,SAD084,central,right,21.4,18.6,18.1,27.3,False,False
97915,720575940630291671,AVLP432,central,right,21.4,24.3,16.2,18.2,False,False
92216,720575940629163419,DSKMP3,central,left,21.4,21.4,16.2,22.7,False,False
14987,720575940612713937,LHPV5b2,central,left,21.4,22.9,16.2,22.7,False,False
111346,720575940633140887,KCab,central,right,21.4,22.9,16.2,22.7,False,False
90285,720575940628800762,KCapbp-ap1,central,right,21.4,24.3,16.9,22.7,False,False
6203,720575940608607445,ORN_DL4,sensory,left,21.4,21.4,16.2,18.2,False,False
90404,720575940628818492,LHPV4b3,central,left,21.4,24.3,16.2,22.7,False,False
19303,720575940614104017,CB1103,central,right,21.4,20.0,13.8,18.2,False,False
89392,720575940628642576,IB038,central,right,21.4,22.9,16.2,22.7,False,False
131831,720575940642669728,ORN_VA1v,sensory,right,21.4,22.9,16.9,22.7,False,False
19134,720575940614037910,ORN_DA1,sensory,right,21.4,22.9,16.2,22.7,False,False
31679,720575940617641446,LHPV5c1,central,left,21.4,18.6,15.0,18.2,False,False
52173,720575940621943187,LHAD1b5,central,left,21.4,17.1,13.8,18.2,False,False
127535,720575940639645757,CB3727,central,right,21.4,22.9,16.9,18.2,False,False
21478,720575940614751650,CB0495,central,right,21.4,20.0,16.9,22.7,False,False
52248,720575940621954398,LHAV5a2_a4,central,right,21.4,15.7,11.9,13.6,False,False
132049,720575940643028936,CB2841,central,left,21.4,22.9,15.6,18.2,False,False
27270,720575940616425531,"PLP198,SLP361",central,right,21.4,25.7,16.2,18.2,False,False
98433,720575940630399995,KCapbp-ap2,central,right,21.4,21.4,17.5,22.7,False,False
78972,720575940626887055,CB3054,central,right,21.4,22.9,18.1,22.7,False,False
65836,720575940624338056,Dm17,optic,right,21.4,24.3,19.4,22.7,False,False
26401,720575940616179286,ORN_VC2,sensory,right,21.4,22.9,16.2,22.7,False,False
133513,720575940644751652,DNg34,descending,right,21.4,24.3,18.1,22.7,False,False
8334,720575940609959726,l2LN22,central,left,21.4,21.4,16.2,22.7,False,False
87748,720575940628353018,LAL031,central,left,21.4,24.3,16.2,22.7,False,False
78991,720575940626889765,CB3112,central,left,21.4,21.4,16.2,22.7,False,False
124787,720575940638434357,ORN_VM3,sensory,left,21.4,24.3,16.9,22.7,False,False
71047,720575940625355920,AN_GNG_150,ascending,left,21.4,22.9,17.5,22.7,False,False
114910,720575940634308959,FB5B,central,right,21.4,22.9,16.2,22.7,False,False
54674,720575940622363588,CB2203,central,left,21.4,22.9,17.5,22.7,False,False
20455,720575940614464167,CB1512,central,right,21.4,14.3,11.2,13.6,False,False
94945,720575940629721399,ORN_VM2,sensory,left,21.4,21.4,16.2,18.2,False,False
95015,720575940629735163,KCapbp-ap1,central,left,21.4,21.4,16.2,22.7,False,False
28732,720575940616857757,ORN_VC5,sensory,right,21.4,22.9,16.9,22.7,False,False
81181,720575940627229339,PS188b,central,left,21.4,25.7,17.5,22.7,False,False
12864,720575940612019442,ORN_DA2,sensory,left,21.4,40.0,17.5,22.7,True,False
118404,720575940635640312,DNp62,descending,left,21.4,21.4,16.9,22.7,False,False
127328,720575940639543715,KCapbp-m,central,right,21.4,20.0,15.6,22.7,False,False
119162,720575940635917966,CL128a,central,right,21.4,25.7,18.1,27.3,False,False
99435,720575940630592031,l2LN23,central,right,21.4,21.4,16.2,22.7,False,False
35842,720575940618610311,ORN_VM4,sensory,right,21.4,22.9,16.2,22.7,False,False
137211,720575940652593398,AN_GNG_150,ascending,right,21.4,24.3,16.9,22.7,False,False
43610,720575940620465996,KCab,central,right,21.4,22.9,16.2,18.2,False,False
101467,720575940630957765,CB2022,central,left,21.4,22.9,16.2,22.7,False,False
1741,720575940605449929,KCapbp-m,central,left,21.4,21.4,15.0,18.2,False,False
113929,720575940633904796,LHAD1c2c,central,left,21.4,22.9,18.1,22.7,False,False
113735,720575940633837247,ORN_VA6,sensory,left,21.4,22.9,18.1,22.7,False,False
94942,720575940629720958,CB0948,central,left,21.4,24.3,16.9,22.7,False,False
1310,720575940605101758,CB1668,central,left,21.4,22.9,16.2,22.7,False,False
60791,720575940623444044,Sm42,optic,left,21.4,21.4,16.9,22.7,False,False
68824,720575940624917031,ORN_DC3,sensory,right,21.4,22.9,18.1,27.3,False,False
11161,720575940611378382,LHAD1f1b,central,left,21.4,24.3,17.5,22.7,False,False
107013,720575940632107335,PPL104,central,right,21.4,25.7,18.8,31.8,False,False
52878,720575940622071517,SMP173,central,left,21.4,24.3,18.1,27.3,False,False
52939,720575940622081818,LHAV7a5,central,left,21.4,24.3,16.9,27.3,False,False
83235,720575940627573766,KCapbp-ap2,central,left,21.4,22.9,16.2,22.7,False,False
52944,720575940622082518,TRN_VP1m,sensory,right,21.4,21.4,17.5,18.2,False,False
36097,720575940618677639,CB2292,central,left,21.4,21.4,16.2,22.7,False,False
100349,720575940630751535,KCg-m,central,right,21.4,22.9,16.2,22.7,False,False
10873,720575940611244530,CB2428,central,right,20.0,20.0,17.5,22.7,False,False
20071,720575940614342038,DNge047,descending,left,20.0,21.4,16.9,22.7,False,False
100769,720575940630824239,ORN_VL1,sensory,right,20.0,20.0,15.6,22.7,False,False
36462,720575940618759128,ORN_VL2a,sensory,right,20.0,21.4,16.2,22.7,False,False
30219,720575940617272025,LHPV3b1_b,central,right,20.0,20.0,13.8,18.2,False,False
92714,720575940629263888,cM01b,visual_centrifugal,left,20.0,21.4,16.2,22.7,False,False
130385,720575940641066229,KCab,central,left,20.0,24.3,16.9,22.7,False,False
121815,720575940637126286,Lawf2,optic,right,20.0,24.3,18.8,27.3,False,False
10636,720575940611139733,AVLP251,central,right,20.0,25.7,17.5,22.7,False,False
121700,720575940637073385,LAL037,central,left,20.0,18.6,14.4,22.7,False,False
32136,720575940617754653,ORN_VA5,sensory,left,20.0,21.4,15.0,22.7,False,False
1249,720575940605039788,LHAV3g2,central,right,20.0,20.0,15.0,22.7,False,False
1472,720575940605246850,KCab,central,left,20.0,22.9,15.6,22.7,False,False
28727,720575940616856605,CB1169,central,left,20.0,20.0,15.0,18.2,False,False
53584,720575940622186376,PLP143,central,left,20.0,21.4,16.9,22.7,False,False
55370,720575940622492637,ORN_VA6,sensory,left,20.0,20.0,15.6,22.7,False,False
134846,720575940646033028,ORN_VL1,sensory,left,20.0,22.9,16.2,22.7,False,False
21366,720575940614726546,ORN_DM3,sensory,left,20.0,20.0,16.2,22.7,False,False
123853,720575940638027497,FB4N,central,left,20.0,20.0,13.1,13.6,False,False
71875,720575940625521899,CB1988,central,right,20.0,17.1,14.4,18.2,False,False
47431,720575940621119623,CB3424,central,left,20.0,21.4,16.9,22.7,False,False
41256,720575940619974689,KCab,central,right,20.0,18.6,11.9,13.6,False,False
41260,720575940619976686,ORN_DA3,sensory,right,20.0,21.4,16.2,18.2,False,False
6573,720575940608891075,CB1721,central,right,20.0,21.4,15.6,22.7,False,False
115702,720575940634648568,ORN_VM4,sensory,left,20.0,21.4,16.2,22.7,False,False
115887,720575940634716823,PLP028,central,left,20.0,21.4,15.6,18.2,False,False
58910,720575940623126697,MTe47,visual_projection,right,20.0,20.0,15.0,22.7,False,False
135069,720575940646308740,ORN_VL2p,sensory,right,20.0,21.4,15.6,18.2,False,False
135109,720575940646369827,CB2467,central,left,20.0,21.4,15.6,22.7,False,False
56255,720575940622663629,ORN_VM4,sensory,left,20.0,21.4,16.2,18.2,False,False
132294,720575940643407520,ORN_DM3,sensory,right,20.0,21.4,15.0,18.2,False,False
92565,720575940629235244,CB1924,central,left,20.0,17.1,13.1,18.2,False,False
98119,720575940630331643,ORN_VA5,sensory,na,20.0,21.4,16.9,22.7,False,False
93492,720575940629426025,PLP034,central,left,20.0,20.0,12.5,18.2,False,False
123604,720575940637906502,ORN_VM4,sensory,right,20.0,20.0,16.2,22.7,False,False
9006,720575940610357602,LAL128,central,left,20.0,22.9,17.5,22.7,False,False
37180,720575940618942977,Sm32,optic,left,20.0,18.6,15.6,18.2,False,False
124648,720575940638360798,PVLP020,central,left,20.0,22.9,15.6,18.2,False,False
102474,720575940631141699,KCapbp-ap2,central,left,20.0,22.9,15.6,18.2,False,False
66003,720575940624365500,ORN_DM6,sensory,right,20.0,21.4,16.2,22.7,False,False
8505,720575940610069550,FB8B,central,right,20.0,22.9,16.2,18.2,False,False
72291,720575940625613514,ORN_DM6,sensory,left,20.0,21.4,15.6,18.2,False,False
110876,720575940632998591,LHAV4b2,central,right,20.0,21.4,16.9,22.7,False,False
47720,720575940621170526,IB038,central,left,20.0,24.3,17.5,22.7,False,False
126538,720575940639172585,cMLLP01,visual_centrifugal,left,20.0,18.6,15.6,18.2,False,False
51074,720575940621749631,CB3208,central,left,20.0,20.0,14.4,18.2,False,False
98441,720575940630402834,SMP248a,central,left,20.0,22.9,15.6,18.2,False,False
26364,720575940616167744,CB2813,central,right,20.0,12.9,8.8,13.6,False,False
55856,720575940622592099,CB1668,central,right,20.0,20.0,15.6,18.2,False,False
10007,720575940610864533,ORN_DC4,sensory,right,20.0,20.0,16.2,22.7,False,False
67710,720575940624710122,CB1976,central,right,20.0,18.6,14.4,18.2,False,False
19438,720575940614150567,SLP287,central,right,20.0,21.4,15.6,18.2,False,False
27942,720575940616622731,PLP064_b,central,right,20.0,22.9,14.4,18.2,False,False
50706,720575940621685230,CB4220,central,right,20.0,21.4,15.0,18.2,False,False
85351,720575940627946512,CB0689,central,right,20.0,20.0,16.2,18.2,False,False
77841,720575940626698568,ORN_VC2,sensory,left,20.0,21.4,16.2,22.7,False,False
22214,720575940614979634,PVLP030,central,right,20.0,20.0,15.0,27.3,False,False
27513,720575940616502109,CB3269,central,left,20.0,21.4,16.9,22.7,False,False
93115,720575940629354455,CRE065,central,left,20.0,21.4,16.2,18.2,False,False
92681,720575940629256779,PVLP019,central,left,20.0,21.4,17.5,22.7,False,False
103344,720575940631305004,CB2122,central,left,20.0,20.0,13.8,18.2,False,False
98807,720575940630470518,CB1721,central,left,20.0,20.0,15.0,18.2,False,False
126342,720575940639095229,LHPV5c1,central,right,20.0,21.4,15.0,22.7,False,False
64484,720575940624113866,CB2398,central,left,20.0,21.4,18.1,22.7,False,False
30725,720575940617398996,SLP288c,central,left,20.0,21.4,15.0,18.2,False,False
50586,720575940621665263,SMP593,central,right,20.0,20.0,14.4,9.1,False,False
13808,720575940612344490,PLP239,central,right,20.0,18.6,13.1,18.2,False,False
41371,720575940619998630,PS300,central,left,20.0,20.0,14.4,22.7,False,False
84903,720575940627869971,ATL021,central,right,20.0,20.0,14.4,18.2,False,False
50459,720575940621644141,Lawf2,optic,right,20.0,21.4,15.6,18.2,False,False
80717,720575940627163140,CB1387,central,right,20.0,21.4,14.4,18.2,False,False
37524,720575940619026241,KCapbp-ap1,central,right,20.0,21.4,16.2,22.7,False,False
72597,720575940625673196,DNp71,descending,left,20.0,20.0,15.6,22.7,False,False
13009,720575940612071130,CB2918,central,right,20.0,22.9,16.2,18.2,False,False
133245,720575940644542574,ORN_DA1,sensory,right,20.0,20.0,15.6,22.7,False,False
77196,720575940626583056,CB0352,central,right,20.0,18.6,16.9,27.3,False,False
61809,720575940623628509,CB4242,central,left,20.0,21.4,15.6,18.2,False,False
4662,720575940607425604,LHAV7b1,central,left,20.0,21.4,16.2,22.7,False,False
93175,720575940629367863,M_vPNml87,central,right,20.0,18.6,13.1,18.2,False,False
86600,720575940628158875,CB3468,central,right,20.0,21.4,16.9,22.7,False,False
49233,720575940621437004,ORN_VM4,sensory,right,20.0,20.0,15.0,18.2,False,False
86442,720575940628132943,ORN_VM7v,sensory,right,20.0,21.4,16.2,22.7,False,False
70911,720575940625328074,"SIP014,SIP016",central,right,20.0,18.6,16.9,22.7,False,False
12050,720575940611716581,CB1357,central,left,20.0,21.4,16.2,22.7,False,False
122827,720575940637580659,KCab,central,right,20.0,20.0,15.0,22.7,False,False
42953,720575940620327003,Sm38,optic,right,20.0,22.9,15.6,22.7,False,False
12104,720575940611739285,CB1160,central,left,20.0,21.4,15.6,22.7,False,False
16655,720575940613202095,PS107,central,left,20.0,20.0,14.4,18.2,False,False
113652,720575940633811005,ORN_VL1,sensory,left,20.0,21.4,16.9,22.7,False,False
377,720575940603899936,CB3587,central,left,20.0,24.3,16.9,18.2,False,False
104658,720575940631576109,KCapbp-ap1,central,left,20.0,21.4,16.9,22.7,False,False
76674,720575940626480124,ORN_VM4,sensory,left,20.0,21.4,16.2,22.7,False,False
61354,720575940623537366,LHPV5b3,central,right,20.0,20.0,15.0,18.2,False,False
60292,720575940623358954,ORN_DA1,sensory,left,20.0,21.4,15.6,18.2,False,False
82803,720575940627495452,Lawf2,optic,right,20.0,24.3,16.9,22.7,False,False
89330,720575940628632143,WED144,central,right,20.0,20.0,14.4,22.7,False,False
43140,720575940620362918,CB2342,central,right,20.0,20.0,15.6,22.7,False,False
11654,720575940611567918,PS214,central,left,20.0,21.4,16.2,22.7,False,False
116436,720575940634941887,ORN_DC3,sensory,right,20.0,21.4,16.2,22.7,False,False
46133,720575940620900869,CB1640,central,right,20.0,18.6,14.4,18.2,False,False
22589,720575940615086698,"SMP143,SMP149",central,left,20.0,20.0,15.6,22.7,False,False
110600,720575940632920545,ORN_VM1,sensory,right,20.0,21.4,15.0,22.7,False,False
27609,720575940616534338,cM17,visual_centrifugal,right,20.0,20.0,15.0,18.2,False,False
27663,720575940616546521,ORN_VM4,sensory,right,20.0,21.4,15.6,22.7,False,False
105229,720575940631702063,PS188a,central,right,20.0,22.9,13.1,13.6,False,False
105158,720575940631686308,KCg-m,central,right,20.0,21.4,15.0,22.7,False,False
79527,720575940626979271,ORN_DL3,sensory,right,20.0,20.0,16.2,22.7,False,False
80076,720575940627067847,"AOTU032,AOTU034",central,left,20.0,20.0,16.2,22.7,False,False
90660,720575940628869136,CB2408,central,left,20.0,20.0,15.0,18.2,False,False
13574,720575940612277490,"SMP144,SMP150",central,left,20.0,22.9,15.6,18.2,False,False
116851,720575940635092505,CRE016,central,left,20.0,20.0,14.4,18.2,False,False
13375,720575940612204723,ORN_VA6,sensory,left,20.0,20.0,16.2,22.7,False,False
121801,720575940637118527,WED015,central,right,20.0,20.0,16.9,22.7,False,False
97580,720575940630228271,KCab,central,right,18.6,15.7,10.0,13.6,False,False
48805,720575940621365236,PVLP021,central,left,18.6,18.6,14.4,18.2,False,False
11531,720575940611520721,VP1l+_lvPN,central,right,18.6,18.6,14.4,18.2,False,False
60297,720575940623360440,LHAV4c2,central,right,18.6,20.0,15.0,18.2,False,False
112105,720575940633331040,CB1513,central,left,18.6,20.0,15.6,22.7,False,False
39091,720575940619445464,ORN_VA1v,sensory,left,18.6,18.6,15.0,18.2,False,False
104253,720575940631494687,ORN_VM4,sensory,left,18.6,18.6,14.4,18.2,False,False
36957,720575940618887838,CB2862,central,left,18.6,20.0,14.4,18.2,False,False
56868,720575940622764058,Sm32,optic,left,18.6,17.1,14.4,18.2,False,False
18691,720575940613860754,ORN_DM3,sensory,left,18.6,20.0,14.4,18.2,False,False
19035,720575940613999263,ORN_VM4,sensory,left,18.6,20.0,15.6,22.7,False,False
80490,720575940627131218,CB1169,central,left,18.6,20.0,15.0,18.2,False,False
93623,720575940629453694,ORN_VL1,sensory,left,18.6,18.6,15.0,18.2,False,False
79338,720575940626949918,LHAV5a10_b,central,left,18.6,20.0,15.0,18.2,False,False
79706,720575940627010234,NPFL1-I,central,right,18.6,18.6,13.1,18.2,False,False
73235,720575940625795453,ORN_V,sensory,right,18.6,20.0,14.4,18.2,False,False
116786,720575940635072111,ORN_DC1,sensory,right,18.6,21.4,15.0,22.7,False,False
125932,720575940638937688,CB2544,central,left,18.6,20.0,15.0,18.2,False,False
126277,720575940639071029,KCg-m,central,right,18.6,20.0,13.8,18.2,False,False
98577,720575940630428227,ORN_DA1,sensory,left,18.6,20.0,15.0,22.7,False,False
47968,720575940621221614,LHPV3b1_b,central,right,18.6,20.0,13.8,18.2,False,False
47916,720575940621209513,ORN_DA3,sensory,right,18.6,20.0,15.6,18.2,False,False
44047,720575940620550534,CB3378,central,right,18.6,21.4,15.0,18.2,False,False
95616,720575940629854953,ORN_V,sensory,right,18.6,20.0,15.6,18.2,False,False
28912,720575940616905787,CB1149,central,right,18.6,15.7,13.8,13.6,False,False
9989,720575940610849742,KCg-m,central,left,18.6,21.4,15.6,18.2,False,False
70667,720575940625275280,ORN_VL1,sensory,right,18.6,20.0,15.0,18.2,False,False
32348,720575940617812696,PLP004,central,left,18.6,20.0,16.9,13.6,False,False
43979,720575940620537264,ORN_DL3,sensory,right,18.6,20.0,13.8,18.2,False,False
39614,720575940619603024,ORN_DM6,sensory,right,18.6,20.0,15.6,18.2,False,False
9823,720575940610755481,SMP208,central,right,18.6,20.0,15.0,22.7,False,False
113968,720575940633915309,Lawf2,optic,right,18.6,21.4,16.9,18.2,False,False
56723,720575940622737812,KCapbp-ap2,central,right,18.6,20.0,15.0,22.7,False,False
116142,720575940634823449,PVLP021,central,right,18.6,18.6,14.4,22.7,False,False
117255,720575940635211115,CB0865,central,right,18.6,18.6,13.1,18.2,False,False
109531,720575940632679341,CB3114,central,right,18.6,20.0,13.1,18.2,False,False
64082,720575940624047615,Lawf2,optic,right,18.6,24.3,17.5,22.7,False,False
21272,720575940614705810,VES043,central,left,18.6,12.9,10.0,27.3,False,False
22129,720575940614953565,"LHPV4a1,LHPV4a2",central,right,18.6,20.0,15.0,18.2,False,False
107870,720575940632317997,CB3716,central,right,18.6,22.9,15.0,18.2,False,False
19771,720575940614255522,ORN_VA1d,sensory,left,18.6,20.0,15.6,18.2,False,False
77184,720575940626581525,ORN_VM5v,sensory,right,18.6,20.0,15.0,18.2,False,False
101398,720575940630946245,LHPV3b1_b,central,left,18.6,18.6,13.8,18.2,False,False
101293,720575940630927104,Lawf2,optic,right,18.6,22.9,16.9,22.7,False,False
48296,720575940621279408,LHAV5a2_b,central,right,18.6,8.6,6.2,9.1,False,False
125220,720575940638626630,CB2892,central,right,18.6,18.6,13.8,18.2,False,False
23809,720575940615429791,LHPV5d1,central,left,18.6,18.6,14.4,18.2,False,False
65135,720575940624221773,PLP065b,central,left,18.6,18.6,15.0,18.2,False,False
3742,720575940606725131,KCab,central,left,18.6,20.0,14.4,18.2,False,False
15713,720575940612925078,vDeltaF,central,left,18.6,20.0,15.6,18.2,False,False
138314,720575940660163969,LHPD4b1a,central,right,18.6,21.4,13.8,18.2,False,False
138313,720575940660160385,LHPV2c2b,central,right,18.6,17.1,10.6,9.1,False,False
28673,720575940616844347,ORN_VL2a,sensory,right,18.6,20.0,14.4,18.2,False,False
35970,720575940618645963,ORN_VA6,sensory,left,18.6,20.0,14.4,18.2,False,False
29860,720575940617166749,KCg-m,central,right,18.6,20.0,15.0,22.7,False,False
63590,720575940623968236,CB2470,central,left,18.6,18.6,15.0,18.2,False,False
30324,720575940617296601,CB2805,central,left,18.6,17.1,13.8,18.2,False,False
87061,720575940628240521,CB2342,central,left,18.6,22.9,15.0,22.7,False,False
40948,720575940619908590,SIP024,central,left,18.6,18.6,15.0,18.2,False,False
115540,720575940634592363,MTe18,visual_projection,left,18.6,18.6,14.4,18.2,False,False
114879,720575940634295191,CB0608,central,right,18.6,20.0,15.0,22.7,False,False
115075,720575940634371685,CB2057,central,left,18.6,21.4,17.5,27.3,False,False
33269,720575940618031394,"PS230,PLP242",central,left,18.6,20.0,16.2,22.7,False,False
4179,720575940607043202,LHPV5c1,central,right,18.6,18.6,13.1,18.2,False,False
96763,720575940630063415,KCg-d,central,right,18.6,18.6,14.4,18.2,False,False
67279,720575940624619036,CB2263,central,right,18.6,21.4,15.6,22.7,False,False
94148,720575940629545883,Lawf2,optic,right,18.6,22.9,18.8,27.3,False,False
32723,720575940617904208,DNp62,descending,right,18.6,21.4,15.6,22.7,False,False
14979,720575940612710883,CB0563,central,left,18.6,21.4,15.6,18.2,False,False
112027,720575940633307327,CL128a,central,left,18.6,21.4,15.6,18.2,False,False
111400,720575940633156203,CB2527,central,right,18.6,20.0,13.8,18.2,False,False
59097,720575940623151137,LHPV5b3,central,left,18.6,20.0,15.6,22.7,False,False
87139,720575940628254193,CB1576,central,right,18.6,20.0,16.2,18.2,False,False
134541,720575940645693988,cMLLP01,visual_centrifugal,right,18.6,20.0,15.0,22.7,False,False
8720,720575940610199781,DNp102,descending,right,18.6,21.4,16.2,22.7,False,False
56467,720575940622696447,CB3117,central,left,18.6,20.0,15.0,18.2,False,False
22857,720575940615155507,LHPV3a3_c,central,right,18.6,20.0,13.8,18.2,False,False
108683,720575940632482349,ORN_DM3,sensory,left,18.6,18.6,15.0,18.2,False,False
56267,720575940622665707,CB2600,central,right,18.6,18.6,13.8,18.2,False,False
93983,720575940629513478,AVLP538,central,right,18.6,17.1,15.6,18.2,False,False
98370,720575940630385403,KCab,central,right,18.6,18.6,13.1,18.2,False,False
84372,720575940627779983,CB0603,central,right,18.6,14.3,12.5,13.6,False,False
78891,720575940626874097,KCapbp-ap1,central,right,18.6,20.0,15.6,22.7,False,False
85178,720575940627920071,KCapbp-ap2,central,right,18.6,18.6,14.4,18.2,False,False
83,720575940602815200,KCab,central,left,18.6,21.4,15.0,22.7,False,False
20185,720575940614378143,LAL133b,central,left,18.6,20.0,15.0,18.2,False,False
100864,720575940630840147,CB1220,central,right,18.6,20.0,13.8,22.7,False,False
16529,720575940613155490,PAM04,central,left,18.6,20.0,14.4,22.7,False,False
49614,720575940621507549,CB0689,central,left,18.6,20.0,15.6,18.2,False,False
60919,720575940623464200,SMP025a,central,left,18.6,21.4,14.4,22.7,False,False
86063,720575940628070160,CB3706,central,right,18.6,21.4,16.9,27.3,False,False
40072,720575940619704656,KCapbp-ap1,central,left,18.6,20.0,15.6,18.2,False,False
122123,720575940637274852,VES046,central,left,18.6,21.4,13.8,18.2,False,False
138090,720575940658642305,LHAV4d1,central,right,18.6,24.3,15.0,18.2,False,False
1180,720575940604988518,CB1704,central,left,18.6,20.0,15.0,22.7,False,False
23929,720575940615462978,CB2589,central,left,18.6,20.0,15.6,18.2,False,False
136507,720575940649133945,DA3_adPN,central,right,18.6,18.6,14.4,22.7,False,False
54791,720575940622382686,Lawf2,optic,right,18.6,21.4,16.2,18.2,False,False
91120,720575940628952579,LHAV5a10_b,central,right,18.6,20.0,14.4,22.7,False,False
69067,720575940624958757,ORN_DC1,sensory,left,18.6,18.6,15.0,22.7,False,False
36217,720575940618702676,PLP199,central,left,18.6,18.6,13.1,18.2,False,False
1829,720575940605530336,Lawf2,optic,left,18.6,22.9,16.9,22.7,False,False
55652,720575940622547661,ORN_DL5,sensory,right,18.6,20.0,15.6,22.7,False,False
70354,720575940625190588,IB116,central,left,18.6,20.0,15.6,18.2,False,False
130106,720575940640851189,ORN_VM3,sensory,right,18.6,20.0,15.0,18.2,False,False
130092,720575940640844195,LHAD1f3c,central,right,18.6,20.0,15.0,22.7,False,False
60985,720575940623475324,LT39,visual_centrifugal,right,18.6,20.0,13.8,22.7,False,False
83086,720575940627543695,KCg-m,central,right,18.6,18.6,14.4,18.2,False,False
44485,720575940620621665,ORN_VC2,sensory,right,18.6,20.0,15.6,18.2,False,False
90080,720575940628769662,ORN_VL2p,sensory,right,18.6,21.4,15.6,18.2,False,False
59673,720575940623252407,CB2551,central,right,18.6,20.0,15.0,18.2,False,False
28059,720575940616661465,SMP235,central,left,18.6,20.0,14.4,13.6,False,False
90229,720575940628791812,MTe47,visual_projection,right,18.6,20.0,15.0,22.7,False,False
19183,720575940614054802,l2LN22,central,right,18.6,20.0,14.4,22.7,False,False
20814,720575940614583618,ORN_VM4,sensory,right,17.1,18.6,13.1,18.2,False,False
61428,720575940623548493,CB2701,central,right,17.1,20.0,15.6,22.7,False,False
48912,720575940621383077,SLP456,central,left,17.1,17.1,14.4,18.2,False,False
129909,720575940640749171,Lawf2,optic,right,17.1,21.4,15.0,18.2,False,False
52745,720575940622051572,Lawf2,optic,right,17.1,21.4,15.6,18.2,False,False
85798,720575940628024107,CB3623,central,left,17.1,18.6,13.8,18.2,False,False
70848,720575940625313468,Lawf2,optic,left,17.1,22.9,16.2,27.3,False,False
133776,720575940644978711,SAD040,central,right,17.1,14.3,10.6,13.6,False,False
93410,720575940629412170,DNd04,descending,left,17.1,18.6,12.5,18.2,False,False
86622,720575940628163402,KCg-m,central,right,17.1,18.6,13.1,18.2,False,False
116571,720575940634991215,ORN_VC2,sensory,left,17.1,17.1,13.8,18.2,False,False
64907,720575940624184905,LHPV6a1,central,left,17.1,17.1,13.1,18.2,False,False
3756,720575940606731977,CB1698,central,left,17.1,15.7,13.1,18.2,False,False
87625,720575940628334583,CB0996,central,left,17.1,17.1,13.8,18.2,False,False
13544,720575940612267362,Lawf2,optic,right,17.1,21.4,15.0,18.2,False,False
84664,720575940627828552,DNg87,descending,right,17.1,17.1,13.1,18.2,False,False
125118,720575940638579775,Lawf2,optic,left,17.1,21.4,13.8,18.2,False,False
84687,720575940627833340,"CL231,CL238",central,left,17.1,18.6,13.8,18.2,False,False
126564,720575940639182680,ORN_VA6,sensory,right,17.1,18.6,13.8,18.2,False,False
34704,720575940618337985,KCg-m,central,right,17.1,17.1,13.1,18.2,False,False
72892,720575940625728899,ORN_VL2a,sensory,right,17.1,18.6,13.1,18.2,False,False
96025,720575940629929580,CB3604,central,right,17.1,18.6,14.4,18.2,False,False
30383,720575940617308673,ORN_DM6,sensory,left,17.1,17.1,13.8,18.2,False,False
57857,720575940622950084,Lawf2,optic,right,17.1,21.4,13.8,18.2,False,False
57449,720575940622879891,PAM03,central,left,17.1,17.1,12.5,18.2,False,False
82479,720575940627439592,WED104,central,left,17.1,17.1,14.4,18.2,False,False
104132,720575940631468335,ORN_DA1,sensory,right,17.1,18.6,14.4,18.2,False,False
104185,720575940631480545,LHPV6r1,central,right,17.1,18.6,13.1,13.6,False,False
82216,720575940627397386,ORN_VA6,sensory,right,17.1,17.1,13.1,18.2,False,False
43087,720575940620353300,CB0022,central,left,17.1,15.7,11.2,18.2,False,False
82071,720575940627371326,Lawf2,optic,right,17.1,21.4,16.9,18.2,False,False
34195,720575940618224709,KCg-m,central,right,17.1,18.6,13.8,18.2,False,False
89879,720575940628733699,SMP273,central,left,17.1,18.6,13.1,22.7,False,False
89899,720575940628739454,CB2747,central,right,17.1,17.1,13.1,18.2,False,False
5887,720575940608348338,CB2421,central,left,17.1,15.7,12.5,13.6,False,False
74758,720575940626082588,Lawf2,optic,right,17.1,18.6,13.8,18.2,False,False
81725,720575940627312668,CB1366,central,right,17.1,20.0,14.4,18.2,False,False
98042,720575940630315623,LHAD1a4a,central,left,17.1,18.6,13.1,18.2,False,False
71675,720575940625483066,WEDPN3,central,right,17.1,17.1,13.8,18.2,False,False
99985,720575940630691159,PAM01,central,right,17.1,18.6,13.1,18.2,False,False
67316,720575940624628715,Lawf2,optic,left,17.1,21.4,14.4,18.2,False,False
12412,720575940611849934,Lawf2,optic,right,17.1,20.0,13.8,18.2,False,False
115213,720575940634432919,WED144,central,left,17.1,18.6,15.0,22.7,False,False
14567,720575940612582809,CB1201,central,right,17.1,18.6,14.4,18.2,False,False
49798,720575940621543194,AVLP290b,central,right,17.1,18.6,14.4,18.2,False,False
47439,720575940621121140,KCapbp-m,central,right,17.1,17.1,11.9,18.2,False,False
4564,720575940607343829,vDeltaF,central,right,17.1,18.6,15.0,18.2,False,False
45715,720575940620825108,CB1846,central,right,17.1,20.0,15.0,18.2,False,False
90518,720575940628839979,CB3408,central,right,17.1,15.7,11.2,18.2,False,False
42251,720575940620177275,CB2079,central,left,17.1,18.6,13.1,18.2,False,False
25564,720575940615958203,DNg12_a,descending,right,17.1,17.1,13.8,13.6,False,False
91332,720575940628994524,ORN_DM3,sensory,left,17.1,18.6,13.8,18.2,False,False
30704,720575940617392733,LHAV7a1b,central,right,17.1,18.6,15.0,18.2,False,False
126399,720575940639124029,SLP206,central,right,17.1,18.6,13.1,22.7,False,False
46971,720575940621042292,Lawf2,optic,right,17.1,21.4,14.4,18.2,False,False
92649,720575940629249783,AVLP531,central,left,17.1,21.4,16.2,22.7,False,False
133464,720575940644722592,Lai,optic,right,17.1,25.7,17.5,22.7,False,False
22888,720575940615167919,Lawf2,optic,left,17.1,21.4,13.8,18.2,False,False
95875,720575940629901819,"LHAD1b2_a,LHAD1b2_c",central,left,17.1,18.6,14.4,22.7,False,False
28143,720575940616690107,Lawf2,optic,left,17.1,18.6,13.8,18.2,False,False
37157,720575940618938964,ORN_VL2a,sensory,left,17.1,17.1,14.4,18.2,False,False
109416,720575940632652600,Lawf2,optic,right,17.1,22.9,16.2,18.2,False,False
27719,720575940616561803,CB3780,central,left,17.1,12.9,11.9,18.2,False,False
66309,720575940624421148,KCg-m,central,right,17.1,17.1,14.4,22.7,False,False
20692,720575940614549666,SMP087,central,right,17.1,17.1,13.8,18.2,False,False
62748,720575940623820787,WED069,central,left,17.1,17.1,10.6,13.6,False,False
3273,720575940606464102,Lawf2,optic,right,17.1,21.4,16.2,22.7,False,False
124289,720575940638201919,CB0477,central,left,17.1,18.6,15.0,22.7,False,False
35719,720575940618579430,LAL147c,central,left,17.1,14.3,13.1,18.2,False,False
90023,720575940628761039,KCab,central,right,17.1,18.6,14.4,18.2,False,False
89741,720575940628709653,Lawf2,optic,right,17.1,21.4,16.9,18.2,False,False
89729,720575940628707600,ORN_VL2p,sensory,left,17.1,18.6,13.8,18.2,False,False
36473,720575940618761117,Lawf2,optic,left,17.1,18.6,13.8,18.2,False,False
36626,720575940618800225,M_lvPNm48,central,right,17.1,18.6,15.0,18.2,False,False
50029,720575940621580715,SMP208,central,right,17.1,20.0,13.8,18.2,False,False
92516,720575940629225463,SMP441,central,right,17.1,22.9,16.9,13.6,False,False
19090,720575940614019112,ORN_DA4m,sensory,left,17.1,18.6,13.1,18.2,False,False
131964,720575940642921632,LHPV6r1,central,right,17.1,18.6,13.8,18.2,False,False
19356,720575940614121147,KCab,central,right,17.1,12.9,8.8,9.1,False,False
23588,720575940615368702,Lawf2,optic,left,17.1,21.4,13.8,18.2,False,False
101584,720575940630979659,Lawf2,optic,right,17.1,21.4,13.8,18.2,False,False
42632,720575940620254836,CB2378,central,left,17.1,15.7,12.5,13.6,False,False
69799,720575940625079310,CB3665,central,left,17.1,18.6,14.4,18.2,False,False
60908,720575940623463036,WEDPN11,central,left,17.1,17.1,13.8,18.2,False,False
9700,720575940610702456,CB1961,central,left,17.1,18.6,12.5,18.2,False,False
122092,720575940637258985,AVLP290b,central,right,17.1,18.6,14.4,18.2,False,False
60356,720575940623369668,KCapbp-ap1,central,right,17.1,20.0,13.8,18.2,False,False
33876,720575940618158672,CB1824,central,left,17.1,18.6,13.8,18.2,False,False
21952,720575940614898037,ORN_VL2p,sensory,left,17.1,18.6,13.8,18.2,False,False
59820,720575940623279357,FC3,central,right,17.1,20.0,15.0,18.2,False,False
10971,720575940611292339,CB2174,central,right,17.1,18.6,13.8,18.2,False,False
121540,720575940636998463,ORN_VA6,sensory,right,17.1,18.6,15.0,18.2,False,False
53066,720575940622100774,PAM04,central,right,17.1,17.1,13.1,18.2,False,False
68389,720575940624845053,Lawf2,optic,left,17.1,21.4,15.6,22.7,False,False
28596,720575940616828969,FC3,central,right,17.1,18.6,11.9,18.2,False,False
318,720575940603773798,KCapbp-ap1,central,right,17.1,18.6,13.1,18.2,False,False
54792,720575940622382942,Lawf2,optic,right,17.1,21.4,14.4,18.2,False,False
36061,720575940618669858,PS157,central,left,17.1,15.7,11.9,13.6,False,False
1177,720575940604985888,KCapbp-ap1,central,left,15.7,15.7,13.1,18.2,False,False
137111,720575940652101622,ORN_VC2,sensory,right,15.7,17.1,12.5,13.6,False,False
54828,720575940622390110,Lawf2,optic,right,15.7,18.6,13.1,13.6,False,False
20494,720575940614476199,LHAV2a3a,central,left,15.7,15.7,10.6,13.6,False,False
106695,720575940632041043,ORN_DA2,sensory,left,15.7,48.6,12.5,13.6,True,False
35823,720575940618606983,ORN_VM7v,sensory,left,15.7,15.7,11.9,18.2,False,False
735,720575940604550590,KCapbp-ap2,central,left,15.7,15.7,13.1,18.2,False,False
137520,720575940653581302,WEDPN6A,central,left,15.7,15.7,13.1,13.6,False,False
136405,720575940648636292,DNb09,descending,right,15.7,14.3,15.0,13.6,False,False
120671,720575940636599182,ORN_DC3,sensory,left,15.7,17.1,11.9,18.2,False,False
121844,720575940637146202,CB3223,central,right,15.7,17.1,11.2,13.6,False,False
69200,720575940624982823,DNbe006,descending,left,15.7,18.6,11.9,18.2,False,False
69236,720575940624988455,CB3670,central,left,15.7,18.6,13.1,18.2,False,False
131481,720575940642343565,lLN8,central,right,15.7,17.1,13.1,18.2,False,False
112956,720575940633593548,CB0316,central,right,15.7,10.0,10.0,13.6,False,False
137733,720575940654933153,CB2920,central,right,15.7,15.7,10.6,9.1,False,False
130013,720575940640791155,CB1057,central,left,15.7,18.6,13.8,18.2,False,False
11070,720575940611343218,KCg-m,central,right,15.7,18.6,10.6,13.6,False,False
23604,720575940615372199,Lawf2,optic,left,15.7,18.6,13.8,18.2,False,False
88402,720575940628458812,vDeltaF,central,right,15.7,15.7,13.8,13.6,False,False
2094,720575940605702944,DNpe040,descending,right,15.7,11.4,7.5,13.6,False,False
81718,720575940627311108,ORN_VM4,sensory,left,15.7,17.1,12.5,13.6,False,False
92336,720575940629183643,CB0886,motor,left,15.7,15.7,12.5,13.6,False,False
97982,720575940630306095,FB5B,central,left,15.7,17.1,13.8,18.2,False,False
40612,720575940619831755,LHAV7a1b,central,left,15.7,18.6,14.4,18.2,False,False
115168,720575940634418021,CB2544,central,right,15.7,15.7,13.1,18.2,False,False
33787,720575940618142513,CB2036,central,right,15.7,12.9,11.9,13.6,False,False
17817,720575940613575958,CB1473,central,left,15.7,17.1,13.1,18.2,False,False
38930,720575940619404155,Lawf2,optic,right,15.7,17.1,13.8,18.2,False,False
108327,720575940632409548,CB2398,central,right,15.7,18.6,12.5,18.2,False,False
32076,720575940617737873,ORN_DL4,sensory,left,15.7,17.1,13.1,18.2,False,False
24962,720575940615770229,CB0313,central,left,15.7,18.6,13.1,18.2,False,False
67667,720575940624701513,CB3555,central,right,15.7,18.6,14.4,22.7,False,False
67169,720575940624598460,ORN_VA6,sensory,left,15.7,15.7,12.5,13.6,False,False
119653,720575940636136549,CB3008,central,left,15.7,1.4,1.2,0.0,False,False
12554,720575940611902577,KCg-m,central,left,15.7,18.6,12.5,18.2,False,False
43042,720575940620345108,CB1760,central,left,15.7,15.7,11.9,18.2,False,False
108268,720575940632399691,LHPD2d2,central,right,15.7,17.1,12.5,13.6,False,False
92995,720575940629328172,PVLP070,central,right,15.7,12.9,11.2,18.2,False,False
75239,720575940626180358,vDeltaF,central,right,15.7,18.6,13.8,13.6,False,False
15683,720575940612918898,CB1500,central,left,15.7,17.1,13.1,13.6,False,False
127928,720575940639806296,AVLP022,central,right,15.7,15.7,13.8,18.2,False,False
111440,720575940633166151,DC4_vPN,central,left,15.7,18.6,12.5,18.2,False,False
63072,720575940623880427,CB2679,central,right,15.7,15.7,12.5,13.6,False,False
63126,720575940623888397,Pm14,optic,right,15.7,17.1,14.4,22.7,False,False
126941,720575940639368270,CB1114,central,right,15.7,18.6,13.1,18.2,False,False
91828,720575940629089068,M_lvPNm35,central,left,15.7,15.7,11.9,18.2,False,False
46021,720575940620881524,CB3918,central,center,15.7,15.7,12.5,13.6,False,False
108605,720575940632463890,CB0089,central,right,15.7,15.7,11.9,13.6,False,False
28169,720575940616698769,ORN_VL2a,sensory,left,15.7,17.1,12.5,18.2,False,False
95913,720575940629908350,ORN_VL2a,sensory,left,15.7,17.1,11.9,18.2,False,False
98751,720575940630461994,ORN_DA1,sensory,left,15.7,17.1,13.8,18.2,False,False
22843,720575940615149836,aMe20,visual_projection,left,15.7,18.6,15.0,18.2,False,False
74059,720575940625951946,CL099b,central,right,15.7,17.1,12.5,13.6,False,False
92648,720575940629249591,ORN_VC2,sensory,left,15.7,17.1,13.8,18.2,False,False
64005,720575940624033516,PVLP070,central,right,15.7,12.9,11.2,18.2,False,False
50953,720575940621728844,KCapbp-ap2,central,left,15.7,15.7,11.9,18.2,False,False
18253,720575940613704615,"FB2H_a,FB2I_b",central,left,15.7,17.1,11.2,13.6,False,False
84431,720575940627787609,DNa01,descending,left,15.7,21.4,13.1,22.7,False,False
3122,720575940606354633,AVLP077,central,left,15.7,15.7,11.9,13.6,False,False
124933,720575940638495677,CB3379,central,left,15.7,15.7,11.9,18.2,False,False
42329,720575940620191777,vDeltaF,central,left,15.7,17.1,14.4,18.2,False,False
87834,720575940628363283,Lai,optic,right,15.7,17.1,13.1,18.2,False,False
23023,720575940615205427,CB2261,central,right,15.7,15.7,11.9,13.6,False,False
123901,720575940638051696,Li24,optic,left,15.7,17.1,13.8,13.6,False,False
48950,720575940621390686,CB0734,central,right,15.7,15.7,12.5,13.6,False,False
6257,720575940608635913,CB2244,central,left,15.7,17.1,12.5,18.2,False,False
4133,720575940607011458,CB1629,central,left,15.7,18.6,15.0,22.7,False,False
75855,720575940626312835,LHAV2b2a,central,left,15.7,14.3,11.9,18.2,False,False
86469,720575940628136347,CB0316,central,left,15.7,21.4,11.9,13.6,False,False
5715,720575940608236978,SMP353,central,left,15.7,15.7,13.8,18.2,False,False
125273,720575940638642560,ORN_VL1,sensory,right,15.7,17.1,13.1,13.6,False,False
72568,720575940625667365,KCapbp-m,central,right,15.7,15.7,11.2,18.2,False,False
42341,720575940620195610,CL023,central,right,15.7,17.1,12.5,13.6,False,False
72378,720575940625631280,CB2179,central,left,15.7,18.6,12.5,13.6,False,False
13060,720575940612090866,CB2444,central,left,15.7,17.1,11.9,18.2,False,False
57059,720575940622800653,KCg-m,central,right,15.7,15.7,12.5,13.6,False,False
37701,720575940619067374,FB2B,central,right,15.7,17.1,11.9,18.2,False,False
35622,720575940618559515,Lawf2,optic,left,15.7,17.1,11.9,18.2,False,False
20737,720575940614562271,PS050,central,left,15.7,18.6,13.8,18.2,False,False
84219,720575940627753609,PLP187,central,right,15.7,15.7,13.8,18.2,False,False
84301,720575940627768409,lLN8,central,right,15.7,17.1,12.5,13.6,False,False
58832,720575940623113752,AVLP538,central,left,15.7,15.7,11.9,13.6,False,False
42146,720575940620153765,DNp10,descending,left,15.7,17.1,12.5,13.6,False,False
64485,720575940624113993,CB0091,central,left,15.7,17.1,12.5,22.7,False,False
32801,720575940617921861,Lawf2,optic,right,15.7,18.6,13.8,18.2,False,False
32856,720575940617936029,"CL057,CL106",central,right,15.7,20.0,15.0,13.6,False,False
90809,720575940628895750,SLP003,central,right,15.7,20.0,11.9,13.6,False,False
38101,720575940619163783,ORN_VM2,sensory,right,15.7,17.1,11.9,18.2,False,False
18701,720575940613864401,DM5_lPN,central,right,15.7,15.7,12.5,13.6,False,False
37947,720575940619127256,Lawf2,optic,right,15.7,17.1,13.8,18.2,False,False
38034,720575940619149083,LHAV7a4a,central,left,15.7,17.1,13.8,22.7,False,False
27771,720575940616575557,PS063,central,right,15.7,17.1,11.9,13.6,False,False
21068,720575940614653290,ORN_DA4l,sensory,left,15.7,17.1,12.5,13.6,False,False
126351,720575940639099992,KCapbp-ap2,central,left,15.7,15.7,11.9,18.2,False,False
88024,720575940628394578,SLP151,central,left,15.7,15.7,12.5,13.6,False,False
112431,720575940633429331,LT51,visual_projection,right,15.7,14.3,16.2,18.2,False,False
10434,720575940611056846,ORN_VL2p,sensory,left,15.7,15.7,12.5,13.6,False,False
122356,720575940637372894,KCg-m,central,right,15.7,17.1,11.9,13.6,False,False
70528,720575940625242129,CB1981,central,right,15.7,17.1,13.1,18.2,False,False
89172,720575940628600592,CB3430,central,left,15.7,18.6,10.6,18.2,False,False
1792,720575940605494560,SAD043,central,left,15.7,10.0,13.1,18.2,False,False
107796,720575940632303807,WED091,central,left,15.7,15.7,11.9,13.6,False,False
104125,720575940631467591,ORN_DA2,sensory,right,15.7,42.9,12.5,18.2,True,False
76409,720575940626422513,WED032,central,left,15.7,17.1,13.1,18.2,False,False
15899,720575940612971816,ORN_VM4,sensory,left,15.7,17.1,12.5,18.2,False,False
15988,720575940612990321,CB0283,central,left,15.7,15.7,13.1,18.2,False,False
60302,720575940623361427,ORN_VL1,sensory,right,15.7,17.1,13.1,18.2,False,False
106872,720575940632079277,"PLP026,PLP027",central,left,15.7,17.1,12.5,18.2,False,False
53331,720575940622138534,Lawf2,optic,left,14.3,15.7,11.9,13.6,False,False
138286,720575940660051073,CL140,central,right,14.3,8.6,6.9,4.5,False,False
53782,720575940622216009,KCab,central,right,14.3,14.3,10.0,13.6,False,False
20191,720575940614379114,CL004,central,left,14.3,14.3,10.6,18.2,False,False
20196,720575940614380556,CB2892,central,left,14.3,15.7,10.6,13.6,False,False
138228,720575940659770497,ORN_DL1,sensory,left,14.3,15.7,11.9,18.2,False,False
137717,720575940654900385,CB3361,central,left,14.3,15.7,12.5,18.2,False,False
91598,720575940629041879,DNb06,descending,right,14.3,11.4,9.4,9.1,False,False
30699,720575940617391197,CB3507,central,right,14.3,12.9,9.4,9.1,False,False
30711,720575940617394781,LHAV5a1,central,right,14.3,15.7,11.9,18.2,False,False
98602,720575940630432815,VP1l+_lvPN,central,left,14.3,15.7,11.9,18.2,False,False
73922,720575940625924618,DA3_adPN,central,left,14.3,17.1,11.9,18.2,False,False
8134,720575940609845454,ORN_VA7l,sensory,left,14.3,15.7,11.9,18.2,False,False
30887,720575940617444130,CB0527,central,right,14.3,12.9,10.0,4.5,False,False
116286,720575940634881899,LHAV5a2_b,central,left,14.3,0.0,0.0,0.0,False,False
42025,720575940620128391,CB1981,central,left,14.3,17.1,11.9,18.2,False,False
87600,720575940628330240,KCab,central,left,14.3,15.7,13.1,18.2,False,False
25301,720575940615885766,LHAD1c2c,central,right,14.3,17.1,13.1,18.2,False,False
25405,720575940615914982,KCab,central,left,14.3,14.3,11.2,13.6,False,False
80744,720575940627167516,DNge065,descending,right,14.3,15.7,8.8,9.1,False,False
134236,720575940645398551,Lawf2,optic,right,14.3,17.1,13.1,18.2,False,False
134243,720575940645403939,CB2703,central,right,14.3,15.7,11.2,18.2,False,False
21278,720575940614707871,cL13,visual_centrifugal,right,14.3,14.3,9.4,18.2,False,False
69523,720575940625033213,cL19,visual_centrifugal,right,14.3,18.6,11.9,13.6,False,False
70058,720575940625131192,Lawf2,optic,left,14.3,17.1,13.8,18.2,False,False
70187,720575940625157680,SMP119,central,left,14.3,15.7,11.2,13.6,False,False
70359,720575940625191352,Lawf2,optic,left,14.3,17.1,12.5,18.2,False,False
124715,720575940638397150,Lawf2,optic,right,14.3,15.7,13.1,18.2,False,False
14506,720575940612564338,ORN_VA1v,sensory,right,14.3,14.3,10.6,13.6,False,False
115856,720575940634703987,ORN_DM3,sensory,right,14.3,15.7,11.9,18.2,False,False
115489,720575940634570744,ORN_VL2a,sensory,left,14.3,15.7,12.5,18.2,False,False
65738,720575940624323113,LHAD1d1,central,left,14.3,15.7,12.5,13.6,False,False
124863,720575940638469722,Lawf2,optic,right,14.3,17.1,11.2,13.6,False,False
8463,720575940610045402,CB2211,central,left,14.3,15.7,11.2,13.6,False,False
46533,720575940620963920,Lawf2,optic,right,14.3,17.1,13.1,18.2,False,False
14887,720575940612684054,Lawf2,optic,right,14.3,17.1,11.2,13.6,False,False
97936,720575940630296284,CB1371,central,right,14.3,17.1,13.8,18.2,False,False
62296,720575940623729928,"SIP032,SIP059",central,right,14.3,17.1,11.9,18.2,False,False
117468,720575940635283808,Lawf2,optic,left,14.3,17.1,13.1,18.2,False,False
114530,720575940634161759,SLP019,central,left,14.3,15.7,10.6,13.6,False,False
98097,720575940630327290,Lawf2,optic,right,14.3,17.1,12.5,18.2,False,False
45786,720575940620838765,LHPV1c1,central,right,14.3,15.7,12.5,13.6,False,False
61866,720575940623638781,Lawf2,optic,right,14.3,17.1,13.1,18.2,False,False
45772,720575940620833985,ORN_VA1v,sensory,left,14.3,14.3,11.2,18.2,False,False
109712,720575940632721306,M_vPNml84,central,left,14.3,15.7,11.9,13.6,False,False
21181,720575940614682043,LHPV2e1_a,central,left,14.3,15.7,12.5,13.6,False,False
32753,720575940617911104,KCapbp-ap1,central,left,14.3,15.7,11.2,13.6,False,False
12200,720575940611773138,PLP142,central,left,14.3,11.4,8.1,13.6,False,False
51325,720575940621786250,CB3273,central,right,14.3,15.7,10.6,13.6,False,False
18476,720575940613783106,KCapbp-m,central,left,14.3,12.9,8.8,9.1,False,False
35316,720575940618483067,"AOTU032,AOTU034",central,left,14.3,14.3,11.2,18.2,False,False
38220,720575940619199301,Lawf2,optic,right,14.3,15.7,11.9,13.6,False,False
11394,720575940611473618,Lawf2,optic,left,14.3,15.7,10.0,13.6,False,False
35511,720575940618533149,Lawf2,optic,left,14.3,18.6,13.8,18.2,False,False
93550,720575940629437545,LAL054,central,right,14.3,14.3,10.0,18.2,False,False
26968,720575940616344518,Lawf2,optic,right,14.3,15.7,10.6,13.6,False,False
29930,720575940617187195,CB2881,central,right,14.3,15.7,11.9,13.6,False,False
16326,720575940613100723,Lawf2,optic,left,14.3,15.7,10.6,13.6,False,False
16269,720575940613081250,SIP086,central,right,14.3,15.7,10.6,9.1,False,False
60900,720575940623461629,PLP042a,central,left,14.3,10.0,8.1,13.6,False,False
66405,720575940624437735,"FB7G,FB7I",central,right,14.3,15.7,13.8,18.2,False,False
77197,720575940626583059,ORN_DL3,sensory,right,14.3,14.3,11.9,18.2,False,False
77261,720575940626596625,SLP019,central,right,14.3,14.3,11.2,13.6,False,False
85439,720575940627961911,CB2810,central,right,14.3,15.7,11.9,13.6,False,False
42634,720575940620255092,ORN_DL3,sensory,left,14.3,14.3,11.9,13.6,False,False
39646,720575940619610294,SMP370,central,right,14.3,12.9,11.9,13.6,False,False
67448,720575940624660664,PLP073,central,right,14.3,15.7,11.2,13.6,False,False
50217,720575940621607093,CB1048,central,left,14.3,17.1,12.5,18.2,False,False
131807,720575940642653147,CB1226,central,right,14.3,14.3,11.9,13.6,False,False
25011,720575940615789634,Lawf2,optic,left,14.3,18.6,13.8,18.2,False,False
50739,720575940621689727,AVLP532,central,right,14.3,18.6,15.0,18.2,False,False
58880,720575940623122685,ORN_DA1,sensory,left,14.3,14.3,11.2,13.6,False,False
104822,720575940631614675,"vDeltaG,vDeltaH",central,left,14.3,15.7,12.5,13.6,False,False
96505,720575940630014917,ORN_DL3,sensory,left,14.3,14.3,11.2,18.2,False,False
57813,720575940622944403,PAM13,central,right,14.3,14.3,11.2,13.6,False,False
79156,720575940626918174,CB1326,central,left,14.3,17.1,11.9,18.2,False,False
132611,720575940643829704,LAL008,central,left,14.3,17.1,13.1,18.2,False,False
28337,720575940616756993,ORN_VM4,sensory,left,14.3,15.7,10.6,13.6,False,False
53647,720575940622196518,ORN_DL1,sensory,right,14.3,14.3,11.9,18.2,False,False
138218,720575940659709569,LAL102,central,left,14.3,15.7,9.4,18.2,False,False
7687,720575940609580664,CB3664,central,right,14.3,7.1,4.4,4.5,False,False
23261,720575940615264198,Lawf2,optic,right,14.3,17.1,11.2,9.1,False,False
81809,720575940627327314,ORN_VA1d,sensory,right,14.3,14.3,11.2,18.2,False,False
82388,720575940627424299,PLP190,central,left,14.3,15.7,10.6,13.6,False,False
36873,720575940618867627,"vDeltaG,vDeltaH",central,right,14.3,14.3,11.2,13.6,False,False
1755,720575940605462961,Lawf2,optic,right,14.3,17.1,13.1,18.2,False,False
120928,720575940636716206,CB0997,central,right,14.3,15.7,13.1,18.2,False,False
121421,720575940636942302,ORN_VA1d,sensory,left,14.3,14.3,11.2,18.2,False,False
89423,720575940628648903,Lawf2,optic,right,14.3,17.1,11.2,13.6,False,False
32167,720575940617760539,PS300,central,right,14.3,12.9,6.9,9.1,False,False
120615,720575940636575662,CB2342,central,right,14.3,15.7,13.1,18.2,False,False
122171,720575940637293687,"SMP142,SMP145",central,right,14.3,12.9,11.2,13.6,False,False
120811,720575940636657892,LHPV6f1,central,right,14.3,17.1,13.1,18.2,False,False
53864,720575940622227453,SIP028a,central,left,12.9,14.3,10.6,13.6,False,False
107343,720575940632193055,ORN_DL1,sensory,left,12.9,15.7,11.2,13.6,False,False
83206,720575940627565820,PAM03,central,left,12.9,12.9,8.1,9.1,False,False
138358,720575940660281217,AVLP447,central,left,12.9,15.7,10.6,13.6,False,False
632,720575940604412588,M_lPNm11A,central,right,12.9,15.7,12.5,18.2,False,False
106799,720575940632063396,ORN_VL2a,sensory,left,12.9,15.7,10.6,13.6,False,False
82960,720575940627522691,Lai,optic,right,12.9,18.6,12.5,13.6,False,False
74421,720575940626012709,CB1354,central,left,12.9,14.3,10.6,13.6,False,False
74349,720575940626000056,aMe17a2,visual_centrifugal,right,12.9,14.3,9.4,13.6,False,False
26463,720575940616196898,LHAV5a2_a3,central,left,12.9,5.7,5.6,9.1,False,False
63859,720575940624012692,CB1668,central,right,12.9,12.9,10.6,13.6,False,False
68811,720575940624915128,WED015,central,right,12.9,15.7,10.6,13.6,False,False
68994,720575940624945333,PVLP030,central,left,12.9,12.9,10.6,13.6,False,False
95660,720575940629861163,CB0550,central,left,12.9,14.3,11.2,13.6,False,False
73607,720575940625863728,DNg109,descending,left,12.9,12.9,10.0,13.6,False,False
122190,720575940637300708,LHAD1c2c,central,right,12.9,14.3,11.9,13.6,False,False
79449,720575940626968266,VES003,central,left,12.9,15.7,11.9,18.2,False,False
79396,720575940626960536,CB0022,central,right,12.9,11.4,9.4,18.2,False,False
132752,720575940644022551,DNpe003,descending,right,12.9,12.9,11.2,13.6,False,False
123259,720575940637747526,ORN_VM4,sensory,left,12.9,14.3,9.4,13.6,False,False
123053,720575940637662697,CB0750,motor,right,12.9,12.9,8.1,9.1,False,False
94725,720575940629673692,ORN_DA4l,sensory,right,12.9,12.9,10.6,13.6,False,False
123482,720575940637845934,CB1013,central,left,12.9,12.9,10.6,13.6,False,False
27207,720575940616409489,CB3510,central,right,12.9,15.7,10.0,13.6,False,False
111664,720575940633211975,"PS184,PS272",central,left,12.9,14.3,10.0,13.6,False,False
17775,720575940613558225,"PS230,PLP242",central,left,12.9,8.6,6.9,13.6,False,False
47422,720575940621118293,Lawf2,optic,left,12.9,17.1,11.9,18.2,False,False
6402,720575940608765141,PLP142,central,left,12.9,10.0,6.9,13.6,False,False
115680,720575940634640023,PAM12,central,right,12.9,14.3,10.6,13.6,False,False
116002,720575940634762394,CB2057,central,left,12.9,15.7,12.5,18.2,False,False
58662,720575940623084170,CB3640,central,right,12.9,12.9,11.2,13.6,False,False
123754,720575940637978590,Sm32,optic,left,12.9,14.3,10.6,13.6,False,False
61120,720575940623499132,Pm14,optic,right,12.9,10.0,9.4,13.6,False,False
113658,720575940633813309,ORN_VL1,sensory,left,12.9,14.3,10.6,13.6,False,False
118270,720575940635592805,ORN_VM4,sensory,right,12.9,12.9,9.4,9.1,False,False
5509,720575940608090972,ORN_DL4,sensory,right,12.9,14.3,11.2,13.6,False,False
5192,720575940607870130,Lawf2,optic,left,12.9,15.7,11.9,13.6,False,False
39900,720575940619670465,CB2342,central,left,12.9,15.7,10.6,13.6,False,False
118194,720575940635567096,CB2292,central,right,12.9,4.3,0.0,0.0,False,False
76815,720575940626508346,LHPV5a1,central,left,12.9,7.1,5.0,4.5,False,False
105290,720575940631715896,CB0706,motor,right,12.9,12.9,10.6,9.1,False,False
49783,720575940621540446,ORN_DA1,sensory,right,12.9,12.9,10.0,13.6,False,False
93159,720575940629365071,Lawf2,optic,right,12.9,14.3,10.6,13.6,False,False
49656,720575940621514509,ORN_VM4,sensory,right,12.9,12.9,10.0,13.6,False,False
88680,720575940628515331,"LHAD1b2_a,LHAD1b2_c",central,right,12.9,12.9,10.6,18.2,False,False
23068,720575940615217375,LHPV5c1,central,right,12.9,14.3,11.9,18.2,False,False
65394,720575940624268080,KCab,central,left,12.9,15.7,10.6,13.6,False,False
14546,720575940612575230,KCg-m,central,right,12.9,12.9,8.8,9.1,False,False
22408,720575940615042246,SMP441,central,left,12.9,10.0,5.6,4.5,False,False
75310,720575940626197532,ORN_VL2a,sensory,right,12.9,12.9,10.6,13.6,False,False
61574,720575940623581163,CB3782,central,left,12.9,11.4,8.1,13.6,False,False
31495,720575940617598621,ORN_DM6,sensory,left,12.9,14.3,10.0,13.6,False,False
32048,720575940617730265,Lawf2,optic,right,12.9,14.3,10.6,13.6,False,False
125022,720575940638540221,CB1152,central,left,12.9,5.7,3.8,4.5,False,False
111660,720575940633211031,ORN_DM6,sensory,left,12.9,14.3,11.2,13.6,False,False
131978,720575940642931492,CB2960,central,right,12.9,12.9,10.0,13.6,False,False
77620,720575940626662277,"SMP501,SMP502",central,left,12.9,12.9,9.4,13.6,False,False
85702,720575940628006808,Sm39,optic,right,12.9,17.1,11.9,13.6,False,False
71324,720575940625413050,CB3396,central,left,12.9,11.4,9.4,13.6,False,False
67288,720575940624621968,CB3540,central,left,12.9,12.9,10.0,13.6,False,False
44584,720575940620638373,Lawf2,optic,right,12.9,15.7,10.6,13.6,False,False
88570,720575940628493415,CB0333,central,right,12.9,14.3,10.6,13.6,False,False
46987,720575940621044348,"SMP501,SMP502",central,right,12.9,15.7,8.8,9.1,False,False
32870,720575940617938752,CB1473,central,left,12.9,15.7,10.6,13.6,False,False
122398,720575940637390302,PAM01,central,right,12.9,12.9,9.4,9.1,False,False
130662,720575940641358811,KCab,central,left,12.9,14.3,10.6,13.6,False,False
98950,720575940630501228,AVLP215,central,left,12.9,14.3,10.0,13.6,False,False
52102,720575940621926536,ORN_VL2a,sensory,right,12.9,12.9,10.0,13.6,False,False
10578,720575940611114389,ORN_DC3,sensory,left,12.9,12.9,10.6,13.6,False,False
13709,720575940612318673,"vDeltaG,vDeltaH",central,right,12.9,14.3,11.9,13.6,False,False
46709,720575940620993008,LHPV5a1,central,right,12.9,0.0,0.0,0.0,False,False
87314,720575940628288923,ORN_DL1,sensory,left,12.9,12.9,11.2,18.2,False,False
136986,720575940650946425,CB2589,central,right,12.9,12.9,10.6,9.1,False,False
99260,720575940630561783,Lawf2,optic,left,12.9,14.3,10.6,13.6,False,False
125219,720575940638626613,KCapbp-ap1,central,right,12.9,14.3,10.6,13.6,False,False
41406,720575940620006516,SLP157,central,left,12.9,10.0,7.5,9.1,False,False
64520,720575940624121161,DNpe027,descending,right,12.9,14.3,10.0,13.6,False,False
6882,720575940609097429,DNae005,descending,left,12.9,17.1,10.0,9.1,False,False
129058,720575940640304181,PVLP008,central,right,12.9,12.9,11.2,18.2,False,False
126076,720575940639003470,CB3727,central,left,12.9,12.9,10.0,13.6,False,False
126050,720575940638989375,MTe18,visual_projection,right,12.9,14.3,11.2,9.1,False,False
6716,720575940608979395,CB2206,central,right,12.9,14.3,10.6,18.2,False,False
41492,720575940620020845,ORN_VM4,sensory,left,12.9,12.9,11.9,18.2,False,False
16069,720575940613009327,IB116,central,right,12.9,12.9,10.6,13.6,False,False
15995,720575940612991381,vLN26,central,right,12.9,12.9,9.4,13.6,False,False
129734,720575940640652752,CB0049,central,left,12.9,15.7,11.2,18.2,False,False
5856,720575940608336907,SIP048,central,right,12.9,12.9,9.4,13.6,False,False
61193,720575940623509700,Lawf2,optic,right,12.9,14.3,9.4,13.6,False,False
67983,720575940624762300,CL002,central,left,12.9,11.4,8.1,13.6,False,False
5782,720575940608283147,ORN_DA1,sensory,right,12.9,12.9,10.6,13.6,False,False
2967,720575940606227890,ORN_DA1,sensory,left,12.9,14.3,10.6,13.6,False,False
5566,720575940608145026,DNpe027,descending,left,12.9,12.9,9.4,13.6,False,False
51632,720575940621832942,FB5Y,central,left,12.9,12.9,10.6,13.6,False,False
8618,720575940610137969,vDeltaF,central,left,12.9,12.9,11.2,13.6,False,False
79925,720575940627043666,KCab,central,right,12.9,12.9,8.1,13.6,False,False
76753,720575940626495109,CB1226,central,left,12.9,12.9,6.9,0.0,False,False
49168,720575940621425532,CB3706,central,left,12.9,14.3,10.6,13.6,False,False
2812,720575940606123209,ORN_DL4,sensory,right,12.9,14.3,11.2,18.2,False,False
97008,720575940630118028,"PVLP004,PVLP005",central,left,11.4,12.9,9.4,9.1,False,False
96949,720575940630104827,PS002,central,left,11.4,14.3,10.6,13.6,False,False
42882,720575940620314304,vDeltaF,central,right,11.4,11.4,11.2,18.2,False,False
137416,720575940653295009,ORN_VC1,sensory,left,11.4,11.4,10.0,13.6,False,False
30279,720575940617286027,Lawf2,optic,right,11.4,12.9,10.6,13.6,False,False
26477,720575940616200863,Lawf2,optic,right,11.4,10.0,8.8,13.6,False,False
74592,720575940626044924,KCab,central,right,11.4,12.9,6.9,13.6,False,False
29768,720575940617136214,Lawf2,optic,right,11.4,10.0,8.8,13.6,False,False
18204,720575940613687789,CB0449,central,right,11.4,12.9,10.6,13.6,False,False
78880,720575940626873160,CB0091,central,right,11.4,14.3,9.4,13.6,False,False
132320,720575940643448264,SIP066,central,left,11.4,11.4,8.8,13.6,False,False
115958,720575940634743903,KCapbp-ap1,central,left,11.4,12.9,8.8,9.1,False,False
62855,720575940623841463,MBON19,central,left,11.4,14.3,10.0,13.6,False,False
134402,720575940645562990,ORN_VA1d,sensory,left,11.4,11.4,10.6,13.6,False,False
120850,720575940636679390,ORN_VM4,sensory,right,11.4,11.4,10.0,13.6,False,False
37020,720575940618902488,LT82a,visual_projection,left,11.4,12.9,9.4,9.1,False,False
83082,720575940627543370,SMP418,central,right,11.4,11.4,6.2,9.1,False,False
20006,720575940614324008,Lawf2,optic,right,11.4,12.9,10.6,13.6,False,False
136510,720575940649154425,ORN_VM7d,sensory,right,11.4,11.4,10.0,13.6,False,False
121849,720575940637148479,"PVLP004,PVLP005",central,left,11.4,12.9,9.4,9.1,False,False
19238,720575940614075363,DNge103,descending,right,11.4,11.4,8.8,13.6,False,False
73714,720575940625884541,ORN_VA6,sensory,right,11.4,12.9,10.0,13.6,False,False
105507,720575940631767633,PS185a,central,left,11.4,14.3,9.4,13.6,False,False
109000,720575940632559820,LHPV5b2,central,left,11.4,11.4,9.4,13.6,False,False
11082,720575940611347123,PVLP130,central,left,11.4,12.9,9.4,9.1,False,False
47604,720575940621148948,cL20,visual_centrifugal,right,11.4,18.6,10.0,18.2,False,False
100589,720575940630793413,KCapbp-ap1,central,left,11.4,12.9,8.8,13.6,False,False
3918,720575940606836169,LHPV5b3,central,left,11.4,12.9,10.0,13.6,False,False
112652,720575940633504248,WEDPN5,central,right,11.4,14.3,8.8,13.6,False,False
101764,720575940631007606,Lawf2,optic,left,11.4,12.9,10.6,13.6,False,False
88640,720575940628506732,KCab,central,right,11.4,10.0,6.9,9.1,False,False
18665,720575940613847719,CB1902,central,left,11.4,12.9,8.1,13.6,False,False
105054,720575940631661281,KCapbp-ap1,central,right,11.4,12.9,8.8,13.6,False,False
57632,720575940622911493,Lawf2,optic,left,11.4,12.9,10.6,13.6,False,False
40068,720575940619704235,CB0669,central,left,11.4,15.7,9.4,9.1,False,False
66570,720575940624473918,WED089,central,left,11.4,10.0,9.4,13.6,False,False
61013,720575940623481608,ORN_VM4,sensory,left,11.4,11.4,10.0,13.6,False,False
76926,720575940626531177,CB3064,central,right,11.4,8.6,7.5,9.1,False,False
87813,720575940628360723,DNge049,descending,left,11.4,8.6,7.5,13.6,False,False
87720,720575940628349522,CB0369,central,right,11.4,12.9,10.6,13.6,False,False
113937,720575940633906588,CL272_b,central,right,11.4,11.4,7.5,9.1,False,False
60437,720575940623385894,DNde005,descending,right,11.4,10.0,7.5,9.1,False,False
15693,720575940612921267,Lawf2,optic,left,11.4,14.3,9.4,13.6,False,False
128157,720575940639903165,CB2848,central,left,11.4,10.0,8.8,9.1,False,False
72493,720575940625655897,CB3464,central,left,11.4,11.4,7.5,13.6,False,False
22372,720575940615029866,CB2976,central,left,11.4,11.4,8.1,9.1,False,False
8539,720575940610088883,CB1760,central,right,11.4,17.1,10.6,13.6,False,False
85900,720575940628038808,cM15,visual_centrifugal,left,11.4,10.0,9.4,13.6,False,False
25121,720575940615825211,ORN_VL2a,sensory,left,11.4,12.9,10.0,13.6,False,False
32017,720575940617723878,ORN_VL1,sensory,left,11.4,12.9,9.4,9.1,False,False
58937,720575940623131319,vDeltaE,central,left,11.4,11.4,11.2,13.6,False,False
42335,720575940620193752,CB2092,central,right,11.4,11.4,10.0,13.6,False,False
115027,720575940634354367,SLP189,central,right,11.4,11.4,10.0,9.1,False,False
48158,720575940621255011,vDeltaE,central,right,11.4,12.9,8.8,9.1,False,False
125075,720575940638561102,KCapbp-m,central,right,11.4,11.4,7.5,9.1,False,False
31528,720575940617607451,LHAV3j1,central,left,11.4,5.7,5.6,9.1,False,False
99691,720575940630642447,ORN_VM5v,sensory,right,11.4,12.9,9.4,9.1,False,False
15749,720575940612933529,Lawf2,optic,right,11.4,12.9,9.4,13.6,False,False
128116,720575940639887757,WEDPN2A,central,right,11.4,12.9,8.8,9.1,False,False
51562,720575940621820404,PVLP018,central,left,11.4,14.3,9.4,9.1,False,False
6904,720575940609114436,ORN_VA6,sensory,right,11.4,11.4,9.4,13.6,False,False
22067,720575940614932898,ORN_VA1v,sensory,right,11.4,11.4,8.8,9.1,False,False
135947,720575940647586681,PS188b,central,right,11.4,12.9,9.4,9.1,False,False
64122,720575940624055614,CB2841,central,right,11.4,11.4,7.5,13.6,False,False
47237,720575940621088438,CB3555,central,left,11.4,12.9,9.4,9.1,False,False
86472,720575940628136689,SIP066,central,right,11.4,11.4,8.8,13.6,False,False
48744,720575940621354736,CB2177,central,left,11.4,10.0,6.9,9.1,False,False
88860,720575940628548611,CRE043,central,left,11.4,12.9,7.5,13.6,False,False
2924,720575940606196098,PAM11,central,right,11.4,5.7,3.8,4.5,False,False
18883,720575940613940074,CB0143,central,left,11.4,15.7,10.0,18.2,False,False
11441,720575940611490778,SLP279,central,right,11.4,14.3,11.9,9.1,False,False
55132,720575940622449800,SLP363,central,right,11.4,11.4,6.9,4.5,False,False
37830,720575940619097905,CB0430,central,left,11.4,10.0,8.8,9.1,False,False
122283,720575940637334756,"PS230,PLP242",central,right,11.4,10.0,9.4,13.6,False,False
106508,720575940632000685,CB0313,central,right,11.4,12.9,9.4,13.6,False,False
108862,720575940632524559,DNg70,descending,right,11.4,8.6,8.8,13.6,False,False
125853,720575940638900799,Lawf2,optic,right,11.4,11.4,9.4,13.6,False,False
91168,720575940628961644,ORN_DL2d,sensory,left,11.4,12.9,10.0,9.1,False,False
28270,720575940616736230,"PVLP004,PVLP005",central,left,11.4,12.9,9.4,9.1,False,False
54801,720575940622384227,PAM08,central,left,11.4,12.9,9.4,13.6,False,False
94962,720575940629724411,ORN_DM6,sensory,left,11.4,12.9,10.6,13.6,False,False
7706,720575940609594574,CB1418,central,right,11.4,11.4,9.4,13.6,False,False
73550,720575940625851676,SLP247,central,left,11.4,11.4,9.4,9.1,False,False
94927,720575940629717034,KCab,central,left,11.4,10.0,6.2,4.5,False,False
72792,720575940625706288,Lawf2,optic,right,11.4,11.4,8.8,13.6,False,False
46606,720575940620975040,ATL030,central,right,11.4,10.0,8.8,18.2,False,False
94155,720575940629547419,Lawf2,optic,right,11.4,10.0,8.8,13.6,False,False
20769,720575940614572542,SMP545,central,left,11.4,12.9,10.0,18.2,False,False
83940,720575940627709956,CB0101,central,left,11.4,12.9,9.4,13.6,False,False
108130,720575940632378788,CB2011,central,right,11.4,8.6,7.5,13.6,False,False
56010,720575940622622889,Lawf2,optic,right,11.4,11.4,9.4,13.6,False,False
95161,720575940629764943,Lawf2,optic,right,11.4,14.3,10.6,13.6,False,False
94129,720575940629543273,Sm32,optic,left,10.0,10.0,8.8,13.6,False,False
55738,720575940622565590,DNge047,descending,right,10.0,10.0,8.8,13.6,False,False
116576,720575940634992735,KCab,central,left,10.0,11.4,8.1,9.1,False,False
41699,720575940620058537,hDeltaC,central,left,10.0,11.4,10.6,13.6,False,False
125840,720575940638894976,ORN_VM5v,sensory,left,10.0,11.4,9.4,13.6,False,False
13607,720575940612289010,CB0212,central,left,10.0,8.6,8.1,9.1,False,False
55181,720575940622457641,"PLP026,PLP027",central,left,10.0,8.6,7.5,13.6,False,False
20498,720575940614476967,CB1981,central,right,10.0,10.0,8.1,9.1,False,False
106414,720575940631983277,hDeltaC,central,left,10.0,11.4,10.6,13.6,False,False
57097,720575940622806533,Sm32,optic,left,10.0,10.0,9.4,13.6,False,False
80133,720575940627076298,Lawf2,optic,right,10.0,10.0,8.1,13.6,False,False
70720,720575940625287769,CB2467,central,left,10.0,12.9,8.8,13.6,False,False
70800,720575940625305161,Lawf2,optic,right,10.0,10.0,8.1,13.6,False,False
32911,720575940617947412,CB1667,central,right,10.0,10.0,6.9,9.1,False,False
41999,720575940620123631,CB0079,central,right,10.0,11.4,6.9,4.5,False,False
102243,720575940631100665,Lawf2,optic,right,10.0,10.0,8.8,13.6,False,False
73034,720575940625754643,ORN_VC1,sensory,left,10.0,11.4,8.1,9.1,False,False
137560,720575940653703585,CB1989,central,right,10.0,12.9,9.4,9.1,False,False
19906,720575940614298730,FB6Q,central,right,10.0,11.4,8.8,13.6,False,False
15809,720575940612947569,Lai,optic,left,10.0,15.7,13.1,13.6,False,False
39771,720575940619640149,KCapbp-ap1,central,left,10.0,7.1,5.0,4.5,False,False
70598,720575940625261598,CB2183,central,left,10.0,11.4,8.1,9.1,False,False
18564,720575940613809071,SMP026,central,right,10.0,7.1,9.4,13.6,False,False
18639,720575940613838289,DNge132,descending,right,10.0,8.6,5.6,9.1,False,False
51263,720575940621777390,CB0030,central,right,10.0,15.7,10.0,13.6,False,False
37976,720575940619136020,CB3065,central,left,10.0,7.1,5.0,9.1,False,False
38049,720575940619152856,DNp40,descending,right,10.0,11.4,8.1,13.6,False,False
93123,720575940629355623,CB0688,central,left,10.0,8.6,5.6,0.0,False,False
130579,720575940641263312,PS221,central,right,10.0,12.9,5.6,4.5,False,False
131119,720575940641842677,ORN_VA1v,sensory,right,10.0,11.4,7.5,9.1,False,False
60372,720575940623374058,PS002,central,left,10.0,12.9,10.0,9.1,False,False
49048,720575940621403782,LT41,visual_centrifugal,right,10.0,12.9,9.4,9.1,False,False
66236,720575940624406408,CB4141,central,right,10.0,8.6,6.9,9.1,False,False
16490,720575940613146586,CB1167,central,left,10.0,12.9,9.4,9.1,False,False
9455,720575940610584184,AVLP001,central,left,10.0,11.4,5.0,4.5,False,False
65913,720575940624350090,Lawf2,optic,left,10.0,10.0,9.4,13.6,False,False
90648,720575940628865644,AVLP029,central,right,10.0,12.9,10.6,13.6,False,False
31031,720575940617480121,LHPV6d1,central,left,10.0,11.4,9.4,13.6,False,False
42489,720575940620225585,aMe6c,optic,left,10.0,14.3,10.0,13.6,False,False
127687,720575940639702435,FB5AA,central,left,10.0,10.0,10.0,13.6,False,False
114305,720575940634048154,CB1126,central,right,10.0,8.6,7.5,9.1,False,False
75049,720575940626138701,CB0556,central,left,10.0,10.0,7.5,9.1,False,False
40752,720575940619864047,PLP034,central,right,10.0,7.1,5.6,9.1,False,False
22332,720575940615018838,vDeltaF,central,left,10.0,11.4,10.6,13.6,False,False
65706,720575940624318761,Lawf2,optic,left,10.0,10.0,9.4,13.6,False,False
46505,720575940620958561,Lawf2,optic,left,10.0,12.9,10.0,13.6,False,False
111642,720575940633207436,CB1574,central,right,10.0,11.4,8.1,13.6,False,False
44500,720575940620623725,KCapbp-ap1,central,left,10.0,10.0,8.1,9.1,False,False
78099,720575940626745193,CB2185,central,right,10.0,11.4,8.8,13.6,False,False
4686,720575940607447491,LAL185,central,left,10.0,18.6,7.5,13.6,False,False
5007,720575940607731292,CB1928,central,left,10.0,8.6,5.6,4.5,False,False
50031,720575940621581121,SMP277,central,right,10.0,10.0,6.9,4.5,False,False
39421,720575940619553329,CB1446,central,left,10.0,12.9,9.4,9.1,False,False
93249,720575940629380938,Lai,optic,right,10.0,12.9,10.0,13.6,False,False
88235,720575940628428796,Lawf2,optic,right,10.0,11.4,8.8,13.6,False,False
88585,720575940628494695,CB0688,central,right,10.0,11.4,8.8,13.6,False,False
42704,720575940620272064,KCab,central,right,10.0,5.7,5.0,9.1,False,False
66855,720575940624535530,Lawf2,optic,left,10.0,10.0,9.4,13.6,False,False
39124,720575940619453861,AOTU042,central,left,10.0,11.4,8.1,9.1,False,False
27312,720575940616440537,FB2F_c,central,right,10.0,8.6,8.8,9.1,False,False
137439,720575940653351841,KCapbp-ap1,central,left,10.0,10.0,8.1,9.1,False,False
123170,720575940637704676,ORN_DA2,sensory,right,10.0,57.1,8.1,9.1,True,False
122689,720575940637524366,Lawf2,optic,right,10.0,10.0,7.5,13.6,False,False
67824,720575940624733671,CB1184,central,right,10.0,15.7,12.5,18.2,False,False
32339,720575940617811490,LHAV7a1c,central,right,10.0,15.7,13.1,18.2,False,False
27689,720575940616551563,ORN_DM6,sensory,left,10.0,11.4,8.1,13.6,False,False
84582,720575940627814728,CB0278,central,left,10.0,11.4,8.8,9.1,False,False
34748,720575940618348357,LHPV5i1,central,right,10.0,15.7,8.1,9.1,False,False
77813,720575940626693884,CB1201,central,left,10.0,12.9,10.0,13.6,False,False
39049,720575940619434689,ORN_VL2a,sensory,right,10.0,11.4,8.8,13.6,False,False
111924,720575940633280107,HRN_VP4,sensory,left,10.0,11.4,8.1,9.1,False,False
29693,720575940617110555,AVLP490,central,right,10.0,10.0,8.8,9.1,False,False
29848,720575940617161118,CB2408,central,right,10.0,8.6,8.1,9.1,False,False
103428,720575940631318609,ORN_VL2a,sensory,left,10.0,11.4,8.8,13.6,False,False
70295,720575940625176250,ORN_DL3,sensory,left,10.0,11.4,8.8,9.1,False,False
68719,720575940624899367,CB3458,central,right,10.0,12.9,9.4,9.1,False,False
37044,720575940618907757,LHPV11a1,central,right,10.0,11.4,8.8,9.1,False,False
37123,720575940618931846,VES046,central,right,10.0,10.0,8.1,9.1,False,False
95966,720575940629918007,CB2452,central,right,10.0,11.4,8.1,9.1,False,False
135852,720575940647413369,PS038b,central,right,10.0,12.9,6.9,9.1,False,False
82269,720575940627405052,v2LN34E,central,right,10.0,10.0,7.5,9.1,False,False
839,720575940604675430,ORN_VM7d,sensory,left,10.0,11.4,10.0,13.6,False,False
137895,720575940655607201,Lawf2,optic,right,10.0,10.0,9.4,13.6,False,False
20136,720575940614363363,LPT54,visual_projection,left,10.0,7.1,8.8,9.1,False,False
107201,720575940632159519,CB0561,central,right,8.6,8.6,8.1,13.6,False,False
138081,720575940658531713,vDeltaE,central,right,8.6,10.0,9.4,13.6,False,False
136506,720575940649126009,vDeltaF,central,right,8.6,8.6,8.8,9.1,False,False
1316,720575940605105696,SLP212b,central,right,8.6,7.1,4.4,0.0,False,False
19536,720575940614186449,DNg44,descending,left,8.6,11.4,6.2,9.1,False,False
135894,720575940647473796,SLP216,central,left,8.6,8.6,5.0,9.1,False,False
107627,720575940632264223,WEDPN7B,central,left,8.6,10.0,7.5,13.6,False,False
19904,720575940614298474,FB5B,central,right,8.6,8.6,8.8,13.6,False,False
100356,720575940630752908,SLP069,central,right,8.6,7.1,7.5,13.6,False,False
90877,720575940628907524,hDeltaC,central,right,8.6,10.0,8.1,9.1,False,False
89798,720575940628719355,CL118,central,left,8.6,8.6,6.2,9.1,False,False
23285,720575940615271124,CB2424,central,left,8.6,11.4,7.5,9.1,False,False
23358,720575940615298215,PS106,central,right,8.6,5.7,6.9,13.6,False,False
64727,720575940624156139,CB0710,central,left,8.6,8.6,4.4,4.5,False,False
46729,720575940620997396,LTe60,visual_projection,right,8.6,10.0,5.6,9.1,False,False
109765,720575940632732217,CB0526,central,left,8.6,8.6,6.2,9.1,False,False
80380,720575940627111752,PVLP019,central,right,8.6,8.6,5.0,9.1,False,False
133023,720575940644308503,mAL6,central,left,8.6,7.1,7.5,13.6,False,False
41594,720575940620038779,DNp47,descending,right,8.6,8.6,7.5,9.1,False,False
88654,720575940628510480,LHPD5d1,central,right,8.6,5.7,3.1,4.5,False,False
109342,720575940632637139,ORN_DL5,sensory,right,8.6,10.0,8.1,9.1,False,False
109154,720575940632595937,SMP427,central,right,8.6,8.6,6.2,4.5,False,False
69538,720575940625035790,CB2005,central,left,8.6,7.1,6.9,9.1,False,False
93836,720575940629490476,aSP22,descending,left,8.6,11.4,7.5,13.6,False,False
135093,720575940646350702,LT52,visual_projection,right,8.6,8.6,8.1,4.5,False,False
102037,720575940631062543,CL287,central,right,8.6,8.6,5.6,9.1,False,False
132945,720575940644223255,CB2226,central,left,8.6,8.6,5.0,4.5,False,False
35687,720575940618571494,MLt7,optic,right,8.6,12.9,7.5,9.1,False,False
47189,720575940621081264,Lawf2,optic,left,8.6,10.0,8.1,13.6,False,False
92546,720575940629232834,CB1357,central,left,8.6,10.0,8.1,13.6,False,False
127667,720575940639695568,CB1760,central,left,8.6,8.6,6.9,4.5,False,False
99817,720575940630664556,CB1366,central,left,8.6,7.1,7.5,9.1,False,False
44514,720575940620625880,DNpe038,descending,left,8.6,4.3,4.4,4.5,False,False
89992,720575940628755815,CB0890,central,left,8.6,12.9,8.8,4.5,False,False
101856,720575940631024236,Lawf2,optic,left,8.6,7.1,6.2,9.1,False,False
112770,720575940633543787,LHAV5a2_a3,central,left,8.6,0.0,0.0,0.0,False,False
100136,720575940630716995,ORN_VM4,sensory,left,8.6,8.6,7.5,9.1,False,False
42217,720575940620170119,CB0069,central,right,8.6,5.7,3.8,9.1,False,False
78504,720575940626814501,Sm32,optic,left,8.6,8.6,7.5,9.1,False,False
132726,720575940643980488,SLP288b,central,left,8.6,8.6,6.2,4.5,False,False
103216,720575940631281483,CB2172,central,left,8.6,10.0,8.1,9.1,False,False
34295,720575940618244281,Sm32,optic,left,8.6,10.0,7.5,9.1,False,False
24218,720575940615553397,HRN_VP5,sensory,left,8.6,8.6,7.5,9.1,False,False
87529,720575940628320058,SMP568,central,left,8.6,7.1,6.2,9.1,False,False
102366,720575940631122191,DNp43,descending,left,8.6,12.9,10.0,13.6,False,False
267,720575940603659488,ORN_VA7m,sensory,left,8.6,10.0,8.8,13.6,False,False
10834,720575940611223794,ORN_VM3,sensory,left,8.6,10.0,8.8,13.6,False,False
97816,720575940630273910,CB2494,central,right,8.6,11.4,9.4,13.6,False,False
6155,720575940608566979,"PVLP004,PVLP005",central,left,8.6,8.6,6.9,4.5,False,False
124650,720575940638361405,LHAV5a2_a3,central,right,8.6,0.0,1.2,4.5,False,False
42233,720575940620173737,PVLP022,central,left,8.6,10.0,8.8,4.5,False,False
13000,720575940612067242,SLP068,central,right,8.6,10.0,6.9,4.5,False,False
131328,720575940642151565,SMP549,central,right,8.6,11.4,7.5,9.1,False,False
118870,720575940635803876,KCg-m,central,right,8.6,0.0,0.0,0.0,False,False
99600,720575940630621689,LHPV6a3,central,right,8.6,8.6,5.6,9.1,False,False
92978,720575940629324791,CB1824,central,right,8.6,10.0,6.2,4.5,False,False
104267,720575940631498563,DNa08,descending,left,8.6,8.6,8.1,9.1,False,False
28449,720575940616790161,CB3339,central,left,8.6,10.0,8.8,13.6,False,False
54927,720575940622406260,FC2B,central,left,8.6,10.0,11.2,18.2,False,False
71789,720575940625502608,KCab,central,left,8.6,10.0,5.0,9.1,False,False
103899,720575940631420483,SIP066,central,left,8.6,8.6,3.1,9.1,False,False
125444,720575940638720233,OA-AL2i2,visual_centrifugal,right,8.6,8.6,8.8,13.6,False,False
126593,720575940639195967,Lai,optic,right,8.6,11.4,10.0,9.1,False,False
115971,720575940634750871,DNpe031,descending,left,7.1,8.6,4.4,9.1,False,False
12372,720575940611837809,KCapbp-m,central,right,7.1,0.0,0.0,0.0,False,False
10179,720575940610938902,CL118,central,left,7.1,7.1,3.8,4.5,False,False
135760,720575940647291427,LT52,visual_projection,right,7.1,2.9,5.6,4.5,False,False
137639,720575940654490785,CB1760,central,right,7.1,7.1,3.8,4.5,False,False
35647,720575940618563558,CB2267_a,central,left,7.1,5.7,4.4,9.1,False,False
117186,720575940635188892,Dm17,optic,left,7.1,14.3,8.1,9.1,False,False
103433,720575940631319311,CB0430,central,right,7.1,7.1,5.6,9.1,False,False
103759,720575940631393495,WEDPN2A,central,right,7.1,8.6,8.1,9.1,False,False
72989,720575940625747812,DNp49,descending,right,7.1,7.1,3.8,4.5,False,False
93821,720575940629488578,CB1699,central,right,7.1,5.7,5.0,9.1,False,False
12974,720575940612058861,CB2203,central,right,7.1,4.3,3.8,4.5,False,False
28751,720575940616861697,CB2263,central,right,7.1,11.4,6.9,9.1,False,False
1811,720575940605513649,DNg90,descending,right,7.1,8.6,4.4,4.5,False,False
135583,720575940647033396,AN_GNG_PRW_2,ascending,left,7.1,8.6,5.6,9.1,False,False
137479,720575940653465846,Sm32,optic,left,7.1,7.1,5.6,4.5,False,False
86890,720575940628211593,,central,right,7.1,7.1,1.2,0.0,False,False
55226,720575940622466565,aMe6a,visual_projection,right,7.1,11.4,6.9,9.1,False,False
54843,720575940622392260,CB2551,central,left,7.1,10.0,7.5,9.1,False,False
43649,720575940620474278,CB0865,central,right,7.1,5.7,3.8,4.5,False,False
16093,720575940613016805,AVLP042,central,left,7.1,8.6,5.6,9.1,False,False
124400,720575940638248253,CB1698,central,left,7.1,7.1,6.2,9.1,False,False
13034,720575940612080869,SMP410,central,left,7.1,7.1,7.5,9.1,False,False
76910,720575940626528252,CB0503,central,left,7.1,7.1,7.5,13.6,False,False
118121,720575940635545848,LHAV6a1,central,right,7.1,4.3,0.6,4.5,False,False
48944,720575940621388453,DNd02,descending,left,7.1,5.7,6.9,13.6,False,False
112694,720575940633518176,CB0071,central,left,7.1,5.7,5.0,4.5,False,False
46009,720575940620880333,KCab,central,right,7.1,0.0,0.0,0.0,False,False
63144,720575940623891600,CB1607,central,left,7.1,8.6,6.2,9.1,False,False
66867,720575940624537284,DNge124,descending,left,7.1,10.0,4.4,9.1,False,False
50102,720575940621590720,ORN_VC2,sensory,right,7.1,7.1,6.9,9.1,False,False
12089,720575940611733288,"PLP026,PLP027",central,right,7.1,4.3,5.0,4.5,False,False
126884,720575940639340878,Lawf2,optic,right,7.1,7.1,6.9,9.1,False,False
49812,720575940621545606,CB0143,central,right,7.1,2.9,4.4,4.5,False,False
96834,720575940630083840,LHAV7a4a,central,right,7.1,14.3,10.0,9.1,False,False
51485,720575940621809755,LHPV5c1,central,right,7.1,11.4,6.9,13.6,False,False
4066,720575940606954763,KCapbp-m,central,left,7.1,8.6,6.2,4.5,False,False
78975,720575940626887198,CL319,central,right,7.1,2.9,1.9,4.5,False,False
41064,720575940619933269,CB1640,central,left,7.1,7.1,5.6,4.5,False,False
4799,720575940607539907,M_lvPNm48,central,left,7.1,12.9,6.9,4.5,False,False
98556,720575940630425119,KCab,central,right,7.1,4.3,1.9,4.5,False,False
88796,720575940628537852,CB0431,central,right,7.1,10.0,10.0,9.1,False,False
18485,720575940613785041,ORN_VA7m,sensory,right,7.1,8.6,6.9,9.1,False,False
9491,720575940610604078,DNge136,descending,right,7.1,4.3,5.0,13.6,False,False
20999,720575940614635175,CB0159,central,right,7.1,8.6,6.9,9.1,False,False
24757,720575940615715003,DNg96,descending,right,7.1,7.1,7.5,9.1,False,False
25774,720575940616012322,CB1909,central,right,7.1,0.0,0.0,0.0,False,False
94465,720575940629614379,PLP149,central,right,7.1,11.4,7.5,9.1,False,False
46123,720575940620899711,LHAV5a2_a3,central,right,7.1,0.0,0.0,0.0,False,False
73365,720575940625815700,Sm32,optic,left,7.1,7.1,6.9,4.5,False,False
9180,720575940610440049,FC3,central,right,7.1,8.6,6.9,4.5,False,False
93034,720575940629336770,ORN_DA1,sensory,left,7.1,8.6,6.2,9.1,False,False
44709,720575940620657857,CB0172,central,left,7.1,4.3,5.0,9.1,False,False
39701,720575940619623407,mALD3,central,left,7.1,4.3,1.2,0.0,False,False
86266,720575940628102652,CB0606,central,left,7.1,8.6,3.8,4.5,False,False
15880,720575940612968103,AVLP487,central,left,7.1,8.6,6.2,9.1,False,False
27521,720575940616504977,CB0508,central,left,7.1,10.0,5.6,9.1,False,False
46088,720575940620892781,LHPV6a10,central,right,7.1,14.3,3.8,4.5,False,False
123679,720575940637943920,Lawf2,optic,right,7.1,7.1,7.5,9.1,False,False
130107,720575940640851363,Li31,optic,left,7.1,7.1,6.9,9.1,False,False
48946,720575940621388969,CB3390,central,left,7.1,8.6,7.5,9.1,False,False
125448,720575940638721094,CL288,central,left,7.1,8.6,5.6,4.5,False,False
126371,720575940639112765,CB0539,central,left,7.1,7.1,5.0,4.5,False,False
47019,720575940621051468,KCab,central,left,7.1,4.3,3.1,4.5,False,False
22824,720575940615143563,SLP120,central,right,7.1,11.4,3.8,4.5,False,False
24948,720575940615764422,KCg-m,central,right,7.1,7.1,4.4,4.5,False,False
119650,720575940636134775,KCapbp-ap1,central,left,7.1,5.7,5.6,4.5,False,False
34342,720575940618254809,CB3978,central,right,7.1,4.3,5.0,4.5,False,False
29030,720575940616936226,DNb02,descending,left,7.1,7.1,5.6,9.1,False,False
36400,720575940618746827,SIP024,central,right,5.7,5.7,3.8,4.5,False,False
94141,720575940629545115,Lawf2,optic,right,5.7,8.6,5.6,4.5,False,False
135534,720575940646958371,Lawf2,optic,right,5.7,5.7,5.6,4.5,False,False
95409,720575940629817104,PS002,central,right,5.7,5.7,3.1,4.5,False,False
35723,720575940618582577,CB2267_a,central,left,5.7,4.3,4.4,9.1,False,False
106194,720575940631940559,LAL133b,central,left,5.7,5.7,4.4,9.1,False,False
7140,720575940609261922,vDeltaF,central,left,5.7,5.7,7.5,4.5,False,False
116952,720575940635122783,LHAV3e3b,central,right,5.7,4.3,3.1,9.1,False,False
121456,720575940636959855,CL283b,central,right,5.7,5.7,1.9,0.0,False,False
109438,720575940632659560,Sm32,optic,left,5.7,4.3,3.8,9.1,False,False
21336,720575940614719981,Lai,optic,right,5.7,4.3,6.9,4.5,False,False
98303,720575940630372982,PS138,central,left,5.7,7.1,5.6,9.1,False,False
44087,720575940620556966,CB3923,central,center,5.7,5.7,3.8,4.5,False,False
10461,720575940611070254,Sm32,optic,left,5.7,4.3,4.4,4.5,False,False
84315,720575940627771279,DNd02,descending,right,5.7,4.3,4.4,9.1,False,False
43941,720575940620530267,LHPV4a10,central,left,5.7,1.4,0.6,0.0,False,False
67987,720575940624762632,Lawf2,optic,right,5.7,5.7,5.6,4.5,False,False
70414,720575940625210969,CB0997,central,right,5.7,7.1,6.2,9.1,False,False
57292,720575940622846028,Lawf2,optic,left,5.7,5.7,5.0,9.1,False,False
57014,720575940622789885,PS160,central,left,5.7,7.1,5.0,9.1,False,False
95779,720575940629883971,CB0359,central,right,5.7,10.0,5.0,4.5,False,False
68740,720575940624902729,PLP132,central,left,5.7,2.9,4.4,4.5,False,False
68895,720575940624928574,LHCENT13_a,central,right,5.7,1.4,1.2,0.0,False,False
11093,720575940611351514,"PLP185,PLP186",central,right,5.7,7.1,5.6,9.1,False,False
23534,720575940615348945,Lai,optic,right,5.7,2.9,4.4,0.0,False,False
119379,720575940636013790,PLP022,central,left,5.7,5.7,5.6,9.1,False,False
9067,720575940610389602,SLP224,central,left,5.7,5.7,3.8,4.5,False,False
51480,720575940621808716,CL128a,central,right,5.7,4.3,4.4,4.5,False,False
26013,720575940616074399,CB2342,central,left,5.7,5.7,3.8,9.1,False,False
96813,720575940630076887,PAM08,central,right,5.7,7.1,3.8,0.0,False,False
132656,720575940643882184,LHCENT5,central,left,5.7,2.9,0.6,4.5,False,False
29201,720575940616980737,SAD043,central,right,5.7,2.9,4.4,9.1,False,False
50499,720575940621650721,CB1989,central,right,5.7,1.4,1.2,0.0,False,False
51416,720575940621800795,Lai,optic,left,5.7,7.1,5.6,4.5,False,False
126434,720575940639138382,LAL008,central,right,5.7,10.0,6.2,4.5,False,False
111968,720575940633293025,DNge065,descending,left,5.7,2.9,1.9,4.5,False,False
42701,720575940620271725,PLP149,central,right,5.7,4.3,5.0,9.1,False,False
66979,720575940624564553,Lawf2,optic,right,5.7,7.1,7.5,9.1,False,False
78240,720575940626773523,PLP132,central,right,5.7,2.9,4.4,4.5,False,False
77690,720575940626672058,DNge056,descending,left,5.7,1.4,1.9,4.5,False,False
93296,720575940629388038,Lawf2,optic,left,5.7,8.6,7.5,13.6,False,False
5054,720575940607774044,PLP012,central,right,5.7,2.9,5.0,4.5,False,False
23516,720575940615345595,CB2277,central,right,5.7,5.7,1.2,0.0,False,False
112932,720575940633587148,CB1114,central,right,5.7,12.9,8.8,9.1,False,False
112750,720575940633537700,Lawf2,optic,right,5.7,2.9,3.8,0.0,False,False
39186,720575940619473718,Lawf2,optic,left,5.7,5.7,6.2,9.1,False,False
77190,720575940626582218,SMP085,central,left,5.7,2.9,1.9,4.5,False,False
85361,720575940627948111,ORN_DM6,sensory,left,5.7,7.1,5.0,9.1,False,False
42576,720575940620243621,LHAV2b10,central,right,5.7,5.7,6.2,4.5,False,False
61306,720575940623529315,Lawf2,optic,right,5.7,7.1,6.9,4.5,False,False
49009,720575940621398292,,central,left,5.7,8.6,6.2,13.6,False,False
46376,720575940620938150,PAM13,central,right,5.7,5.7,4.4,0.0,False,False
129676,720575940640620349,Lai,optic,right,5.7,5.7,4.4,9.1,False,False
129625,720575940640589171,DNge031,descending,left,5.7,11.4,6.2,9.1,False,False
48889,720575940621379845,"PLP185,PLP186",central,right,5.7,4.3,5.6,9.1,False,False
131289,720575940642088923,Lawf2,optic,left,5.7,8.6,6.2,9.1,False,False
130968,720575940641655029,Lawf2,optic,right,5.7,7.1,6.9,4.5,False,False
130560,720575940641251803,LHAV3a1,central,right,5.7,5.7,5.6,4.5,False,False
87175,720575940628260106,SLP400b,central,left,5.7,5.7,3.8,9.1,False,False
71977,720575940625539984,DNp49,descending,left,5.7,0.0,1.9,0.0,False,False
128175,720575940639910488,SLP011,central,right,5.7,0.0,3.1,0.0,False,False
86853,720575940628207047,CB2292,central,left,5.7,0.0,0.6,0.0,False,False
117560,720575940635322268,Lai,optic,right,5.7,8.6,6.9,9.1,False,False
86846,720575940628206391,FC3,central,left,5.7,4.3,5.6,4.5,False,False
114422,720575940634109139,Lawf2,optic,left,5.7,5.7,5.6,9.1,False,False
98064,720575940630318533,PVLP069,central,right,5.7,7.1,6.2,9.1,False,False
5629,720575940608181122,Dm17,optic,left,5.7,11.4,7.5,9.1,False,False
55070,720575940622440820,CB2342,central,right,5.7,8.6,8.8,13.6,False,False
69243,720575940624989447,Lawf2,optic,right,5.7,7.1,7.5,9.1,False,False
69071,720575940624959496,LT86,visual_projection,left,5.7,5.7,3.8,0.0,False,False
120747,720575940636633998,CL099b,central,right,5.7,5.7,3.8,4.5,False,False
55239,720575940622467978,LAL150a,central,left,5.7,5.7,4.4,9.1,False,False
106634,720575940632027666,Sm32,optic,left,5.7,5.7,5.6,4.5,False,False
138488,720575940660830081,Lawf2,optic,right,5.7,5.7,5.6,4.5,False,False
138436,720575940660573313,Lawf2,optic,right,5.7,7.1,6.9,4.5,False,False
83980,720575940627715870,PS065,central,right,4.3,4.3,4.4,0.0,False,False
351,720575940603853792,CB3678,central,right,4.3,4.3,3.8,9.1,False,False
54591,720575940622351128,CB0635,central,right,4.3,4.3,4.4,4.5,False,False
101025,720575940630880503,Lai,optic,right,4.3,4.3,4.4,4.5,False,False
55508,720575940622517876,Lai,optic,left,4.3,5.7,6.2,4.5,False,False
82267,720575940627404858,CB3674,central,right,4.3,5.7,6.2,9.1,False,False
120788,720575940636651376,DNp51,descending,right,4.3,4.3,3.1,0.0,False,False
119502,720575940636069348,hDeltaA,central,right,4.3,1.4,5.6,4.5,False,False
3448,720575940606574091,"PVLP004,PVLP005",central,right,4.3,7.1,3.1,4.5,False,False
90519,720575940628840196,Lai,optic,right,4.3,2.9,5.0,4.5,False,False
37945,720575940619126950,vDeltaF,central,right,4.3,2.9,5.6,4.5,False,False
130021,720575940640793944,Lai,optic,right,4.3,4.3,5.0,4.5,False,False
81308,720575940627251608,Lawf2,optic,right,4.3,4.3,4.4,0.0,False,False
35265,720575940618471261,LHPV5b3,central,right,4.3,5.7,5.6,0.0,False,False
35604,720575940618554041,Sm41,optic,right,4.3,0.0,0.0,0.0,False,False
52420,720575940621989500,CB1056,central,left,4.3,7.1,4.4,9.1,False,False
136555,720575940649451129,LHPV6f1,central,right,4.3,5.7,2.5,4.5,False,False
127509,720575940639631686,Sm36,optic,right,4.3,8.6,5.6,4.5,False,False
49207,720575940621433599,AVLP010,central,left,4.3,2.9,3.8,4.5,False,False
5561,720575940608140380,FB4M,central,right,4.3,7.1,3.1,4.5,False,False
13031,720575940612079853,KCab,central,left,4.3,1.4,1.2,0.0,False,False
33985,720575940618180766,CB1263,central,right,4.3,0.0,0.0,0.0,False,False
34771,720575940618355870,PS138,central,right,4.3,4.3,1.9,0.0,False,False
103718,720575940631383400,PLP029,central,left,4.3,0.0,0.0,0.0,False,False
94005,720575940629518595,PLP073,central,left,4.3,5.7,2.5,0.0,False,False
41808,720575940620084091,Lai,optic,right,4.3,4.3,4.4,4.5,False,False
87986,720575940628387587,CB0539,central,right,4.3,1.4,0.6,0.0,False,False
19509,720575940614176927,KCapbp-m,central,left,4.3,1.4,0.0,0.0,False,False
133019,720575940644306592,cL15,visual_centrifugal,left,4.3,5.7,6.2,4.5,False,False
81735,720575940627314276,Sm32,optic,left,4.3,1.4,3.1,4.5,False,False
5149,720575940607848661,SLP077,central,right,4.3,0.0,0.0,0.0,False,False
115262,720575940634455403,KCab,central,left,4.3,4.3,1.9,4.5,False,False
72184,720575940625587642,PLP246,central,right,4.3,5.7,3.8,4.5,False,False
85573,720575940627985295,Lawf2,optic,left,4.3,5.7,5.6,9.1,False,False
12053,720575940611718885,FB5M,central,right,4.3,4.3,5.6,4.5,False,False
78922,720575940626879505,SMP442,central,right,4.3,4.3,1.2,0.0,False,False
68596,720575940624879655,SMP038,central,right,4.3,8.6,5.6,0.0,False,False
76687,720575940626483217,"ATL038,ATL039",central,left,4.3,1.4,2.5,9.1,False,False
132102,720575940643118733,LT51,visual_projection,left,4.3,2.9,1.2,0.0,False,False
50831,720575940621705409,Lai,optic,left,4.3,5.7,5.0,9.1,False,False
119782,720575940636191977,"vDeltaG,vDeltaH",central,right,4.3,0.0,1.9,0.0,False,False
41657,720575940620050303,CB1984,central,left,4.3,4.3,3.1,4.5,False,False
119980,720575940636289899,Lai,optic,right,4.3,1.4,2.5,0.0,False,False
44697,720575940620656731,PS106,central,left,4.3,4.3,3.1,4.5,False,False
16039,720575940613003889,LHAD3d4,central,left,4.3,0.0,0.6,4.5,False,False
48690,720575940621346932,CB2494,central,left,4.3,4.3,1.9,4.5,False,False
62547,720575940623781268,hDeltaC,central,right,4.3,5.7,6.2,9.1,False,False
25839,720575940616025906,LHAV2g3,central,left,4.3,7.1,4.4,4.5,False,False
30344,720575940617299515,CB0437,central,right,4.3,4.3,3.8,9.1,False,False
93271,720575940629384951,PLP064_b,central,left,4.3,5.7,4.4,4.5,False,False
130361,720575940641045120,Sm32,optic,left,4.3,4.3,4.4,9.1,False,False
75519,720575940626243614,WED116,central,right,4.3,1.4,0.6,0.0,False,False
63675,720575940623982484,VES003,central,right,4.3,1.4,1.2,4.5,False,False
88010,720575940628392279,LHAV1a3,central,right,4.3,5.7,3.8,4.5,False,False
114823,720575940634274458,SMP376,central,right,4.3,5.7,4.4,4.5,False,False
98936,720575940630498811,PAM01,central,right,4.3,4.3,2.5,4.5,False,False
19998,720575940614320746,CB1168,central,right,2.9,1.4,0.6,4.5,False,False
136396,720575940648606340,ATL027,central,right,2.9,2.9,0.6,0.0,False,False
101052,720575940630884855,Lai,optic,right,2.9,0.0,3.8,4.5,False,False
108096,720575940632372380,vDeltaF,central,left,2.9,4.3,6.2,4.5,False,False
54679,720575940622364201,PLP046c,central,right,2.9,2.9,1.9,0.0,False,False
7394,720575940609390684,Sm32,optic,left,2.9,0.0,3.1,4.5,False,False
121689,720575940637069679,Lawf2,optic,right,2.9,2.9,1.9,0.0,False,False
122090,720575940637258842,CRE088,central,right,2.9,4.3,2.5,4.5,False,False
101043,720575940630883599,cL11,visual_centrifugal,left,2.9,4.3,2.5,0.0,False,False
82581,720575940627460337,vDeltaF,central,left,2.9,2.9,4.4,4.5,False,False
82339,720575940627417320,PLP213,central,right,2.9,0.0,0.6,0.0,False,False
44147,720575940620567512,Lai,optic,left,2.9,4.3,4.4,9.1,False,False
27789,720575940616579867,PLP064_a,central,left,2.9,4.3,5.0,4.5,False,False
121140,720575940636820958,LHCENT13_c,central,left,2.9,8.6,5.0,9.1,False,False
92611,720575940629244154,CB2298,central,right,2.9,4.3,3.1,4.5,False,False
29590,720575940617083404,SMP027,central,left,2.9,0.0,4.4,4.5,False,False
19257,720575940614087219,CB0534,central,right,2.9,4.3,3.1,4.5,False,False
104057,720575940631453101,PS178,central,right,2.9,2.9,1.2,4.5,False,False
84100,720575940627732361,DNp26,descending,right,2.9,2.9,3.1,9.1,False,False
134683,720575940645821748,CB1607,central,right,2.9,5.7,3.1,4.5,False,False
37409,720575940618995541,FB4Z,central,left,2.9,1.4,5.0,4.5,False,False
110050,720575940632789785,VES072,central,left,2.9,5.7,1.2,0.0,False,False
51776,720575940621862253,Dm1,optic,right,2.9,8.6,4.4,4.5,False,False
71809,720575940625506570,"PLP185,PLP186",central,right,2.9,1.4,0.6,0.0,False,False
96371,720575940629986832,Lai,optic,right,2.9,1.4,0.0,0.0,False,False
6784,720575940609022674,SLP136,central,right,2.9,5.7,2.5,0.0,False,False
91357,720575940628998555,CB1168,central,left,2.9,1.4,0.6,4.5,False,False
49661,720575940621515391,PFR,central,right,2.9,1.4,3.1,0.0,False,False
14227,720575940612479205,CB0225,central,left,2.9,7.1,5.6,4.5,False,False
120119,720575940636348852,"LT53,PLP098",visual_projection,right,2.9,4.3,2.5,4.5,False,False
43724,720575940620488513,PAM06,central,right,2.9,4.3,1.9,4.5,False,False
89032,720575940628577897,DNa04,descending,left,2.9,1.4,1.2,4.5,False,False
89265,720575940628620879,CB3036,central,left,2.9,2.9,1.2,4.5,False,False
43375,720575940620420544,LHAV6e1,central,right,2.9,0.0,0.0,0.0,False,False
77661,720575940626667663,CB2265,central,right,2.9,2.9,3.1,0.0,False,False
11832,720575940611633010,LT51,visual_projection,right,2.9,0.0,1.9,0.0,False,False
128668,720575940640140341,cL13,visual_centrifugal,left,2.9,8.6,3.1,9.1,False,False
33731,720575940618129355,FC3,central,left,2.9,0.0,0.6,0.0,False,False
33547,720575940618086173,LHAV4b1,central,right,2.9,8.6,2.5,0.0,False,False
110854,720575940632991815,DNc01,descending,left,2.9,2.9,2.5,4.5,False,False
59449,720575940623210409,MeMe_e02,optic,right,2.9,7.1,4.4,4.5,False,False
115960,720575940634743999,AOTU042,central,left,2.9,2.9,0.6,0.0,False,False
62942,720575940623858628,Lawf2,optic,right,2.9,2.9,2.5,0.0,False,False
73767,720575940625894119,PS106,central,left,2.9,1.4,0.0,0.0,False,False
99667,720575940630637330,CB2853,central,left,2.9,2.9,2.5,4.5,False,False
74284,720575940625990277,CB2569,central,left,2.9,5.7,2.5,0.0,False,False
107771,720575940632298669,CB0633,central,left,2.9,5.7,3.1,4.5,False,False
90619,720575940628860476,FC2B,central,left,2.9,2.9,2.5,0.0,False,False
31513,720575940617604582,"CL231,CL238",central,left,2.9,7.1,3.8,9.1,False,False
120654,720575940636592302,DNpe019,descending,right,2.9,1.4,1.9,0.0,False,False
32121,720575940617751454,CB3788,central,right,2.9,0.0,0.0,0.0,False,False
52968,720575940622085146,LHAV4d1,central,left,2.9,11.4,5.0,4.5,False,False
71285,720575940625403144,Dm17,optic,left,2.9,10.0,4.4,4.5,False,False
39791,720575940619646037,SMP418,central,left,2.9,2.9,1.9,4.5,False,False
71456,720575940625440019,PS221,central,right,2.9,1.4,2.5,0.0,False,False
100185,720575940630724906,CB3269,central,right,2.9,0.0,0.0,0.0,False,False
97735,720575940630258279,Lai,optic,right,2.9,1.4,2.5,0.0,False,False
42543,720575940620235796,LHPV2g1,central,left,2.9,0.0,0.0,0.0,False,False
89378,720575940628641127,CL140,central,left,2.9,2.9,0.6,0.0,False,False
23562,720575940615359538,CL287,central,left,2.9,0.0,0.6,0.0,False,False
45100,720575940620717551,SLP221,central,left,2.9,4.3,2.5,4.5,False,False
124883,720575940638478569,Lawf2,optic,right,2.9,0.0,2.5,0.0,False,False
131386,720575940642233333,PS183,central,right,2.9,5.7,2.5,0.0,False,False
5044,720575940607765257,PLP223,central,left,2.9,2.9,3.8,4.5,False,False
72444,720575940625647114,KCab,central,left,2.9,0.0,0.0,0.0,False,False
6201,720575940608606933,WED056,central,right,2.9,2.9,3.1,4.5,False,False
48517,720575940621319924,CB0283,central,right,2.9,2.9,1.2,4.5,False,False
62190,720575940623706867,ORN_VL2a,sensory,left,2.9,5.7,5.0,4.5,False,False
94858,720575940629703722,vDeltaE,central,left,2.9,2.9,4.4,0.0,False,False
29020,720575940616934045,CB1220,central,left,2.9,1.4,1.2,4.5,False,False
41530,720575940620028513,hDeltaA,central,left,2.9,1.4,5.0,4.5,False,False
116265,720575940634874266,LAL054,central,left,2.9,1.4,0.0,0.0,False,False
34587,720575940618308987,FB4X,central,right,2.9,0.0,1.2,4.5,False,False
126376,720575940639114557,ORN_VM5d,sensory,left,2.9,4.3,2.5,4.5,False,False
87651,720575940628340040,SLP457,central,left,2.9,4.3,3.1,4.5,False,False
99813,720575940630663930,Lai,optic,right,2.9,2.9,4.4,0.0,False,False
106663,720575940632033709,SMP535,central,right,2.9,0.0,0.0,0.0,False,False
138617,720575940661302657,SMP368,central,right,2.9,1.4,0.6,0.0,False,False
106496,720575940631998511,ORN_VA7m,sensory,left,2.9,4.3,3.1,0.0,False,False
82064,720575940627370110,WED015,central,left,2.9,2.9,0.6,0.0,False,False
8054,720575940609799470,PLP208,central,right,2.9,0.0,0.0,0.0,False,False
15030,720575940612727665,PLP223,central,right,2.9,1.4,0.6,0.0,False,False
74424,720575940626013112,Lai,optic,right,2.9,4.3,1.9,0.0,False,False
125322,720575940638665562,Lawf2,optic,right,2.9,4.3,3.8,4.5,False,False
70859,720575940625314964,IB005,central,left,2.9,4.3,4.4,4.5,False,False
124212,720575940638167664,Sm32,optic,left,2.9,0.0,3.1,4.5,False,False
23195,720575940615251003,LHPD4b1b,central,left,2.9,11.4,0.0,0.0,False,False
72101,720575940625569566,LHAV5a2_a2,central,left,2.9,0.0,0.0,0.0,False,False
95247,720575940629783692,CB2522,central,right,2.9,4.3,3.8,4.5,False,False
46131,720575940620900555,Lai,optic,right,1.4,1.4,3.1,0.0,False,False
64672,720575940624147600,ORN_VC2,sensory,left,1.4,0.0,1.9,0.0,False,False
102727,720575940631190016,cM15,visual_centrifugal,right,1.4,0.0,1.2,4.5,False,False
64916,720575940624186185,SLPpm3_P01,central,right,1.4,0.0,0.0,0.0,False,False
28472,720575940616795476,CB2398,central,left,1.4,0.0,1.9,4.5,False,False
95468,720575940629827907,"vDeltaG,vDeltaH",central,left,1.4,0.0,0.6,0.0,False,False
65863,720575940624344072,SMP549,central,left,1.4,0.0,0.0,0.0,False,False
118030,720575940635515572,LHAV2b2a,central,left,1.4,0.0,0.0,0.0,False,False
22502,720575940615066310,SMP011a,central,right,1.4,1.4,1.2,0.0,False,False
115145,720575940634407520,FB4Y,central,right,1.4,0.0,0.0,0.0,False,False
14920,720575940612692889,DNg63,descending,left,1.4,0.0,0.6,4.5,False,False
74939,720575940626111619,ATL022,central,right,1.4,0.0,0.0,0.0,False,False
40623,720575940619834863,CB1748,central,right,1.4,0.0,0.0,0.0,False,False
128194,720575940639917400,CB3369,central,right,1.4,0.0,0.0,0.0,False,False
22226,720575940614984927,KCapbp-ap1,central,left,1.4,0.0,0.0,0.0,False,False
22266,720575940614998270,LHPV1c2,central,left,1.4,0.0,0.6,0.0,False,False
86934,720575940628219479,hDeltaC,central,right,1.4,5.7,5.0,4.5,False,False
30556,720575940617355993,PLP181,central,left,1.4,2.9,1.9,0.0,False,False
47934,720575940621213556,CRE040,central,right,1.4,0.0,0.0,0.0,False,False
61415,720575940623547133,M_l2PNm15,central,left,1.4,0.0,0.0,0.0,False,False
98972,720575940630506358,LAL129,central,left,1.4,1.4,0.0,0.0,False,False
87532,720575940628320515,vDeltaF,central,left,1.4,0.0,0.6,0.0,False,False
42800,720575940620297819,DNge123,descending,left,1.4,1.4,2.5,0.0,False,False
42812,720575940620300308,DNg97,descending,right,1.4,0.0,0.0,0.0,False,False
42925,720575940620321728,CL319,central,left,1.4,1.4,0.0,0.0,False,False
101329,720575940630933827,CRE103b,central,left,1.4,0.0,0.0,0.0,False,False
32898,720575940617943380,CB1104,central,right,1.4,0.0,0.0,0.0,False,False
41881,720575940620100884,CL002,central,right,1.4,0.0,0.0,0.0,False,False
63520,720575940623953900,PVLP150,central,left,1.4,1.4,0.6,0.0,False,False
55253,720575940622471721,hDeltaH,central,right,1.4,0.0,1.2,0.0,False,False
137323,720575940652993953,CB3555,central,left,1.4,1.4,1.2,0.0,False,False
53433,720575940622156148,PFR,central,left,1.4,0.0,0.6,0.0,False,False
53437,720575940622156976,cL11,visual_centrifugal,right,1.4,0.0,0.0,0.0,False,False
53582,720575940622186305,CL001,central,left,1.4,0.0,0.0,0.0,False,False
54514,720575940622339113,PVLP130,central,right,1.4,1.4,0.0,0.0,False,False
94894,720575940629709250,WED015,central,right,1.4,0.0,0.0,0.0,False,False
10591,720575940611119480,Lawf2,optic,right,1.4,1.4,1.9,0.0,False,False
35770,720575940618594022,DNp42,descending,left,1.4,0.0,0.6,0.0,False,False
20277,720575940614403178,DNae005,descending,right,1.4,1.4,1.2,4.5,False,False
73816,720575940625902266,IB038,central,right,1.4,4.3,1.2,0.0,False,False
73843,720575940625906088,CB2203,central,left,1.4,0.0,1.9,0.0,False,False
41442,720575940620012923,LAL141,central,right,1.4,0.0,0.0,0.0,False,False
8652,720575940610160789,vDeltaE,central,right,1.4,0.0,0.0,0.0,False,False
130457,720575940641148405,LAL193,central,left,1.4,0.0,0.0,0.0,False,False
34879,720575940618381012,Lai,optic,right,1.4,4.3,3.8,4.5,False,False
93903,720575940629501446,Lai,optic,right,1.4,1.4,4.4,4.5,False,False
39419,720575940619552561,CB2759,central,right,1.4,0.0,0.0,0.0,False,False
44911,720575940620689517,CRE040,central,left,1.4,0.0,0.0,0.0,False,False
42610,720575940620249941,vLN27,central,right,1.4,0.0,0.0,0.0,False,False
42703,720575940620272037,WEDPN3,central,left,1.4,1.4,0.6,4.5,False,False
119274,720575940635961711,CB1148,central,left,1.4,0.0,1.2,4.5,False,False
17305,720575940613425570,PLP071,central,right,1.4,1.4,1.2,0.0,False,False
23478,720575940615336754,CB2424,central,right,1.4,1.4,1.2,0.0,False,False
88284,720575940628437291,DNp35,descending,left,1.4,0.0,0.0,0.0,False,False
9153,720575940610427512,CB1245,central,right,1.4,0.0,0.0,0.0,False,False
39392,720575940619544779,FB5A,central,right,1.4,0.0,1.2,0.0,False,False
13152,720575940612120794,CB3073,central,right,1.4,2.9,0.6,0.0,False,False
13169,720575940612127706,CB1240,central,right,1.4,0.0,0.0,0.0,False,False
49157,720575940621423604,LHAV2g2_a,central,right,1.4,0.0,1.9,4.5,False,False
49285,720575940621446309,PS242,central,right,1.4,0.0,1.2,0.0,False,False
97749,720575940630260439,CB3073,central,left,1.4,2.9,0.6,0.0,False,False
112729,720575940633529548,DNg74_a,descending,left,1.4,0.0,0.0,0.0,False,False
127050,720575940639417432,"PS230,PLP242",central,right,1.4,0.0,0.6,0.0,False,False
6191,720575940608601865,LHPV3a1,central,left,1.4,0.0,0.0,0.0,False,False
46420,720575940620946957,LHAV2b2a,central,right,1.4,0.0,0.0,0.0,False,False
12525,720575940611890289,SMP154,central,left,1.4,0.0,0.0,0.0,False,False
71033,720575940625352852,CB0629,central,right,1.4,0.0,0.0,0.0,False,False
71552,720575940625455247,FB5A,central,right,1.4,1.4,4.4,0.0,False,False
132224,720575940643293837,SLPpm3_H02,central,right,1.4,0.0,0.0,0.0,False,False
67630,720575940624695629,M_l2PNm17,central,left,1.4,0.0,0.0,0.0,False,False
31988,720575940617716893,CL212,central,right,1.4,1.4,0.6,4.5,False,False
85680,720575940628003739,hDeltaA,central,left,1.4,0.0,1.2,0.0,False,False
48840,720575940621371124,LHAV4b2,central,left,1.4,0.0,2.5,0.0,False,False
27530,720575940616507865,PS050,central,right,1.4,1.4,1.2,4.5,False,False
76099,720575940626363529,SMP111,central,right,1.4,4.3,1.9,4.5,False,False
114173,720575940633992147,cM02b,visual_centrifugal,left,1.4,5.7,3.1,4.5,False,False
15261,720575940612794134,CB2436,central,right,1.4,0.0,0.0,0.0,False,False
12714,720575940611958994,CB3892a,central,center,1.4,0.0,1.2,4.5,False,False
12716,720575940611959091,CB2976,central,right,1.4,0.0,0.0,0.0,False,False
12735,720575940611965593,CB0312,central,right,1.4,0.0,0.6,0.0,False,False
39864,720575940619662539,SLPpm3_H02,central,left,1.4,0.0,0.0,0.0,False,False
39899,720575940619670352,VES048,central,left,1.4,0.0,0.0,0.0,False,False
39906,720575940619672128,Lawf2,optic,right,1.4,0.0,1.2,0.0,False,False
61377,720575940623540557,"vDeltaG,vDeltaH",central,left,1.4,0.0,0.0,0.0,False,False
48612,720575940621335167,CB0238,central,left,1.4,5.7,2.5,0.0,False,False
109408,720575940632651219,hDeltaA,central,right,1.4,0.0,1.2,0.0,False,False
62390,720575940623747145,MeMe_e02,optic,right,1.4,4.3,1.9,4.5,False,False
27133,720575940616394869,Lawf2,optic,right,1.4,2.9,1.9,0.0,False,False
13857,720575940612364693,Lawf2,optic,right,1.4,1.4,1.9,0.0,False,False
42031,720575940620129694,FB4Z,central,right,1.4,0.0,2.5,0.0,False,False
47191,720575940621081889,CB1485,central,left,1.4,0.0,0.6,0.0,False,False
64216,720575940624073452,FB5Y,central,right,1.4,1.4,3.1,4.5,False,False
64245,720575940624078153,CB2743,central,right,1.4,0.0,0.0,0.0,False,False
64385,720575940624100681,"LHAD1b2_a,LHAD1b2_c",central,right,1.4,0.0,0.0,0.0,False,False
104509,720575940631545960,DNg109,descending,right,1.4,1.4,2.5,4.5,False,False
60289,720575940623358099,FB4M,central,right,1.4,0.0,0.0,0.0,False,False
86003,720575940628059155,MTe15,visual_projection,right,1.4,0.0,0.6,0.0,False,False
104875,720575940631623417,LAL141,central,left,1.4,0.0,0.0,0.0,False,False
85346,720575940627946106,CB1570,central,right,1.4,0.0,0.0,0.0,False,False
132052,720575940643031240,CB2919,central,right,1.4,0.0,0.0,0.0,False,False
27210,720575940616410171,hDeltaH,central,left,1.4,0.0,1.9,0.0,False,False
27224,720575940616413894,LHPV2g1,central,right,1.4,0.0,0.0,0.0,False,False
30258,720575940617282075,AVLP019,central,right,1.4,0.0,0.0,0.0,False,False
34198,720575940618225067,vDeltaE,central,right,1.4,0.0,0.0,0.0,False,False
112640,720575940633500084,LHAV2b2a,central,right,1.4,0.0,0.0,0.0,False,False
9683,720575940610694098,LHPV6j1,central,left,1.4,0.0,0.0,0.0,False,False
123391,720575940637804915,FB4Z,central,left,1.4,0.0,1.2,0.0,False,False
59016,720575940623139976,LHPV6a1,central,left,1.4,0.0,0.0,0.0,False,False
96339,720575940629981440,MBON26,central,left,1.4,0.0,0.0,0.0,False,False
78556,720575940626822916,ORN_V,sensory,left,1.4,2.9,1.2,0.0,False,False
115276,720575940634460055,CB3092,central,right,1.4,0.0,0.0,0.0,False,False
14248,720575940612488142,SMP154,central,right,1.4,0.0,0.0,0.0,False,False
115699,720575940634646753,AVLP258,central,left,1.4,0.0,0.0,0.0,False,False
43864,720575940620514651,LHPV6d1,central,right,1.4,0.0,0.0,0.0,False,False
18789,720575940613897214,CB3048,central,left,1.4,5.7,2.5,4.5,False,False
11357,720575940611456661,SMP252,central,left,1.4,0.0,0.0,0.0,False,False
31879,720575940617688093,AVLP501,central,left,1.4,0.0,0.0,0.0,False,False
95999,720575940629924867,LHAV9a1_a,central,left,1.4,0.0,0.0,0.0,False,False
108631,720575940632469290,CL001,central,right,1.4,0.0,0.0,0.0,False,False
81009,720575940627204362,PS011,central,left,1.4,0.0,0.0,0.0,False,False
134185,720575940645352814,DNge040,descending,left,1.4,1.4,0.6,4.5,False,False
31867,720575940617684107,AVLP280,central,left,1.4,0.0,0.0,0.0,False,False
59741,720575940623262652,VES071,central,right,1.4,0.0,0.0,0.0,False,False
34681,720575940618332757,CB0644,central,right,1.4,0.0,0.0,0.0,False,False
57018,720575940622790271,mALB2,central,right,1.4,4.3,3.1,0.0,False,False
57127,720575940622811116,hDeltaC,central,left,1.4,5.7,6.2,4.5,False,False
28027,720575940616649845,DNpe003,descending,left,1.4,1.4,2.5,0.0,False,False
132596,720575940643814816,CB2199,central,left,1.4,0.0,0.0,0.0,False,False
97146,720575940630146871,AVLP501,central,right,1.4,0.0,0.0,0.0,False,False
49832,720575940621548108,mALD2,central,right,1.4,0.0,1.2,0.0,False,False
4376,720575940607206066,LHPV3b1_b,central,right,1.4,4.3,1.2,0.0,False,False
17363,720575940613436327,CL323b,central,right,1.4,2.9,1.9,4.5,False,False
17678,720575940613528682,LHAV3a1,central,left,1.4,4.3,2.5,4.5,False,False
39315,720575940619517233,LHPV2g1,central,right,1.4,0.0,0.0,0.0,False,False
38686,720575940619322221,FB4Z,central,left,1.4,0.0,2.5,0.0,False,False
38747,720575940619343952,SLP304a,central,left,1.4,1.4,1.9,0.0,False,False
79472,720575940626972090,FB4K,central,left,1.4,0.0,0.0,0.0,False,False
34328,720575940618252249,CB2005,central,right,1.4,0.0,0.0,0.0,False,False
78877,720575940626872932,cM17,visual_centrifugal,left,1.4,0.0,0.0,0.0,False,False
78988,720575940626889491,DNge124,descending,right,1.4,0.0,0.0,0.0,False,False
111205,720575940633095137,DNp71,descending,right,1.4,0.0,0.0,0.0,False,False
81955,720575940627349860,CSD,central,left,1.4,0.0,0.0,0.0,False,False
68441,720575940624853031,LHAV2b2a,central,right,1.4,0.0,0.0,0.0,False,False
68709,720575940624897516,DNg105,descending,left,1.4,0.0,0.0,0.0,False,False
68897,720575940624928956,SIP048,central,left,1.4,0.0,1.2,4.5,False,False
100784,720575940630826827,CB0258,central,left,1.4,0.0,1.2,9.1,False,False
32523,720575940617852765,Lawf2,optic,right,1.4,2.9,1.9,0.0,False,False
89785,720575940628716926,CRE103a,central,left,1.4,1.4,0.6,0.0,False,False
11861,720575940611644529,DNp06,descending,right,1.4,0.0,0.0,0.0,False,False
120466,720575940636521646,CRE001,central,left,1.4,0.0,3.1,4.5,False,False
69650,720575940625053186,PS174,central,right,1.4,0.0,0.0,0.0,False,False
69956,720575940625110967,LHPV7c1,central,left,1.4,0.0,0.0,0.0,False,False
118185,720575940635565816,CB1182,central,left,1.4,0.0,0.0,0.0,False,False
16666,720575940613207471,CRE103b,central,right,1.4,0.0,0.0,0.0,False,False
113449,720575940633754707,SLP421,central,left,1.4,0.0,1.9,0.0,False,False
113824,720575940633868951,CB2116,central,left,1.4,0.0,0.0,0.0,False,False
123645,720575940637929956,VES074,central,left,1.4,0.0,0.0,0.0,False,False
123753,720575940637978202,CB1739,central,left,1.4,1.4,0.0,0.0,False,False
66179,720575940624395528,CL286,central,left,1.4,1.4,0.0,0.0,False,False
118516,720575940635678871,AVLP053,central,left,1.4,0.0,0.0,0.0,False,False
118523,720575940635681198,CB3668,central,right,1.4,0.0,0.0,0.0,False,False
130549,720575940641238400,CB1056,central,right,1.4,1.4,2.5,4.5,False,False
8667,720575940610173304,Lawf2,optic,right,1.4,4.3,1.9,0.0,False,False
8840,720575940610258552,CB0603,central,left,1.4,2.9,1.9,0.0,False,False
99517,720575940630607738,DNae007,descending,left,1.4,0.0,0.0,0.0,False,False
99521,720575940630608236,LHPV6j1,central,right,1.4,0.0,0.0,0.0,False,False
74383,720575940626006200,CB0757,central,left,1.4,0.0,0.0,0.0,False,False
73662,720575940625874469,"LHPV4a1,LHPV4a2",central,right,1.4,4.3,1.2,0.0,False,False
103130,720575940631264083,PLP053a,central,right,1.4,0.0,0.0,0.0,False,False
92174,720575940629155227,DNpe021,descending,right,1.4,0.0,0.0,0.0,False,False
96228,720575940629961219,LAL010,central,left,1.4,0.0,0.0,0.0,False,False
27582,720575940616525429,LHAV2g2_b,central,left,1.4,2.9,1.9,4.5,False,False
110668,720575940632936332,CB0561,central,left,1.4,1.4,1.9,0.0,False,False
115834,720575940634697573,CB2600,central,right,1.4,0.0,0.6,4.5,False,False
47980,720575940621225313,CL286,central,right,1.4,0.0,0.0,0.0,False,False
62996,720575940623867911,LHAV2b2a,central,left,1.4,0.0,0.0,0.0,False,False
116018,720575940634771552,vLN27,central,left,1.4,0.0,0.0,0.0,False,False
67892,720575940624745203,CB2122,central,right,1.4,0.0,0.0,0.0,False,False
67899,720575940624746510,CL268,central,left,1.4,0.0,1.2,0.0,False,False
44184,720575940620573037,LHPV3a1,central,right,1.4,0.0,0.0,0.0,False,False
122969,720575940637635305,CB0172,central,right,1.4,0.0,0.0,0.0,False,False
57730,720575940622930200,CB3369,central,right,1.4,0.0,0.0,0.0,False,False
80187,720575940627083397,PVLP150,central,right,1.4,1.4,0.0,0.0,False,False
104984,720575940631642937,CB3114,central,right,1.4,0.0,0.0,0.0,False,False
29497,720575940617052466,Lai,optic,left,1.4,0.0,1.9,0.0,False,False
89502,720575940628661480,Lawf2,optic,left,1.4,2.9,4.4,4.5,False,False
32120,720575940617751089,PS052,central,left,1.4,0.0,0.6,0.0,False,False
121261,720575940636879534,DNpe013,descending,right,1.4,0.0,0.6,0.0,False,False
37019,720575940618902326,AVLP017,central,right,1.4,0.0,0.0,0.0,False,False
8860,720575940610270584,PS106,central,right,1.4,2.9,1.9,4.5,False,False
136383,720575940648564612,LHCENT5,central,right,1.4,0.0,0.0,0.0,False,False
99759,720575940630652798,LAL102,central,right,1.4,1.4,1.2,0.0,False,False
56109,720575940622637575,CB1545,central,left,1.4,2.9,3.8,9.1,False,False
51883,720575940621885957,CB1182,central,left,1.4,0.0,0.0,0.0,False,False
84148,720575940627740922,FC2B,central,left,1.4,4.3,4.4,0.0,False,False
29939,720575940617190361,CB0529,central,right,1.4,0.0,0.6,0.0,False,False
129976,720575940640773595,CB2230,central,right,1.4,1.4,1.2,4.5,False,False
83447,720575940627619057,SMPp&v1A_S02,central,right,1.4,0.0,0.0,0.0,False,False
108381,720575940632416668,CB1128,central,right,1.4,0.0,3.1,4.5,False,False
81368,720575940627261416,Lawf2,optic,right,1.4,0.0,1.2,0.0,False,False
81580,720575940627291402,CB2919,central,right,1.4,0.0,0.0,0.0,False,False
18763,720575940613887742,PS188a,central,left,1.4,1.4,1.2,4.5,False,False
51252,720575940621776161,M_l2PNm15,central,right,1.4,0.0,0.0,0.0,False,False
57279,720575940622843530,DNpe031,descending,right,1.4,2.9,1.2,0.0,False,False
57294,720575940622846099,vDeltaE,central,left,1.4,2.9,2.5,4.5,False,False
133149,720575940644438551,DNa01,descending,right,1.4,5.7,3.8,4.5,False,False
133197,720575940644492055,FB4Z,central,left,1.4,0.0,2.5,0.0,False,False
96854,720575940630086698,AVLP258,central,right,1.4,0.0,0.0,0.0,False,False
97084,720575940630133110,CB3923,central,center,1.4,1.4,0.6,0.0,False,False
57329,720575940622855924,Lai,optic,right,1.4,1.4,0.0,0.0,False,False
3228,720575940606436384,FB4Z,central,right,1.4,0.0,1.2,0.0,False,False
82929,720575940627517954,SIP015,central,right,1.4,1.4,3.8,4.5,False,False
82055,720575940627368250,CB1182,central,right,1.4,0.0,0.0,0.0,False,False
101345,720575940630936407,LHAV7a6,central,right,1.4,2.9,1.2,0.0,False,False
125221,720575940638627038,PLP208,central,left,1.4,1.4,0.6,0.0,False,False
106827,720575940632069583,Dm17,optic,right,1.4,8.6,4.4,4.5,False,False
106847,720575940632074521,vDeltaF,central,left,1.4,0.0,1.2,0.0,False,False
20009,720575940614324963,Lawf2,optic,right,1.4,0.0,1.2,0.0,False,False
36394,720575940618745424,FB4Z,central,right,1.4,0.0,1.2,0.0,False,False
121683,720575940637066352,FB4Z,central,right,1.4,0.0,0.6,0.0,False,False
126338,720575940639092925,CB2244,central,right,1.4,0.0,0.0,0.0,False,False
126267,720575940639068112,ORN_DL1,sensory,left,1.4,1.4,3.1,0.0,False,False
44064,720575940620552897,SLP456,central,right,1.4,0.0,0.0,0.0,False,False
126014,720575940638975184,CRE043,central,right,1.4,1.4,0.0,0.0,False,False
87525,720575940628319546,LAL115,central,right,1.4,0.0,0.0,0.0,False,False
87324,720575940628290307,LAL126,central,left,1.4,0.0,0.0,0.0,False,False
55391,720575940622497683,CB2509,central,left,1.4,1.4,0.6,0.0,False,False
55407,720575940622500172,DNg74_a,descending,right,1.4,0.0,0.0,0.0,False,False
102769,720575940631199739,Lawf2,optic,right,1.4,1.4,1.9,0.0,False,False
52780,720575940622057057,cM01c,visual_centrifugal,right,1.4,0.0,0.0,0.0,False,False
95082,720575940629749559,CB2616,central,right,1.4,5.7,2.5,4.5,False,False
83844,720575940627693845,CB2419,central,left,1.4,0.0,0.0,0.0,False,False
1632,720575940605379506,hDeltaA,central,right,1.4,0.0,3.1,0.0,False,False
84045,720575940627723657,CB0018,central,right,1.4,1.4,0.0,0.0,False,False
29415,720575940617034565,DNp07,descending,left,1.4,0.0,0.0,0.0,False,False
54105,720575940622271414,Lai,optic,left,0.0,1.4,0.0,0.0,False,False
54355,720575940622313398,OA-AL2i2,visual_centrifugal,left,0.0,0.0,1.2,4.5,False,False
35937,720575940618635072,PS146,central,left,0.0,1.4,0.6,4.5,False,False
106329,720575940631968599,CB0232,central,right,0.0,0.0,0.6,0.0,False,False
53640,720575940622195572,Sm38,optic,right,0.0,0.0,0.6,0.0,False,False
10695,720575940611167842,CB0862,central,left,0.0,0.0,0.6,4.5,False,False
10930,720575940611270257,CB1259,central,left,0.0,1.4,0.0,0.0,False,False
69141,720575940624972988,AVLP471,central,left,0.0,1.4,0.6,0.0,False,False
106159,720575940631933767,PLP097,central,left,0.0,2.9,0.0,0.0,False,False
83871,720575940627698584,Lawf2,optic,left,0.0,0.0,0.6,0.0,False,False
94275,720575940629574385,Lai,optic,right,0.0,0.0,1.2,0.0,False,False
1637,720575940605381065,CB2747,central,left,0.0,1.4,0.0,0.0,False,False
55547,720575940622523508,Li31,optic,right,0.0,0.0,0.6,4.5,False,False
52791,720575940622058364,CL267,central,left,0.0,5.7,1.9,4.5,False,False
82740,720575940627484956,CB3504,central,right,0.0,2.9,0.6,4.5,False,False
137592,720575940654069409,ORN_DA2,sensory,left,0.0,42.9,1.9,0.0,True,False
136859,720575940650581881,CB2908,central,left,0.0,2.9,2.5,4.5,False,False
36173,720575940618693035,SLP286,central,right,0.0,1.4,2.5,4.5,False,False
104971,720575940631639972,FB5M,central,left,0.0,0.0,0.6,0.0,False,False
7762,720575940609633378,ORN_DA2,sensory,right,0.0,45.7,0.0,0.0,True,False
25433,720575940615923131,ORN_DA2,sensory,right,0.0,37.1,0.0,0.0,True,False
25448,720575940615928386,aMe6c,optic,left,0.0,2.9,0.0,0.0,False,False
41993,720575940620123015,,central,right,0.0,0.0,0.6,0.0,False,False
47046,720575940621056982,CB3691,central,left,0.0,1.4,1.2,4.5,False,False
26083,720575940616095318,ORN_DA2,sensory,right,0.0,44.3,0.0,0.0,True,False
123096,720575940637678133,LHPV6f1,central,left,0.0,1.4,0.0,0.0,False,False
27738,720575940616567455,Lai,optic,right,0.0,0.0,1.2,0.0,False,False
133284,720575940644590116,ORN_DA2,sensory,right,0.0,35.7,0.0,0.0,True,False
3560,720575940606633248,DNge058,descending,left,0.0,2.9,1.9,4.5,False,False
80375,720575940627110824,AVLP315,central,right,0.0,1.4,0.0,0.0,False,False
80442,720575940627121436,CB0934,central,left,0.0,1.4,1.9,0.0,False,False
51335,720575940621787892,CL099c,central,left,0.0,0.0,1.2,0.0,False,False
133478,720575940644731592,Lawf2,optic,left,0.0,1.4,0.6,0.0,False,False
51568,720575940621822043,CB3016,central,right,0.0,1.4,2.5,4.5,False,False
20759,720575940614570415,PS059,central,left,0.0,1.4,0.0,0.0,False,False
111806,720575940633242449,,,,0.0,0.0,0.6,0.0,False,False
17558,720575940613493733,MeMe_e11,optic,right,0.0,1.4,0.6,0.0,False,False
132336,720575940643471008,IB065,central,left,0.0,1.4,0.6,4.5,False,False
3958,720575940606865330,CB0629,central,left,0.0,0.0,1.2,0.0,False,False
84527,720575940627805096,ORN_DA2,sensory,right,0.0,34.3,0.0,0.0,True,False
110996,720575940633031085,ORN_DA2,sensory,right,0.0,34.3,0.0,0.0,True,False
18144,720575940613671330,ORN_DA2,sensory,right,0.0,34.3,0.0,0.0,True,False
58261,720575940623017741,LHAD3g1,central,left,0.0,0.0,0.6,0.0,False,False
51537,720575940621817326,DNg11,descending,right,0.0,0.0,0.6,0.0,False,False
27614,720575940616536209,ORN_DA2,sensory,right,0.0,34.3,0.0,0.0,True,False
22910,720575940615175377,Sm32,optic,left,0.0,0.0,1.2,4.5,False,False
47347,720575940621106102,ORN_DA2,sensory,left,0.0,45.7,0.0,0.0,True,False
47627,720575940621151141,Lawf2,optic,left,0.0,2.9,1.9,0.0,False,False
6624,720575940608928324,ORN_DA2,sensory,left,0.0,30.0,0.0,0.0,True,False
63096,720575940623883815,,central,right,0.0,0.0,0.6,0.0,False,False
41073,720575940619935152,FC2B,central,right,0.0,0.0,0.6,0.0,False,False
115603,720575940634614367,ORN_DA2,sensory,right,0.0,34.3,0.0,0.0,True,False
42155,720575940620156209,CB0862,central,right,0.0,0.0,0.6,4.5,False,False
42164,720575940620156795,FC2B,central,left,0.0,0.0,1.2,0.0,False,False
58877,720575940623121697,Lai,optic,left,0.0,2.9,4.4,9.1,False,False
59015,720575940623139866,SMP025a,central,right,0.0,1.4,0.0,0.0,False,False
101403,720575940630947176,ORN_VM7d,sensory,left,0.0,1.4,1.2,0.0,False,False
120001,720575940636299895,LHAV2k10,central,right,0.0,2.9,1.9,4.5,False,False
11692,720575940611580718,Lai,optic,left,0.0,2.9,3.1,4.5,False,False
43694,720575940620480751,"ATL017,ATL018",central,left,0.0,0.0,0.6,0.0,False,False
43708,720575940620483444,CB1989,central,left,0.0,0.0,0.6,4.5,False,False
11874,720575940611648209,LHAV1a3,central,left,0.0,0.0,0.6,0.0,False,False
70854,720575940625314283,Lawf2,optic,left,0.0,2.9,1.2,4.5,False,False
80713,720575940627162344,FC2B,central,left,0.0,0.0,0.6,0.0,False,False
38251,720575940619210053,Lai,optic,left,0.0,1.4,1.2,4.5,False,False
134190,720575940645361175,Lawf2,optic,right,0.0,0.0,1.2,0.0,False,False
2214,720575940605777841,VES078,central,left,0.0,1.4,0.0,0.0,False,False
94443,720575940629609457,PVLP018,central,right,0.0,0.0,0.6,0.0,False,False
37196,720575940618946901,ORN_DA2,sensory,left,0.0,40.0,0.0,0.0,True,False
78435,720575940626802480,Lai,optic,right,0.0,2.9,1.2,0.0,False,False
119633,720575940636124596,CL265,central,left,0.0,0.0,0.6,0.0,False,False
67210,720575940624605162,Lawf2,optic,left,0.0,0.0,0.6,0.0,False,False
100016,720575940630695798,DNge060,descending,left,0.0,0.0,0.6,0.0,False,False
100174,720575940630722956,PAM01,central,left,0.0,1.4,0.6,0.0,False,False
4057,720575940606947970,KCg-m,central,left,0.0,1.4,1.2,0.0,False,False
112921,720575940633583820,Lai,optic,right,0.0,0.0,0.6,0.0,False,False
40081,720575940619707003,Lawf2,optic,right,0.0,0.0,0.6,0.0,False,False
86178,720575940628086607,ORN_DA2,sensory,left,0.0,34.3,0.0,0.0,True,False
59909,720575940623294955,PLP141,central,left,0.0,2.9,3.1,0.0,False,False
112631,720575940633498524,PLP248,central,right,0.0,1.4,0.0,0.0,False,False
123547,720575940637871706,CB3874,central,left,0.0,0.0,0.6,4.5,False,False
77374,720575940626620568,CL129,central,left,0.0,0.0,0.6,4.5,False,False
39376,720575940619539182,ORN_DA2,sensory,left,0.0,40.0,0.0,0.0,True,False
131402,720575940642262157,SIP065,central,right,0.0,1.4,0.6,0.0,False,False
72513,720575940625658755,CB1272,central,right,0.0,2.9,1.2,0.0,False,False
72588,720575940625671660,Lai,optic,right,0.0,1.4,2.5,4.5,False,False
23802,720575940615427734,ORN_DA2,sensory,right,0.0,34.3,0.0,0.0,True,False
127088,720575940639434318,CB0259,central,right,0.0,1.4,0.0,0.0,False,False
6176,720575940608588555,aSP-f3,central,left,0.0,0.0,0.6,0.0,False,False
48561,720575940621326597,PS022,central,left,0.0,0.0,1.2,4.5,False,False
62366,720575940623743415,SIP028,central,left,0.0,0.0,1.2,4.5,False,False
30335,720575940617297947,CB2120,central,right,0.0,0.0,0.6,0.0,False,False
30408,720575940617315189,aMe1,visual_projection,left,0.0,2.9,0.0,0.0,False,False
98659,720575940630444625,hDeltaA,central,left,0.0,0.0,0.6,0.0,False,False
98790,720575940630467415,CB1737,central,right,0.0,1.4,0.0,0.0,False,False
25547,720575940615954833,PS083b,central,right,0.0,0.0,0.6,0.0,False,False
6775,720575940609015876,VES020,central,left,0.0,1.4,0.0,0.0,False,False
64470,720575940624112127,Lawf2,optic,left,0.0,2.9,1.9,4.5,False,False
73122,720575940625772180,Lawf2,optic,left,0.0,0.0,0.6,0.0,False,False
102166,720575940631089152,Lawf2,optic,right,0.0,0.0,1.2,0.0,False,False
109436,720575940632659404,CB0337,central,left,0.0,0.0,0.6,0.0,False,False
60871,720575940623456949,PLP149,central,left,0.0,0.0,0.6,0.0,False,False
34506,720575940618291520,DNge060,descending,right,0.0,0.0,1.9,4.5,False,False
34626,720575940618317825,Lawf2,optic,right,0.0,0.0,1.9,0.0,False,False
16553,720575940613163994,Lawf2,optic,left,0.0,0.0,0.6,0.0,False,False
113759,720575940633844179,Lawf2,optic,left,0.0,0.0,1.2,4.5,False,False
118166,720575940635561335,"CL057,CL106",central,right,0.0,4.3,1.2,0.0,False,False
118184,720575940635565175,SMP042,central,right,0.0,1.4,0.6,0.0,False,False
118616,720575940635705963,ORN_DA2,sensory,right,0.0,48.6,0.0,0.0,True,False
114046,720575940633941293,CB0812,central,left,0.0,1.4,1.2,0.0,False,False
114109,720575940633971117,Lai,optic,right,0.0,0.0,0.6,0.0,False,False
76043,720575940626350157,Lai,optic,right,0.0,0.0,1.2,0.0,False,False
40226,720575940619738612,CB3587,central,right,0.0,0.0,0.6,0.0,False,False
15546,720575940612879783,CB2551,central,left,0.0,1.4,0.6,4.5,False,False
15549,720575940612879985,Lai,optic,left,0.0,2.9,1.2,0.0,False,False
61335,720575940623533749,PS049,central,left,0.0,0.0,0.6,0.0,False,False
129723,720575940640646461,Lai,optic,right,0.0,0.0,1.2,0.0,False,False
76157,720575940626373709,Lai,optic,right,0.0,0.0,1.2,0.0,False,False
76366,720575940626411097,ORN_DA2,sensory,na,0.0,41.4,0.0,0.0,True,False
39873,720575940619664448,Lawf2,optic,left,0.0,0.0,0.6,0.0,False,False
103999,720575940631442730,LHAD1c3,central,left,0.0,0.0,0.6,0.0,False,False
92811,720575940629287484,AVLP290b,central,left,0.0,1.4,0.6,0.0,False,False
27097,720575940616385759,Lawf2,optic,right,0.0,0.0,1.2,0.0,False,False
60734,720575940623437838,CB1013,central,right,0.0,0.0,0.6,4.5,False,False
134374,720575940645541155,CB2420,central,left,0.0,4.3,2.5,0.0,False,False
134717,720575940645866292,CB0362,central,left,0.0,0.0,0.6,0.0,False,False
56555,720575940622713578,ORN_DA2,sensory,right,0.0,41.4,0.0,0.0,True,False
37413,720575940618996382,CB2297,central,right,0.0,0.0,0.6,4.5,False,False
68488,720575940624860855,SMP081,central,right,0.0,1.4,0.0,0.0,False,False
68681,720575940624891389,Lawf2,optic,left,0.0,0.0,0.6,0.0,False,False
11307,720575940611437973,ORN_DA2,sensory,left,0.0,45.7,0.0,0.0,True,False
128217,720575940639931893,ORN_DA2,sensory,right,0.0,50.0,0.0,0.0,True,False
129239,720575940640379470,Lai,optic,right,0.0,0.0,1.2,0.0,False,False
86850,720575940628206664,Lawf2,optic,right,0.0,0.0,1.9,0.0,False,False
33683,720575940618116569,cL20,visual_centrifugal,left,0.0,2.9,0.6,4.5,False,False
74782,720575940626086158,M_lvPNm47,central,left,0.0,0.0,1.2,0.0,False,False
40838,720575940619883124,"SAD011,SAD019",central,right,0.0,4.3,1.2,0.0,False,False
30524,720575940617343956,Lawf2,optic,left,0.0,0.0,0.6,0.0,False,False
62571,720575940623785983,CRE006,central,left,0.0,1.4,1.2,0.0,False,False
47897,720575940621204139,Lawf2,optic,left,0.0,0.0,0.6,0.0,False,False
75476,720575940626236029,AVLP496a,central,left,0.0,2.9,0.6,4.5,False,False
87026,720575940628236169,PLP001,central,right,0.0,1.4,1.9,0.0,False,False
118875,720575940635807130,VESa2_P01,central,left,0.0,0.0,0.6,0.0,False,False
104500,720575940631544315,aMe6a,visual_projection,left,0.0,1.4,0.6,0.0,False,False
136055,720575940647756596,Sm32,optic,left,0.0,0.0,1.9,4.5,False,False
136428,720575940648661636,Lai,optic,right,0.0,1.4,1.9,0.0,False,False
662,720575940604451505,FB5H,central,right,0.0,0.0,1.2,0.0,False,False
118938,720575940635839077,CB0436,central,left,0.0,2.9,1.2,0.0,False,False
119235,720575940635951039,Lai,optic,left,0.0,1.4,1.2,4.5,False,False
61772,720575940623621157,WED091,central,right,0.0,1.4,0.6,0.0,False,False
108433,720575940632427112,Sm32,optic,left,0.0,0.0,2.5,4.5,False,False
135159,720575940646440558,Sm32,optic,right,0.0,0.0,1.2,0.0,False,False
55680,720575940622553420,ORN_DA2,sensory,right,0.0,28.6,0.0,0.0,True,False
28849,720575940616890162,Lai,optic,left,0.0,2.9,2.5,4.5,False,False
95484,720575940629830508,ORN_DA2,sensory,left,0.0,52.9,0.0,0.0,True,False
29324,720575940617011579,CB2467,central,right,0.0,1.4,1.2,4.5,False,False
19453,720575940614155882,ORN_VC1,sensory,right,0.0,0.0,1.9,0.0,False,False
13467,720575940612240918,KCapbp-ap2,central,right,0.0,1.4,0.0,0.0,False,False
13712,720575940612319155,ALIN8,central,right,0.0,1.4,0.6,0.0,False,False
91104,720575940628949839,SLP132,central,right,0.0,1.4,0.6,0.0,False,False
64940,720575940624189576,Lawf2,optic,left,0.0,2.9,1.2,0.0,False,False
65082,720575940624211470,ORN_DA2,sensory,right,0.0,37.1,0.0,0.0,True,False
46155,720575940620905163,SLP157,central,right,0.0,1.4,1.2,0.0,False,False
46339,720575940620932555,Lawf2,optic,left,0.0,2.9,3.8,4.5,False,False
46553,720575940620967846,LHAV7a7,central,left,0.0,0.0,1.9,4.5,False,False
116480,720575940634955188,ORN_DA2,sensory,left,0.0,41.4,0.0,0.0,True,False
138148,720575940659222657,ORN_DA2,sensory,right,0.0,44.3,0.0,0.0,True,False
816,720575940604649504,CB1128,central,left,0.0,0.0,1.2,4.5,False,False
28368,720575940616766169,AVLP078,central,right,0.0,0.0,0.6,0.0,False,False
